Reservoir,Site,DateTime,Depth_m,TN_ugL,TP_ugL,NH4_ugL,NO3NO2_ugL,SRP_ugL,DOC_mgL,Flag_TN,Flag_TP,Flag_NH4,Flag_NO3NO2,Flag_SRP,Flag_DOC
FCR,50,2013-04-04,0.8,NA,32.3,NA,NA,NA,NA,0,0,0,0,0,0
FCR,50,2013-04-04,1.6,NA,30.7,NA,NA,NA,NA,0,0,0,0,0,0
FCR,50,2013-04-04,2.8,NA,35.6,NA,NA,NA,NA,0,0,0,0,0,0
FCR,50,2013-04-04,5,NA,35.6,NA,NA,NA,NA,0,0,0,0,0,0
FCR,50,2013-04-04,6.2,NA,42.2,NA,NA,NA,NA,0,0,0,0,0,0
FCR,50,2013-04-04,8,NA,47.9,NA,NA,NA,NA,0,0,0,0,0,0
FCR,50,2013-04-11,0.1,NA,27,NA,NA,NA,NA,0,0,0,0,0,0
FCR,50,2013-04-11,0.8,NA,31.1,NA,NA,NA,NA,0,0,0,0,0,0
FCR,50,2013-04-11,1.6,NA,60.3,NA,NA,NA,NA,0,0,0,0,0,0
FCR,50,2013-04-11,2.8,NA,45.2,NA,NA,NA,NA,0,0,0,0,0,0
FCR,50,2013-04-11,3.8,NA,27,NA,NA,NA,NA,0,0,0,0,0,0
FCR,50,2013-04-11,5,NA,30.1,NA,NA,NA,NA,0,0,0,0,0,0
FCR,50,2013-04-11,6.2,NA,52.2,NA,NA,NA,NA,0,0,0,0,0,0
FCR,50,2013-04-11,8,NA,41.1,NA,NA,NA,NA,0,0,0,0,0,0
FCR,50,2013-04-18,0.1,NA,26,NA,NA,NA,NA,0,0,0,0,0,0
FCR,50,2013-04-18,0.8,NA,32.1,NA,NA,NA,NA,0,0,0,0,0,0
FCR,50,2013-04-18,1.6,NA,36.1,NA,NA,NA,NA,0,0,0,0,0,0
FCR,50,2013-04-18,2.8,NA,24.8,NA,NA,NA,NA,0,0,0,0,0,0
FCR,50,2013-04-18,3.8,NA,35,NA,NA,NA,NA,0,0,0,0,0,0
FCR,50,2013-04-18,5,NA,26.4,NA,NA,NA,NA,0,0,0,0,0,0
FCR,50,2013-04-18,6.2,NA,24,NA,NA,NA,NA,0,0,0,0,0,0
FCR,50,2013-04-18,8,NA,30.3,NA,NA,NA,NA,0,0,0,0,0,0
FCR,50,2013-04-25,0.1,NA,27.9,NA,NA,NA,NA,0,0,0,0,0,0
FCR,50,2013-04-25,0.8,NA,27.9,NA,NA,NA,NA,0,0,0,0,0,0
FCR,50,2013-04-25,1.6,NA,31.1,NA,NA,NA,NA,0,0,0,0,0,0
FCR,50,2013-04-25,2.8,NA,49.8,NA,NA,NA,NA,0,0,0,0,0,0
FCR,50,2013-04-25,3.8,NA,24,NA,NA,NA,NA,0,0,0,0,0,0
FCR,50,2013-04-25,5,NA,24,NA,NA,NA,NA,0,0,0,0,0,0
FCR,50,2013-04-25,6.2,NA,33.4,NA,NA,NA,NA,0,0,0,0,0,0
FCR,50,2013-04-25,8,NA,39.6,NA,NA,NA,NA,0,0,0,0,0,0
FCR,50,2013-05-02,0.1,NA,35.9,NA,NA,NA,NA,0,0,0,0,0,0
FCR,50,2013-05-02,0.8,NA,70.8,NA,NA,NA,NA,0,0,0,0,0,0
FCR,50,2013-05-02,1.6,NA,46.4,NA,NA,NA,NA,0,0,0,0,0,0
FCR,50,2013-05-02,2.8,NA,23.6,NA,NA,NA,NA,0,0,0,0,0,0
FCR,50,2013-05-02,3.8,NA,18.4,NA,NA,NA,NA,0,0,0,0,0,0
FCR,50,2013-05-02,5,NA,23.6,NA,NA,NA,NA,0,0,0,0,0,0
FCR,50,2013-05-02,6.2,NA,18.4,NA,NA,NA,NA,0,0,0,0,0,0
FCR,50,2013-05-02,8,NA,28.9,NA,NA,NA,NA,0,0,0,0,0,0
FCR,50,2013-05-09,0.1,NA,21.9,NA,NA,NA,NA,0,0,0,0,0,0
FCR,50,2013-05-09,0.8,NA,20.2,NA,NA,NA,NA,0,0,0,0,0,0
FCR,50,2013-05-09,1.6,NA,26.3,NA,NA,NA,NA,0,0,0,0,0,0
FCR,50,2013-05-09,2.8,NA,31.5,NA,NA,NA,NA,0,0,0,0,0,0
FCR,50,2013-05-09,3.8,NA,21.9,NA,NA,NA,NA,0,0,0,0,0,0
FCR,50,2013-05-09,5,NA,35.9,NA,NA,NA,NA,0,0,0,0,0,0
FCR,50,2013-05-09,6.2,NA,28,NA,NA,NA,NA,0,0,0,0,0,0
FCR,50,2013-05-09,8,NA,24.5,NA,NA,NA,NA,0,0,0,0,0,0
FCR,50,2013-05-16,0.1,NA,23.1,NA,NA,NA,NA,0,0,0,0,0,0
FCR,100,2013-05-16,0.1,NA,49.9,NA,NA,NA,NA,0,0,0,0,0,0
FCR,50,2013-05-16,0.8,NA,26.5,NA,NA,NA,NA,0,0,0,0,0,0
FCR,50,2013-05-16,1.6,NA,27.3,NA,NA,NA,NA,0,0,0,0,0,0
FCR,50,2013-05-16,2.8,NA,18.1,NA,NA,NA,NA,0,0,0,0,0,0
FCR,50,2013-05-16,3.8,NA,52.4,NA,NA,NA,NA,0,0,0,0,0,0
FCR,50,2013-05-16,5,NA,24,NA,NA,NA,NA,0,0,0,0,0,0
FCR,50,2013-05-16,6.2,NA,30.7,NA,NA,NA,NA,0,0,0,0,0,0
FCR,50,2013-05-16,8,NA,23.1,NA,NA,NA,NA,0,0,0,0,0,0
FCR,50,2013-05-23,0.1,NA,25.6,NA,NA,NA,NA,0,0,0,0,0,0
FCR,100,2013-05-23,0.1,NA,32.3,NA,NA,NA,NA,0,0,0,0,0,0
FCR,50,2013-05-23,0.8,NA,24,NA,NA,NA,NA,0,0,0,0,0,0
FCR,50,2013-05-23,1.6,NA,21.5,NA,NA,NA,NA,0,0,0,0,0,0
FCR,50,2013-05-23,2.8,NA,28.1,NA,NA,NA,NA,0,0,0,0,0,0
FCR,50,2013-05-23,3.8,NA,20.6,NA,NA,NA,NA,0,0,0,0,0,0
FCR,50,2013-05-23,5,NA,24.8,NA,NA,NA,NA,0,0,0,0,0,0
FCR,50,2013-05-23,6.2,NA,29.8,NA,NA,NA,NA,0,0,0,0,0,0
FCR,50,2013-05-23,8,NA,18.9,NA,NA,NA,NA,0,0,0,0,0,0
FCR,50,2013-05-30,0.1,NA,22.3,NA,NA,NA,NA,0,0,0,0,0,0
FCR,100,2013-05-30,0.1,NA,36.5,NA,NA,NA,NA,0,0,0,0,0,0
FCR,50,2013-05-30,0.8,NA,34.9,NA,NA,NA,NA,0,0,0,0,0,0
FCR,50,2013-05-30,1.6,NA,23.8,NA,NA,NA,NA,0,0,0,0,0,0
FCR,50,2013-05-30,2.8,NA,26.2,NA,NA,NA,NA,0,0,0,0,0,0
FCR,50,2013-05-30,3.8,NA,32.6,NA,NA,NA,NA,0,0,0,0,0,0
FCR,50,2013-05-30,5,NA,27,NA,NA,NA,NA,0,0,0,0,0,0
FCR,50,2013-05-30,6.2,NA,25.4,NA,NA,NA,NA,0,0,0,0,0,0
FCR,50,2013-05-30,8,NA,30.2,NA,NA,NA,NA,0,0,0,0,0,0
FCR,50,2013-06-06,0.1,NA,28.3,NA,NA,NA,NA,0,0,0,0,0,0
FCR,50,2013-06-06,0.8,NA,25.8,NA,NA,NA,NA,0,0,0,0,0,0
FCR,50,2013-06-06,1.6,NA,41.5,NA,NA,NA,NA,0,0,0,0,0,0
FCR,50,2013-06-06,2.8,NA,33.2,NA,NA,NA,NA,0,0,0,0,0,0
FCR,50,2013-06-06,3.8,NA,27.4,NA,NA,NA,NA,0,0,0,0,0,0
FCR,50,2013-06-06,5,NA,21.7,NA,NA,NA,NA,0,0,0,0,0,0
FCR,50,2013-06-06,6.2,NA,32.4,NA,NA,NA,NA,0,0,0,0,0,0
FCR,50,2013-06-06,8,NA,35.7,NA,NA,NA,NA,0,0,0,0,0,0
FCR,50,2013-06-13,0.1,NA,21.7,NA,NA,NA,NA,0,0,0,0,0,0
FCR,100,2013-06-13,0.1,NA,35.1,NA,NA,NA,NA,0,0,0,0,0,0
FCR,50,2013-06-13,1.6,NA,21.7,NA,NA,NA,NA,0,0,0,0,0,0
FCR,50,2013-06-13,3.8,NA,22.5,NA,NA,NA,NA,0,0,0,0,0,0
FCR,50,2013-06-13,5,NA,23.4,NA,NA,NA,NA,0,0,0,0,0,0
FCR,50,2013-06-13,6.2,NA,19.1,NA,NA,NA,NA,0,0,0,0,0,0
FCR,50,2013-06-13,8,NA,18.3,NA,NA,NA,NA,0,0,0,0,0,0
FCR,50,2013-06-20,0.1,NA,36.7,NA,NA,NA,NA,0,0,0,0,0,0
FCR,50,2013-06-20,0.8,NA,37.5,NA,NA,NA,NA,0,0,0,0,0,0
FCR,50,2013-06-20,1.6,NA,37.5,NA,NA,NA,NA,0,0,0,0,0,0
FCR,50,2013-06-20,2.8,NA,39.1,NA,NA,NA,NA,0,0,0,0,0,0
FCR,50,2013-06-20,3.8,NA,38.3,NA,NA,NA,NA,0,0,0,0,0,0
FCR,50,2013-06-20,5,NA,31.9,NA,NA,NA,NA,0,0,0,0,0,0
FCR,50,2013-06-20,6.2,NA,39.1,NA,NA,NA,NA,0,0,0,0,0,0
FCR,50,2013-06-20,8,NA,38.3,NA,NA,NA,NA,0,0,0,0,0,0
FCR,50,2013-06-27,0.1,NA,23.2,7,6,3,NA,0,0,0,0,0,0
FCR,100,2013-06-27,0.1,NA,41.4,0,91,15,NA,0,0,3,0,0,0
FCR,50,2013-06-27,0.8,NA,30.3,5,9,4,NA,0,0,0,0,0,0
FCR,50,2013-06-27,1.6,NA,28.8,4,8,4,NA,0,0,0,0,0,0
FCR,50,2013-06-27,2.8,NA,22.4,0,8,3,NA,0,0,3,0,0,0
FCR,50,2013-06-27,3.8,NA,NA,12,20,NA,NA,0,0,0,0,0,0
FCR,50,2013-06-27,5,NA,23.2,33,18,3,NA,0,0,0,0,0,0
FCR,50,2013-06-27,6.2,NA,27.2,34,16,4,NA,0,0,0,0,0,0
FCR,50,2013-06-27,8,NA,71.6,38,17,6,NA,0,0,0,0,0,0
FCR,50,2013-07-03,0.1,NA,38.9,20,26,4,NA,0,0,0,0,0,0
FCR,100,2013-07-03,0.1,NA,68.9,12,30,11,NA,0,0,0,0,0,0
FCR,50,2013-07-03,0.8,NA,48,25,13,4,NA,0,0,0,0,0,0
FCR,50,2013-07-03,1.6,NA,49.9,5,9,4,NA,0,0,0,0,0,0
FCR,50,2013-07-03,2.8,NA,74.4,6,15,3,NA,0,0,0,0,0,0
FCR,50,2013-07-03,3.8,NA,42.6,16,42,2,NA,0,0,0,0,0,0
FCR,50,2013-07-03,5,NA,45.3,43,24,8,NA,0,0,0,0,0,0
FCR,50,2013-07-03,6.2,NA,33.5,31,18,0,NA,0,0,0,0,3,0
FCR,50,2013-07-03,8,NA,35.3,42,16,2,NA,0,0,0,0,0,0
FCR,50,2013-07-11,0.1,NA,55.5,25,18,4,NA,0,0,0,0,0,0
FCR,100,2013-07-11,0.1,NA,48.8,11,31,10,NA,0,0,0,0,0,0
FCR,50,2013-07-11,0.8,NA,118.8,3,4,22,NA,0,0,0,0,0,0
FCR,50,2013-07-11,1.6,NA,42.2,2,4,4,NA,0,0,0,0,0,0
FCR,50,2013-07-11,2.8,NA,28,4,3,3,NA,0,0,0,0,0,0
FCR,50,2013-07-11,3.8,NA,24.7,9,9,4,NA,0,0,0,0,0,0
FCR,50,2013-07-11,5,NA,20.5,84,21,3,NA,0,0,0,0,0,0
FCR,50,2013-07-11,6.2,NA,23,78,22,0,NA,0,0,0,0,3,0
FCR,50,2013-07-11,8,NA,23.8,176,27,3,NA,0,0,0,0,0,0
FCR,50,2013-07-15,0.1,NA,29.3,NA,NA,NA,NA,0,0,0,0,0,0
FCR,100,2013-07-15,0.1,NA,35,NA,NA,NA,NA,0,0,0,0,0,0
FCR,50,2013-07-15,0.8,NA,35.9,NA,NA,NA,NA,0,0,0,0,0,0
FCR,50,2013-07-15,1.6,NA,27.7,NA,NA,NA,NA,0,0,0,0,0,0
FCR,50,2013-07-15,2.8,NA,28.5,NA,NA,NA,NA,0,0,0,0,0,0
FCR,50,2013-07-15,3.8,NA,21.1,NA,NA,NA,NA,0,0,0,0,0,0
FCR,50,2013-07-15,5,NA,21.9,NA,NA,NA,NA,0,0,0,0,0,0
FCR,50,2013-07-15,6.2,NA,17,NA,NA,NA,NA,0,0,0,0,0,0
FCR,50,2013-07-15,8,NA,21.1,NA,NA,NA,NA,0,0,0,0,0,0
FCR,100,2013-07-18,0.1,NA,NA,21,129,11,NA,0,0,0,0,0,0
FCR,50,2013-07-19,0.1,NA,43,19,23,5,NA,0,0,0,0,0,0
FCR,100,2013-07-19,0.1,NA,44.8,NA,NA,NA,NA,0,0,0,0,0,0
FCR,50,2013-07-19,0.8,NA,48,11,10,4,NA,0,0,0,0,0,0
FCR,50,2013-07-19,1.6,NA,60.5,7,44,4,NA,0,0,0,0,0,0
FCR,50,2013-07-19,2.8,NA,35.5,6,8,3,NA,0,0,0,0,0,0
FCR,50,2013-07-19,3.8,NA,42.2,48,56,5,NA,0,0,0,0,0,0
FCR,50,2013-07-19,5,NA,44.8,82,38,4,NA,0,0,0,0,0,0
FCR,50,2013-07-19,6.2,NA,76.6,48,45,8,NA,0,0,0,0,0,0
FCR,50,2013-07-19,8,NA,51.3,135,77,4,NA,0,0,0,0,0,0
FCR,50,2013-07-22,0.1,NA,32.5,NA,NA,NA,NA,0,0,0,0,0,0
FCR,50,2013-07-22,0.8,NA,37.4,NA,NA,NA,NA,0,0,0,0,0,0
FCR,50,2013-07-22,1.6,NA,55.4,NA,NA,NA,NA,0,0,0,0,0,0
FCR,50,2013-07-22,2.8,NA,89.7,NA,NA,NA,NA,0,0,0,0,0,0
FCR,50,2013-07-22,3.8,NA,41.5,NA,NA,NA,NA,0,0,0,0,0,0
FCR,50,2013-07-22,5,NA,26,NA,NA,NA,NA,0,0,0,0,0,0
FCR,50,2013-07-22,6.2,NA,51.3,NA,NA,NA,NA,0,0,0,0,0,0
FCR,50,2013-07-22,8,NA,38.2,NA,NA,NA,NA,0,0,0,0,0,0
FCR,50,2013-07-25,0.1,NA,36.2,12,9,6,NA,0,0,0,0,0,0
FCR,100,2013-07-25,0.1,NA,59.8,13,58,12,NA,0,0,0,0,0,0
FCR,50,2013-07-25,0.8,NA,70.7,6,5,6,NA,0,0,0,0,0,0
FCR,50,2013-07-25,1.6,NA,62.5,4,7,6,NA,0,0,0,0,0,0
FCR,50,2013-07-25,2.8,NA,23,15,12,2,NA,0,0,0,0,0,0
FCR,50,2013-07-25,3.8,NA,45.2,92,16,5,NA,0,0,0,0,0,0
FCR,50,2013-07-25,5,NA,62.6,19,20,16,NA,0,0,0,0,0,0
FCR,50,2013-07-25,6.2,NA,32.6,156,20,3,NA,0,0,0,0,0,0
FCR,50,2013-07-25,8,NA,98,30,15,10,NA,0,0,0,0,0,0
FCR,50,2013-07-29,0.1,NA,23.9,3,6,3,NA,0,0,0,0,0,0
FCR,100,2013-07-29,0.1,NA,52.6,0,66,13,NA,0,0,3,0,0,0
FCR,50,2013-07-29,0.8,NA,36.2,7,4,3,NA,0,0,0,0,0,0
FCR,50,2013-07-29,1.6,NA,76.4,3,4,4,NA,0,0,0,0,0,0
FCR,50,2013-07-29,2.8,NA,52.6,3,4,4,NA,0,0,0,0,0,0
FCR,50,2013-07-29,3.8,NA,38.6,7,6,4,NA,0,0,0,0,0,0
FCR,50,2013-07-29,5,NA,35.4,14,6,0,NA,0,0,0,0,3,0
FCR,50,2013-07-29,6.2,NA,40.3,54,14,3,NA,0,0,0,0,0,0
FCR,50,2013-07-29,8,NA,22.2,158,26,4,NA,0,0,0,0,0,0
FCR,50,2013-08-01,0.1,NA,51,5,4,4,NA,0,0,0,0,0,0
FCR,100,2013-08-01,0.1,NA,79.3,7,56,13,NA,0,0,0,0,0,0
FCR,50,2013-08-01,0.8,NA,51,60,0,4,NA,0,0,0,3,0,0
FCR,50,2013-08-01,1.6,NA,51.9,7,4,4,NA,0,0,0,0,0,0
FCR,50,2013-08-01,2.8,NA,68.5,4,5,3,NA,0,0,0,0,0,0
FCR,50,2013-08-01,3.8,NA,38.6,255,14,4,NA,0,0,0,0,0,0
FCR,50,2013-08-01,5,NA,40.2,107,16,3,NA,0,0,0,0,0,0
FCR,50,2013-08-01,6.2,NA,68.5,496,9,3,NA,0,0,0,0,0,0
FCR,50,2013-08-01,8,NA,53.5,919,11,4,NA,0,0,0,0,0,0
FCR,50,2013-08-05,0.1,NA,43.5,2,4,4,NA,0,0,0,0,0,0
FCR,100,2013-08-05,0.1,NA,36.4,17,70,14,NA,0,0,0,0,0,0
FCR,50,2013-08-05,0.8,NA,48.2,4,5,3,NA,0,0,0,0,0,0
FCR,50,2013-08-05,1.6,NA,45.8,12,6,3,NA,0,0,0,0,0,0
FCR,50,2013-08-05,2.8,NA,23,4,4,4,NA,0,0,0,0,0,0
FCR,50,2013-08-05,3.8,NA,18.3,2,4,3,NA,0,0,0,0,0,0
FCR,50,2013-08-05,5,NA,27.7,81,10,4,NA,0,0,0,0,0,0
FCR,50,2013-08-05,6.2,NA,13.6,95,10,2,NA,0,0,0,0,0,0
FCR,50,2013-08-05,8,NA,43.5,95,9,2,NA,0,0,0,0,0,0
FCR,50,2013-08-08,0.1,NA,43.7,17,10,4,NA,0,0,0,0,0,0
FCR,100,2013-08-08,0.1,NA,61.7,7,66,16,NA,0,0,0,0,0,0
FCR,50,2013-08-08,0.8,NA,25.7,10,5,4,NA,0,0,0,0,0,0
FCR,50,2013-08-08,1.6,NA,24.1,6,5,4,NA,0,0,0,0,0,0
FCR,50,2013-08-08,2.8,NA,25.7,4,2,4,NA,0,0,0,0,0,0
FCR,50,2013-08-08,3.8,NA,56.8,100,10,4,NA,0,0,0,0,0,0
FCR,50,2013-08-08,5,NA,34.7,113,10,3,NA,0,0,0,0,0,0
FCR,50,2013-08-08,6.2,NA,36.4,73,9,3,NA,0,0,0,0,0,0
FCR,50,2013-08-08,8,NA,26.5,105,8,4,NA,0,0,0,0,0,0
FCR,50,2013-08-12,0.1,NA,23.5,7,4,3,NA,0,0,0,0,0,0
FCR,100,2013-08-12,0.1,NA,36.6,NA,NA,NA,NA,0,0,0,0,0,0
FCR,50,2013-08-12,0.8,NA,20.7,3,2,4,NA,0,0,0,0,0,0
FCR,50,2013-08-12,1.6,NA,22.1,3,2,5,NA,0,0,0,0,0,0
FCR,50,2013-08-12,2.8,NA,22.8,3,1,4,NA,0,0,0,0,0,0
FCR,50,2013-08-12,3.8,NA,22.1,4,5,3,NA,0,0,0,0,0,0
FCR,50,2013-08-12,5,NA,15.9,74,6,3,NA,0,0,0,0,0,0
FCR,50,2013-08-12,6.2,NA,13.8,121,8,4,NA,0,0,0,0,0,0
FCR,50,2013-08-12,8,NA,15.9,129,10,3,NA,0,0,0,0,0,0
FCR,100,2013-08-14,0.1,NA,NA,17,78,16,NA,0,0,0,0,0,0
FCR,50,2013-08-15,0.1,NA,37.6,7,2,4,NA,0,0,0,0,0,0
FCR,100,2013-08-15,0.1,NA,52.2,8,62,15,NA,0,0,0,0,0,0
FCR,50,2013-08-15,0.8,NA,31.6,4,2,5,NA,0,0,0,0,0,0
FCR,50,2013-08-15,1.6,NA,27.3,4,2,4,NA,0,0,0,0,0,0
FCR,50,2013-08-15,2.8,NA,40.2,8,2,4,NA,0,0,0,0,0,0
FCR,50,2013-08-15,3.8,NA,26.5,98,7,3,NA,0,0,0,0,0,0
FCR,50,2013-08-15,5,NA,28.2,113,6,4,NA,0,0,0,0,0,0
FCR,50,2013-08-15,6.2,NA,17.9,153,8,4,NA,0,0,0,0,0,0
FCR,50,2013-08-15,8,NA,19.6,157,8,1,NA,0,0,0,0,0,0
FCR,50,2013-08-21,0.1,NA,23.7,8,5,4,NA,0,0,0,0,0,0
FCR,100,2013-08-21,0.1,NA,44.9,24,62,14,NA,0,0,0,0,0,0
FCR,50,2013-08-21,0.8,NA,21.9,9,5,4,NA,0,0,0,0,0,0
FCR,50,2013-08-21,1.6,NA,26.4,10,2,4,NA,0,0,0,0,0,0
FCR,50,2013-08-21,2.8,NA,32.8,21,6,6,NA,0,0,0,0,0,0
FCR,50,2013-08-21,3.8,NA,27.4,19,4,4,NA,0,0,0,0,0,0
FCR,50,2013-08-21,5,NA,30.1,103,6,4,NA,0,0,0,0,0,0
FCR,50,2013-08-21,6.2,NA,13.7,153,16,5,NA,0,0,0,0,0,0
FCR,50,2013-08-21,8,NA,30.1,163,11,4,NA,0,0,0,0,0,0
FCR,50,2013-08-28,0.8,NA,21,12,4,5,NA,0,0,0,0,0,0
FCR,50,2013-08-28,1.6,NA,NA,15,7,4,NA,0,0,0,0,0,0
FCR,50,2013-08-28,2.8,NA,33.6,7,4,4,NA,0,0,0,0,0,0
FCR,50,2013-08-28,5,NA,19.2,172,10,4,NA,0,0,0,0,0,0
FCR,50,2013-08-28,6.2,NA,NA,238,13,4,NA,0,0,0,0,0,0
FCR,50,2013-08-28,8,NA,21.9,201,10,1,NA,0,0,0,0,0,0
FCR,100,2013-09-04,0.1,NA,42.7,11,80,18,NA,0,0,0,0,0,0
FCR,50,2013-09-04,0.8,NA,38.1,8,4,4,NA,0,0,0,0,0,0
FCR,50,2013-09-04,2.8,NA,45.3,5,2,4,NA,0,0,0,0,0,0
FCR,50,2013-09-04,5,NA,22.8,144,9,4,NA,0,0,0,0,0,0
FCR,50,2013-09-04,8,NA,18.3,208,16,4,NA,0,0,0,0,0,0
FCR,50,2013-09-05,0.1,NA,NA,16,5,4,NA,0,0,0,0,0,0
FCR,50,2013-09-05,1.6,NA,NA,15,4,4,NA,0,0,0,0,0,0
FCR,50,2013-09-05,3.8,NA,NA,242,11,4,NA,0,0,0,0,0,0
FCR,50,2013-09-05,6.2,NA,NA,234,12,3,NA,0,0,0,0,0,0
FCR,50,2013-09-11,0.1,NA,24.8,5,3,1,NA,0,0,0,0,0,0
FCR,100,2013-09-11,0.1,NA,68.7,7,26,14,NA,0,0,0,0,0,0
FCR,50,2013-09-11,0.8,NA,59.7,6,5,4,NA,0,0,0,0,0,0
FCR,50,2013-09-11,1.6,NA,45.4,5,2,4,NA,0,0,0,0,0,0
FCR,50,2013-09-11,2.8,NA,25.6,6,2,4,NA,0,0,0,0,0,0
FCR,50,2013-09-11,3.8,NA,55.2,4,4,4,NA,0,0,0,0,0,0
FCR,50,2013-09-11,5,NA,28.3,111,13,4,NA,0,0,0,0,0,0
FCR,50,2013-09-11,6.2,NA,40,209,16,3,NA,0,0,0,0,0,0
FCR,50,2013-09-11,8,NA,40,202,15,4,NA,0,0,0,0,0,0
FCR,50,2013-09-18,0.1,NA,16.1,6,6,4,NA,0,0,0,0,0,0
FCR,100,2013-09-18,0.1,NA,40.8,7,18,10,NA,0,0,0,0,0,0
FCR,50,2013-09-18,0.8,NA,16.1,7,2,3,NA,0,0,0,0,0,0
FCR,50,2013-09-18,1.6,NA,17.1,4,3,4,NA,0,0,0,0,0,0
FCR,50,2013-09-18,2.8,NA,17.1,3,2,3,NA,0,0,0,0,0,0
FCR,50,2013-09-18,3.8,NA,28,5,5,1,NA,0,0,0,0,0,0
FCR,50,2013-09-18,5,NA,19.8,131,14,4,NA,0,0,0,0,0,0
FCR,50,2013-09-18,6.2,NA,18.9,211,18,4,NA,0,0,0,0,0,0
FCR,50,2013-09-18,8,NA,17.1,220,16,4,NA,0,0,0,0,0,0
FCR,50,2013-09-25,0.1,NA,27.1,13,4,5,NA,0,0,0,0,0,0
FCR,100,2013-09-25,0.1,NA,46.7,NA,NA,NA,NA,0,0,0,0,0,0
FCR,50,2013-09-25,0.8,NA,17.1,8,4,4,NA,0,0,0,0,0,0
FCR,50,2013-09-25,1.6,NA,20.7,7,4,5,NA,0,0,0,0,0,0
FCR,50,2013-09-25,2.8,NA,21.6,8,3,5,NA,0,0,0,0,0,0
FCR,50,2013-09-25,3.8,NA,25.3,7,6,6,NA,0,0,0,0,0,0
FCR,50,2013-09-25,5,NA,18.9,137,14,4,NA,0,0,0,0,0,0
FCR,50,2013-09-25,6.2,NA,30.8,276,19,5,NA,0,0,0,0,0,0
FCR,50,2013-09-25,8,NA,18.9,282,18,0,NA,0,0,0,0,3,0
FCR,100,2013-09-28,0.1,NA,NA,12,23,10,NA,0,0,0,0,0,0
FCR,50,2013-10-09,0.1,NA,42.5,13,4,7,NA,0,0,0,0,0,0
FCR,100,2013-10-09,0.1,NA,NA,21,19,10,NA,0,0,0,0,0,0
FCR,50,2013-10-09,0.8,NA,43.7,11,6,6,NA,0,0,0,0,0,0
FCR,50,2013-10-09,1.6,NA,44.9,10,9,5,NA,0,0,0,0,0,0
FCR,50,2013-10-09,2.8,NA,47.2,8,4,5,NA,0,0,0,0,0,0
FCR,50,2013-10-09,3.8,NA,56.5,7,6,5,NA,0,0,0,0,0,0
FCR,50,2013-10-09,5,NA,27.4,148,22,5,NA,0,0,0,0,0,0
FCR,50,2013-10-09,6.2,NA,34.4,363,28,1,NA,0,0,0,0,0,0
FCR,50,2013-10-09,8,NA,32.1,410,35,5,NA,0,0,0,0,0,0
FCR,50,2013-10-16,0.1,NA,24.5,10,4,5,NA,0,0,0,0,0,0
FCR,100,2013-10-16,0.1,NA,NA,8,4,9,NA,0,0,0,0,0,0
FCR,50,2013-10-16,0.8,NA,22.6,10,6,5,NA,0,0,0,0,0,0
FCR,50,2013-10-16,1.6,NA,20.8,9,4,1,NA,0,0,0,0,0,0
FCR,50,2013-10-16,2.8,NA,20.8,17,6,1,NA,0,0,0,0,0,0
FCR,50,2013-10-16,3.8,NA,21.7,11,5,5,NA,0,0,0,0,0,0
FCR,50,2013-10-16,5,NA,19.8,93,14,5,NA,0,0,0,0,0,0
FCR,50,2013-10-16,6.2,NA,16.1,438,36,6,NA,0,0,0,0,0,0
FCR,50,2013-10-16,8,NA,18,502,30,5,NA,0,0,0,0,0,0
FCR,50,2013-10-23,0.1,NA,36,8,5,5,NA,0,0,0,0,0,0
FCR,100,2013-10-23,0.1,NA,NA,9,4,9,NA,0,0,0,0,0,0
FCR,50,2013-10-23,0.8,NA,NA,6,4,NA,NA,0,0,0,0,0,0
FCR,50,2013-10-23,1.6,NA,36.9,8,4,5,NA,0,0,0,0,0,0
FCR,50,2013-10-23,2.8,NA,19.2,6,0,5,NA,0,0,0,3,0,0
FCR,50,2013-10-23,3.8,NA,16.4,11,6,6,NA,0,0,0,0,0,0
FCR,50,2013-10-23,5,NA,17.4,89,9,6,NA,0,0,0,0,0,0
FCR,50,2013-10-23,6.2,NA,15.5,462,32,7,NA,0,0,0,0,0,0
FCR,50,2013-10-23,8,NA,13.6,486,40,5,NA,0,0,0,0,0,0
FCR,50,2013-10-30,0.1,NA,28,20,7,4,NA,0,0,0,0,0,0
FCR,100,2013-10-30,0.1,NA,NA,14,8,16,NA,0,0,0,0,0,0
FCR,50,2013-10-30,0.8,NA,24.5,23,7,5,NA,0,0,0,0,0,0
FCR,50,2013-10-30,1.6,NA,25.3,31,8,4,NA,0,0,0,0,0,0
FCR,50,2013-10-30,2.8,NA,19.2,40,9,4,NA,0,0,0,0,0,0
FCR,50,2013-10-30,3.8,NA,19.2,43,9,5,NA,0,0,0,0,0,0
FCR,50,2013-10-30,5,NA,20.1,54,8,6,NA,0,0,0,0,0,0
FCR,50,2013-10-30,6.2,NA,17.4,54,9,6,NA,0,0,0,0,0,0
FCR,50,2013-10-30,8,NA,20.1,56,11,5,NA,0,0,0,0,0,0
FCR,50,2013-11-06,0.1,NA,11.2,47,10,4,NA,0,0,0,0,0,0
FCR,100,2013-11-06,0.1,NA,NA,8,11,10,NA,0,0,0,0,0,0
FCR,50,2013-11-06,0.8,NA,13,43,10,4,NA,0,0,0,0,0,0
FCR,50,2013-11-06,1.6,NA,20.9,45,12,4,NA,0,0,0,0,0,0
FCR,50,2013-11-06,2.8,NA,19.2,48,61,4,NA,0,0,0,0,0,0
FCR,50,2013-11-06,3.8,NA,13,44,13,5,NA,0,0,0,0,0,0
FCR,50,2013-11-06,5,NA,12.1,45,14,5,NA,0,0,0,0,0,0
FCR,50,2013-11-06,6.2,NA,11.2,45,13,4,NA,0,0,0,0,0,0
FCR,50,2013-11-06,8,NA,15.6,42,13,3,NA,0,0,0,0,0,0
FCR,50,2013-11-20,0.1,NA,NA,32,16,5,NA,0,0,0,0,0,0
FCR,50,2013-11-20,0.8,NA,NA,27,14,6,NA,0,0,0,0,0,0
FCR,50,2013-11-20,1.6,NA,NA,27,16,5,NA,0,0,0,0,0,0
FCR,50,2013-11-20,2.8,NA,NA,31,15,4,NA,0,0,0,0,0,0
FCR,50,2013-11-20,3.8,NA,NA,29,17,4,NA,0,0,0,0,0,0
FCR,50,2013-11-20,5,NA,NA,27,15,1,NA,0,0,0,0,0,0
FCR,50,2013-11-20,6.2,NA,NA,27,18,5,NA,0,0,0,0,0,0
FCR,50,2013-11-20,8,NA,NA,31,15,6,NA,0,0,0,0,0,0
FCR,50,2013-12-04,0.1,NA,NA,24,4,4,NA,0,0,0,0,0,0
FCR,50,2013-12-04,0.8,NA,NA,7,2,4,NA,0,0,0,0,0,0
FCR,50,2013-12-04,1.6,NA,NA,7,3,2,NA,0,0,0,0,0,0
FCR,50,2013-12-04,2.8,NA,NA,7,2,2,NA,0,0,0,0,0,0
FCR,50,2013-12-04,3.8,NA,NA,9,1,2,NA,0,0,0,0,0,0
FCR,50,2013-12-04,5,NA,NA,8,1,3,NA,0,0,0,0,0,0
FCR,50,2013-12-04,6.2,NA,NA,10,2,5,NA,0,0,0,0,0,0
FCR,50,2013-12-04,8,NA,NA,0,1,3,NA,0,0,3,0,0,0
FCR,50,2014-01-15,0.1,NA,NA,15,16,1,NA,0,0,0,0,0,0
FCR,50,2014-01-15,0.8,NA,NA,14,21,2,NA,0,0,0,0,0,0
FCR,50,2014-01-15,1.6,NA,NA,14,14,3,NA,0,0,0,0,0,0
FCR,50,2014-01-15,2.8,NA,NA,19,13,2,NA,0,0,0,0,0,0
FCR,50,2014-01-15,3.8,NA,NA,14,14,3,NA,0,0,0,0,0,0
FCR,50,2014-01-15,5,NA,NA,15,17,3,NA,0,0,0,0,0,0
FCR,50,2014-01-15,6.2,NA,NA,14,13,2,NA,0,0,0,0,0,0
FCR,50,2014-01-15,8,NA,NA,13,13,2,NA,0,0,0,0,0,0
FCR,50,2014-02-24,0.1,NA,NA,28,7,3,NA,0,0,0,0,0,0
FCR,50,2014-02-24,0.8,NA,NA,14,6,2,NA,0,0,0,0,0,0
FCR,50,2014-02-24,1.6,NA,NA,13,5,2,NA,0,0,0,0,0,0
FCR,50,2014-02-24,2.8,NA,NA,10,5,2,NA,0,0,0,0,0,0
FCR,50,2014-02-24,3.8,NA,NA,10,7,2,NA,0,0,0,0,0,0
FCR,50,2014-02-24,5,NA,NA,6,3,1,NA,0,0,0,0,0,0
FCR,50,2014-02-24,6.2,NA,NA,8,6,3,NA,0,0,0,0,0,0
FCR,50,2014-02-24,8,NA,NA,8,6,3,NA,0,0,0,0,0,0
FCR,50,2014-02-24,9,NA,NA,9,6,2,NA,0,0,0,0,0,0
FCR,50,2014-03-07,0.1,NA,NA,14,5,3,NA,0,0,0,0,0,0
FCR,50,2014-03-07,0.8,NA,NA,8,3,3,NA,0,0,0,0,0,0
FCR,50,2014-03-07,1.6,NA,NA,9,3,2,NA,0,0,0,0,0,0
FCR,50,2014-03-07,2.8,NA,NA,7,3,2,NA,0,0,0,0,0,0
FCR,50,2014-03-07,3.8,NA,NA,6,2,2,NA,0,0,0,0,0,0
FCR,50,2014-03-07,5,NA,NA,9,1,2,NA,0,0,0,0,0,0
FCR,50,2014-03-07,6.2,NA,NA,7,3,2,NA,0,0,0,0,0,0
FCR,50,2014-03-07,8,NA,NA,12,7,2,NA,0,0,0,0,0,0
FCR,50,2014-03-07,9,NA,NA,8,2,2,NA,0,0,0,0,0,0
FCR,50,2014-03-20,0.1,150,21.2,45,3,3,NA,0,0,0,0,0,0
FCR,50,2014-03-20,0.8,126,8.4,NA,NA,NA,NA,0,0,0,0,0,0
FCR,50,2014-03-20,1.6,162,16.8,12,3,2,NA,0,0,0,0,0,0
FCR,50,2014-03-20,2.8,170,22.2,9,3,2,NA,0,0,0,0,0,0
FCR,50,2014-03-20,3.8,190,16.3,NA,NA,NA,NA,0,0,0,0,0,0
FCR,50,2014-03-20,5,199,21.7,6,1,2,NA,0,0,0,0,0,0
FCR,50,2014-03-20,6.2,205,19.6,7,2,2,NA,0,0,0,0,0,0
FCR,50,2014-03-20,8,161,20.5,7,3,2,NA,0,0,0,0,0,0
FCR,50,2014-03-20,9,196,19.3,8,2,4,NA,0,0,0,0,0,0
FCR,50,2014-04-01,0.1,147,15.6,10,3,2,NA,0,0,0,0,0,0
FCR,100,2014-04-01,0.1,NA,NA,9,73,7,NA,0,0,0,0,0,0
FCR,50,2014-04-01,0.8,147,15.6,6,2,2,NA,0,0,0,0,0,0
FCR,50,2014-04-01,1.6,161,18.8,5,1,2,NA,0,0,0,0,0,0
FCR,50,2014-04-01,2.8,142,12.3,5,1,2,NA,0,0,0,0,0,0
FCR,50,2014-04-01,3.8,160,17.3,6,3,4,NA,0,0,0,0,0,0
FCR,50,2014-04-01,5,165,18.5,5,2,0,NA,0,0,0,0,3,0
FCR,50,2014-04-01,6.2,175,20.1,5,3,2,NA,0,0,0,0,0,0
FCR,50,2014-04-01,8,172,16.6,6,6,1,NA,0,0,0,0,0,0
FCR,50,2014-04-01,9,182,19.4,10,8,1,NA,0,0,0,0,0,0
FCR,50,2014-04-08,0.1,190,16.7,5,1,2,NA,0,0,0,0,0,0
FCR,100,2014-04-08,0.1,NA,NA,10,61,7,NA,0,0,0,0,0,0
FCR,50,2014-04-08,0.8,219,19.8,9,2,3,NA,0,0,0,0,0,0
FCR,50,2014-04-08,1.6,NA,NA,10,2,3,NA,0,0,0,0,0,0
FCR,50,2014-04-08,2.8,171,14.3,7,2,3,NA,0,0,0,0,0,0
FCR,50,2014-04-08,3.8,293,18.8,8,2,3,NA,0,0,0,0,0,0
FCR,50,2014-04-08,5,184,16.4,7,2,4,NA,0,0,0,0,0,0
FCR,50,2014-04-08,6.2,242,23.4,6,1,4,NA,0,0,0,0,0,0
FCR,50,2014-04-08,8,140,12.7,7,1,3,NA,0,0,0,0,0,0
FCR,50,2014-04-08,9,213,20.7,7,1,2,NA,0,0,0,0,0,0
FCR,50,2014-04-16,0.1,249,17.6,6,3,2,NA,0,0,0,0,0,0
FCR,100,2014-04-16,0.1,NA,NA,8,46,6,NA,0,0,0,0,0,0
FCR,50,2014-04-16,0.8,229,14.9,10,6,2,NA,0,0,0,0,0,0
FCR,50,2014-04-16,1.6,386,18.6,20,4,3,NA,0,0,0,0,0,0
FCR,50,2014-04-16,2.8,198,17,15,3,2,NA,0,0,0,0,0,0
FCR,50,2014-04-16,3.8,268,18.4,8,2,3,NA,0,0,0,0,0,0
FCR,50,2014-04-16,5,232,20.8,7,1,3,NA,0,0,0,0,0,0
FCR,50,2014-04-16,6.2,199,16.5,8,2,3,NA,0,0,0,0,0,0
FCR,50,2014-04-16,8,219,13.7,NA,NA,NA,NA,0,0,0,0,0,0
FCR,50,2014-04-16,9,243,20.2,15,1,4,NA,0,0,0,0,0,0
FCR,50,2014-04-21,0.1,143,13.6,16,3,3,1.9,0,0,0,0,0,0
FCR,100,2014-04-21,0.1,NA,NA,10,38,6,1.5,0,0,0,0,0,0
FCR,50,2014-04-21,0.8,292,11.6,12,3,3,NA,0,0,0,0,0,0
FCR,50,2014-04-21,1.6,157,12.9,7,1,1,NA,0,0,0,0,0,0
FCR,50,2014-04-21,2.8,158,11.8,3,0,1,NA,0,0,0,3,0,0
FCR,50,2014-04-21,3.8,180,16.6,6,0,2,NA,0,0,0,3,0,0
FCR,50,2014-04-21,5,224,23,7,1,3,NA,0,0,0,0,0,0
FCR,50,2014-04-21,6.2,220,23.4,10,1,4,NA,0,0,0,0,0,0
FCR,50,2014-04-21,8,215,15.3,12,2,2,NA,0,0,0,0,0,0
FCR,50,2014-04-21,9,255,22,9,2,3,2.1,0,0,0,0,0,0
FCR,50,2014-04-23,0.1,128,9.3,NA,NA,NA,NA,0,0,0,0,0,0
FCR,50,2014-04-23,0.8,336,12.7,NA,NA,NA,NA,0,0,0,0,0,0
FCR,50,2014-04-23,1.6,190,10.7,NA,NA,NA,NA,0,0,0,0,0,0
FCR,50,2014-04-23,2.8,201,12.5,NA,NA,NA,NA,0,0,0,0,0,0
FCR,50,2014-04-23,3.8,178,9.9,NA,NA,NA,NA,0,0,0,0,0,0
FCR,50,2014-04-23,5,171,12.2,NA,NA,NA,NA,0,0,0,0,0,0
FCR,50,2014-04-23,8,227,12.2,NA,NA,NA,NA,0,0,0,0,0,0
FCR,50,2014-04-23,9,419,15.7,NA,NA,NA,NA,0,0,0,0,0,0
FCR,50,2014-04-28,0.1,164,13,32,5,3,2.3,0,0,0,0,0,0
FCR,100,2014-04-28,0.1,NA,NA,14,50,9,3.4,0,0,0,0,0,0
FCR,50,2014-04-28,0.8,361,17.6,25,12,7,NA,0,0,0,0,0,0
FCR,50,2014-04-28,1.6,208,15.2,12,9,8,NA,0,0,0,0,0,0
FCR,50,2014-04-28,2.8,234,16.5,10,5,2,NA,0,0,0,0,0,0
FCR,50,2014-04-28,3.8,240,12.4,NA,NA,NA,NA,0,0,0,0,0,0
FCR,50,2014-04-28,5,222,10.6,12,5,10,NA,0,0,0,0,0,0
FCR,50,2014-04-28,6.2,158,10.1,12,6,5,NA,0,0,0,0,0,0
FCR,50,2014-04-28,8,208,12.5,9,9,4,NA,0,0,0,0,0,0
FCR,50,2014-04-28,9,161,11.3,10,6,4,1.9,0,0,0,0,0,0
FCR,50,2014-05-05,0.1,188,13.7,19,6,3,1.9,0,0,0,0,0,0
FCR,100,2014-05-05,0.1,NA,NA,15,13,2,2,0,0,0,0,0,0
FCR,50,2014-05-05,0.8,163,16.2,10,2,3,NA,0,0,0,0,0,0
FCR,50,2014-05-05,1.6,158,13.5,7,0,2,NA,0,0,0,3,0,0
FCR,50,2014-05-05,2.8,147,14.9,11,1,3,NA,0,0,0,0,0,0
FCR,50,2014-05-05,3.8,156,13.6,6,1,2,NA,0,0,0,0,0,0
FCR,50,2014-05-05,5,154,12.8,10,2,4,1.8,0,0,0,0,0,0
FCR,50,2014-05-05,6.2,210,14.9,18,2,3,NA,0,0,0,0,0,0
FCR,50,2014-05-05,8,140,9.1,20,3,2,NA,0,0,0,0,0,0
FCR,50,2014-05-05,9,156,10.8,20,3,2,1.8,0,0,0,0,0,0
FCR,50,2014-05-12,0.1,157,12.4,4,0,2,1.9,0,0,0,3,0,0
FCR,100,2014-05-12,0.1,NA,NA,5,13,1,2,0,0,0,0,0,0
FCR,50,2014-05-12,0.8,154,14.8,7,2,2,NA,0,0,0,0,0,0
FCR,50,2014-05-12,1.6,150,11.7,7,2,2,NA,0,0,0,0,0,0
FCR,50,2014-05-12,2.8,147,11.3,6,1,1,NA,0,0,0,0,0,0
FCR,50,2014-05-12,3.8,156,12.6,9,2,2,NA,0,0,0,0,0,0
FCR,50,2014-05-12,5,153,12.5,12,1,1,NA,0,0,0,0,0,0
FCR,50,2014-05-12,6.2,164,9,11,2,1,NA,0,0,0,0,0,0
FCR,50,2014-05-12,8,152,9.4,15,5,1,NA,0,0,0,0,0,0
FCR,50,2014-05-12,9,221,16,10,3,1,1.8,0,0,0,0,0,0
FCR,50,2014-05-19,0.1,181,11.2,4,2,3,2,0,0,0,0,0,0
FCR,100,2014-05-19,0.1,NA,NA,11,14,4,1.9,0,0,0,0,0,0
FCR,50,2014-05-19,0.8,212,15.5,4,1,3,NA,0,0,0,0,0,0
FCR,50,2014-05-19,1.6,157,14.5,7,2,3,NA,0,0,0,0,0,0
FCR,50,2014-05-19,2.8,179,17.6,6,12,3,NA,0,0,0,0,0,0
FCR,50,2014-05-19,3.8,170,11,8,2,3,NA,0,0,0,0,0,0
FCR,50,2014-05-19,5,174,11.6,7,1,3,1.8,0,0,0,0,0,0
FCR,50,2014-05-19,6.2,158,10.8,6,2,3,NA,0,0,0,0,0,0
FCR,50,2014-05-19,8,151,10,6,2,3,NA,0,0,0,0,0,0
FCR,50,2014-05-19,9,168,10.6,9,3,4,1.8,0,0,0,0,0,0
FCR,50,2014-05-26,0.1,145,10.8,7,2,5,1.9,0,0,0,0,0,0
FCR,100,2014-05-26,0.1,NA,NA,8,16,4,1.9,0,0,0,0,0,0
FCR,50,2014-05-26,0.8,152,11.6,6,4,4,NA,0,0,0,0,0,0
FCR,50,2014-05-26,1.6,NA,NA,7,2,3,NA,0,0,0,0,0,0
FCR,50,2014-05-26,2.8,163,14.1,7,1,2,NA,0,0,0,0,0,0
FCR,50,2014-05-26,3.8,173,11.5,6,2,3,NA,0,0,0,0,0,0
FCR,50,2014-05-26,5,159,11.1,9,1,3,2.1,0,0,0,0,0,0
FCR,50,2014-05-26,6.2,157,10.5,11,2,3,NA,0,0,0,0,0,0
FCR,50,2014-05-26,8,142,10.5,7,2,2,NA,0,0,0,0,0,0
FCR,50,2014-05-26,9,161,10.8,9,3,3,2,0,0,0,0,0,0
FCR,50,2014-06-02,0.1,203,10.9,5,4,4,1.9,0,0,0,0,0,0
FCR,100,2014-06-02,0.1,NA,NA,12,25,5,2.1,0,0,0,0,0,0
FCR,50,2014-06-02,0.8,178,15.2,13,4,6,NA,0,0,0,0,0,0
FCR,50,2014-06-02,1.6,184,12.1,12,3,4,NA,0,0,0,0,0,0
FCR,50,2014-06-02,2.8,177,18.2,10,2,4,NA,0,0,0,0,0,0
FCR,50,2014-06-02,3.8,183,15.3,6,2,4,NA,0,0,0,0,0,0
FCR,50,2014-06-02,5,166,11.3,7,3,4,NA,0,0,0,0,0,0
FCR,50,2014-06-02,6.2,159,12.7,12,4,4,NA,0,0,0,0,0,0
FCR,50,2014-06-02,8,135,9.4,7,3,4,NA,0,0,0,0,0,0
FCR,50,2014-06-02,9,178,17.2,9,2,3,2,0,0,0,0,0,0
FCR,50,2014-06-09,0.1,166,15.3,6,2,5,1.9,0,0,0,0,0,0
FCR,100,2014-06-09,0.1,NA,NA,14,49,10,1.9,0,0,0,0,0,0
FCR,50,2014-06-09,0.8,194,12.6,10,3,21,NA,0,0,0,0,0,0
FCR,50,2014-06-09,1.6,203,11.4,1,4,6,NA,0,0,0,0,0,0
FCR,50,2014-06-09,2.8,187,13,8,3,4,NA,0,0,0,0,0,0
FCR,50,2014-06-09,3.8,182,11.3,5,1,3,NA,0,0,0,0,0,0
FCR,50,2014-06-09,5,171,9.5,34,5,6,2.3,0,0,0,0,0,0
FCR,50,2014-06-09,6.2,193,11.1,28,4,6,NA,0,0,0,0,0,0
FCR,50,2014-06-09,8,261,17.3,71,5,4,NA,0,0,0,0,0,0
FCR,50,2014-06-09,9,286,24.8,47,74,3,2.1,0,0,0,0,0,0
FCR,50,2014-06-16,0.1,214.9,14.9,34,3,5,2.2,0,0,0,0,0,0
FCR,100,2014-06-16,0.1,NA,NA,9,36,6,1.9,0,0,0,0,0,0
FCR,50,2014-06-16,0.8,134.7,12.9,17,3,46,NA,0,0,0,0,0,0
FCR,50,2014-06-16,1.6,137.7,14.5,13,4,4,NA,0,0,0,0,0,0
FCR,50,2014-06-16,2.8,134.7,11.7,6,2,3,NA,0,0,0,0,0,0
FCR,50,2014-06-16,3.8,154.6,16.7,8,4,4,NA,0,0,0,0,0,0
FCR,50,2014-06-16,5,133.7,8.9,27,4,19,NA,0,0,0,0,0,0
FCR,50,2014-06-16,6.2,161.6,13.2,42,4,4,NA,0,0,0,0,0,0
FCR,50,2014-06-16,8,213.8,13.5,115,5,4,NA,0,0,0,0,0,0
FCR,50,2014-06-16,9,252.2,15.1,124,6,4,1.8,0,0,0,0,0,0
FCR,50,2014-06-23,0.1,151.6,13.9,9,4,5,2,0,0,0,0,0,0
FCR,100,2014-06-23,0.1,NA,NA,8,29,5,1.8,0,0,0,0,0,0
FCR,50,2014-06-23,0.8,162.7,15.9,8,3,6,NA,0,0,0,0,0,0
FCR,50,2014-06-23,1.6,225,20.7,8,1,4,NA,0,0,0,0,0,0
FCR,50,2014-06-23,2.8,182.1,31.2,10,3,5,NA,0,0,0,0,0,0
FCR,50,2014-06-23,3.8,231,22.4,7,2,4,NA,0,0,0,0,0,0
FCR,50,2014-06-23,5,195,21.2,6,2,3,NA,0,0,0,0,0,0
FCR,50,2014-06-23,6.2,204,20.3,36,6,4,NA,0,0,0,0,0,0
FCR,50,2014-06-23,8,235.6,14.1,126,8,4,NA,0,0,0,0,0,0
FCR,50,2014-06-23,9,311.9,17.4,177,9,9,2.1,0,0,0,0,0,0
FCR,50,2014-06-29,0.1,282,23.8,4,0,7,2.3,0,0,0,3,0,0
FCR,100,2014-06-29,0.1,NA,NA,7,26,6,2.1,0,0,0,0,0,0
FCR,50,2014-06-29,0.8,225,20.9,8,1,9,NA,0,0,0,0,0,0
FCR,50,2014-06-29,1.6,330,18.8,13,2,8,NA,0,0,0,0,0,0
FCR,50,2014-06-29,2.8,205,23.5,10,1,6,NA,0,0,0,0,0,0
FCR,50,2014-06-29,3.8,284,22.5,9,1,9,NA,0,0,0,0,0,0
FCR,50,2014-06-29,5,212,20.3,22,1,9,1.8,0,0,0,0,0,0
FCR,50,2014-06-29,6.2,220,17.3,56,2,8,NA,0,0,0,0,0,0
FCR,50,2014-06-29,8,213,19.8,97,2,7,NA,0,0,0,0,0,0
FCR,50,2014-06-29,9,350,20.6,202,2,9,2.9,0,0,0,0,0,0
FCR,50,2014-06-30,0.1,220,18.9,5,1,8,2,0,0,0,0,0,0
FCR,100,2014-06-30,0.1,NA,NA,5,24,8,1.9,0,0,0,0,0,0
FCR,50,2014-06-30,0.8,257,18.4,10,1,7,NA,0,0,0,0,0,0
FCR,50,2014-06-30,1.6,216,17,8,1,9,NA,0,0,0,0,0,0
FCR,50,2014-06-30,2.8,211,16.9,11,1,8,NA,0,0,0,0,0,0
FCR,50,2014-06-30,3.8,220,23,8,1,9,NA,0,0,0,0,0,0
FCR,50,2014-06-30,5,211,22,14,2,6,1.9,0,0,0,0,0,0
FCR,50,2014-06-30,6.2,197,16.9,41,4,7,NA,0,0,0,0,0,0
FCR,50,2014-06-30,8,197,21,54,2,6,NA,0,0,0,0,0,0
FCR,50,2014-06-30,9,263,11,58,2,4,1.9,0,0,0,0,0,0
FCR,50,2014-07-07,0.1,311,20.2,5,1,8,1.8,0,0,0,0,0,0
FCR,100,2014-07-07,0.1,NA,NA,11,24,8,2,0,0,0,0,0,0
FCR,50,2014-07-07,0.8,196,17.1,4,1,8,NA,0,0,0,0,0,0
FCR,50,2014-07-07,1.6,217,15.7,6,1,8,NA,0,0,0,0,0,0
FCR,50,2014-07-07,2.8,218,21.1,6,1,10,NA,0,0,0,0,0,0
FCR,50,2014-07-07,3.8,163,8,5,0,8,NA,0,0,0,3,0,0
FCR,50,2014-07-07,5,183,13.3,10,1,7,1.9,0,0,0,0,0,0
FCR,50,2014-07-07,6.2,180,18.1,22,1,6,NA,0,0,0,0,0,0
FCR,50,2014-07-07,8,183,22.3,28,2,6,NA,0,0,0,0,0,0
FCR,50,2014-07-07,9,252,23.5,32,1,7,2,0,0,0,0,0,0
FCR,50,2014-07-14,0.1,224,15.1,5,1,7,2.4,0,0,0,0,0,0
FCR,100,2014-07-14,0.1,NA,NA,13,30,9,2.1,0,0,0,0,0,0
FCR,50,2014-07-14,0.8,251,19.3,6,1,9,NA,0,0,0,0,0,0
FCR,50,2014-07-14,1.6,194,24.4,6,1,7,NA,0,0,0,0,0,0
FCR,50,2014-07-14,2.8,256,21.1,6,1,8,NA,0,0,0,0,0,0
FCR,50,2014-07-14,3.8,274,21.3,9,1,7,NA,0,0,0,0,0,0
FCR,50,2014-07-14,5,235,24.1,10,2,7,2,0,0,0,0,0,0
FCR,50,2014-07-14,6.2,233,24.2,39,2,7,NA,0,0,0,0,0,0
FCR,50,2014-07-14,8,156,25.6,38,2,7,NA,0,0,0,0,0,0
FCR,50,2014-07-14,9,214,27.7,38,2,6,2,0,0,0,0,0,0
FCR,50,2014-07-21,0.1,139.6,11.1,0,1,13,2.3,0,0,3,0,0,0
FCR,100,2014-07-21,0.1,NA,NA,24,52,5,2.3,0,0,0,0,0,0
FCR,50,2014-07-21,0.8,167.7,14.2,12,1,6,NA,0,0,0,0,0,0
FCR,50,2014-07-21,1.6,167.7,13.3,2,3,7,NA,0,0,0,0,0,0
FCR,50,2014-07-21,2.8,189.4,32.5,5,5,5,NA,0,0,0,0,0,0
FCR,50,2014-07-21,3.8,186.3,16.1,4,4,13,NA,0,0,0,0,0,0
FCR,50,2014-07-21,5,188.4,17.1,4,4,NA,4.1,0,0,0,0,0,0
FCR,50,2014-07-21,6.2,167.7,15.4,6,4,5,NA,0,0,0,0,0,0
FCR,50,2014-07-21,8,168.8,15,9,3,4,NA,0,0,0,0,0,0
FCR,50,2014-07-21,9,207,17,10,6,5,1.9,0,0,0,0,0,0
FCR,50,2014-07-28,0.1,165.7,13.8,15,2,6,2.4,0,0,0,0,0,0
FCR,100,2014-07-28,0.1,NA,NA,8,34,7,2.1,0,0,0,0,0,0
FCR,50,2014-07-28,0.8,165.7,14.1,12,3,7,NA,0,0,0,0,0,0
FCR,50,2014-07-28,1.6,162.7,13.4,5,3,6,NA,0,0,0,0,0,0
FCR,50,2014-07-28,2.8,174.9,16,1,3,5,NA,0,0,0,0,0,0
FCR,50,2014-07-28,3.8,184.2,15.5,6,2,5,NA,0,0,0,0,0,0
FCR,50,2014-07-28,5,169.8,15.5,8,5,4,1.7,0,0,0,0,0,0
FCR,50,2014-07-28,6.2,167.7,20.5,15,1,4,NA,0,0,0,0,0,0
FCR,50,2014-07-28,8,150.6,17.6,8,4,3,NA,0,0,0,0,0,0
FCR,50,2014-07-28,9,174.9,18.8,10,4,4,2,0,0,0,0,0,0
FCR,50,2014-08-04,0.1,171.8,14.8,2,3,5,2.1,0,0,0,0,0,0
FCR,100,2014-08-04,0.1,NA,NA,14,33,9,2.1,0,0,0,0,0,0
FCR,50,2014-08-04,0.8,166.7,12.9,4,2,5,NA,0,0,0,0,0,0
FCR,50,2014-08-04,1.6,155.6,13.3,19,1,6,NA,0,0,0,0,0,0
FCR,50,2014-08-04,2.8,163.7,15.9,4,3,6,NA,0,0,0,0,0,0
FCR,50,2014-08-04,3.8,190.5,18.2,6,4,5,NA,0,0,0,0,0,0
FCR,50,2014-08-04,5,165.7,24.8,14,5,5,1.8,0,0,0,0,0,0
FCR,50,2014-08-04,6.2,145.6,13.6,2,1,3,NA,0,0,0,0,0,0
FCR,50,2014-08-04,8,192.6,20.1,25,5,4,NA,0,0,0,0,0,0
FCR,50,2014-08-04,9,465.1,40.2,91,0,6,2.2,0,0,0,3,0,0
FCR,50,2014-08-11,0.1,153.6,13.2,2,6,4,2.2,0,0,0,0,0,0
FCR,100,2014-08-11,0.1,NA,NA,10,42,8,2.3,0,0,0,0,0,0
FCR,50,2014-08-11,0.8,194.7,15.9,17,3,5,NA,0,0,0,0,0,0
FCR,50,2014-08-11,1.6,177,15.4,4,4,4,NA,0,0,0,0,0,0
FCR,50,2014-08-11,2.8,187.3,18,14,1,7,NA,0,0,0,0,0,0
FCR,50,2014-08-11,3.8,177,16.2,14,4,3,NA,0,0,0,0,0,0
FCR,50,2014-08-11,5,219.2,13.6,12,4,4,1.6,0,0,0,0,0,0
FCR,50,2014-08-11,6.2,188.4,14.9,26,2,2,NA,0,0,0,0,0,0
FCR,50,2014-08-11,8,205.3,18.9,32,9,5,NA,0,0,0,0,0,0
FCR,50,2014-08-11,9,279.4,20.8,176,4,5,2.8,0,0,0,0,0,0
FCR,50,2014-08-18,0.1,169.8,12.9,5,4,7,2.4,0,0,0,0,0,0
FCR,100,2014-08-18,0.1,NA,NA,8,30,7,2.1,0,0,0,0,0,0
FCR,50,2014-08-18,0.8,171.8,12.9,1,6,18,NA,0,0,0,0,0,0
FCR,50,2014-08-18,1.6,208.5,18,4,2,6,NA,0,0,0,0,0,0
FCR,50,2014-08-18,2.8,180.1,21.4,1,6,9,NA,0,0,0,0,0,0
FCR,50,2014-08-18,3.8,205.3,24.1,8,5,5,NA,0,0,0,0,0,0
FCR,50,2014-08-18,5,187.3,17.7,6,5,9,2,0,0,0,0,0,0
FCR,50,2014-08-18,6.2,214.9,16.6,41,5,4,NA,0,0,0,0,0,0
FCR,50,2014-08-18,8,321.4,23.8,100,7,4,NA,0,0,0,0,0,0
FCR,50,2014-08-18,9,1084.2,15.1,830,6,15,2.9,0,0,0,0,0,0
FCR,50,2014-08-25,0.1,167.7,13,4,6,6,2.4,0,0,0,0,0,0
FCR,100,2014-08-25,0.1,NA,NA,14,33,8,2.1,0,0,0,0,0,0
FCR,50,2014-08-25,0.8,173.9,12.6,5,1,5,NA,0,0,0,0,0,0
FCR,50,2014-08-25,1.6,159.6,6.3,10,20,8,NA,0,0,0,0,0,0
FCR,50,2014-08-25,2.8,264.6,27.7,5,3,8,NA,0,0,0,0,0,0
FCR,50,2014-08-25,3.8,225.7,21,4,2,4,NA,0,0,0,0,0,0
FCR,50,2014-08-25,5,151.6,11.2,3,3,5,1.6,0,0,0,0,0,0
FCR,50,2014-08-25,6.2,163.7,17.4,7,8,4,NA,0,0,0,0,0,0
FCR,50,2014-08-25,8,173.9,18.2,8,2,4,NA,0,0,0,0,0,0
FCR,50,2014-08-25,9,159.6,13.7,7,5,5,1.9,0,0,0,0,0,0
FCR,50,2014-09-03,0.1,162.7,13,4,3,6,2.1,0,0,0,0,0,0
FCR,100,2014-09-03,0.1,NA,NA,13,74,12,1.8,0,0,0,0,0,0
FCR,50,2014-09-03,0.8,162.7,18.7,7,3,7,NA,0,0,0,0,0,0
FCR,50,2014-09-03,1.6,151.6,10.6,4,3,7,NA,0,0,0,0,0,0
FCR,50,2014-09-03,2.8,164.7,19.8,6,3,7,NA,0,0,0,0,0,0
FCR,50,2014-09-03,3.8,214.9,21.8,8,4,5,NA,0,0,0,0,0,0
FCR,50,2014-09-03,5,204.2,21.7,10,1,5,2,0,0,0,0,0,0
FCR,50,2014-09-03,6.2,181.1,16.9,7,2,2,NA,0,0,0,0,0,0
FCR,50,2014-09-03,8,177,1.2,7,1,3,NA,0,0,0,0,0,0
FCR,50,2014-09-03,9,162.7,20.9,6,1,5,1.9,0,0,0,0,0,0
FCR,50,2014-09-08,0.1,189,20.5,4,2,6,2.6,0,0,0,0,0,0
FCR,100,2014-09-08,0.1,NA,NA,19,88,4,2.2,0,0,0,0,0,0
FCR,50,2014-09-08,0.8,185,11.6,5,1,4,NA,0,0,0,0,0,0
FCR,50,2014-09-08,1.6,184,10.9,6,1,6,NA,0,0,0,0,0,0
FCR,50,2014-09-08,2.8,188,15.4,26,1,6,NA,0,0,0,0,0,0
FCR,50,2014-09-08,3.8,216,20.5,12,2,5,NA,0,0,0,0,0,0
FCR,50,2014-09-08,5,202,13.2,13,1,5,1.9,0,0,0,0,0,0
FCR,50,2014-09-08,6.2,182,14.7,10,1,6,NA,0,0,0,0,0,0
FCR,50,2014-09-08,8,188,14,10,1,2,NA,0,0,0,0,0,0
FCR,50,2014-09-08,9,199,12.1,12,2,4,1.9,0,0,0,0,0,0
FCR,50,2014-09-15,0.1,165,20.4,4,1,3,2.6,0,0,0,0,0,0
FCR,100,2014-09-15,0.1,NA,NA,33,62,5,2,0,0,0,0,0,0
FCR,50,2014-09-15,0.8,171,16.6,4,2,5,NA,0,0,0,0,0,0
FCR,50,2014-09-15,1.6,170,18.1,4,2,5,NA,0,0,0,0,0,0
FCR,50,2014-09-15,2.8,177,17.8,6,2,7,NA,0,0,0,0,0,0
FCR,50,2014-09-15,3.8,177,17.7,6,2,6,NA,0,0,0,0,0,0
FCR,50,2014-09-15,5,197,28.7,23,3,6,1.6,0,0,0,0,0,0
FCR,50,2014-09-15,6.2,213,22.5,18,3,5,NA,0,0,0,0,0,0
FCR,50,2014-09-15,8,207,14.5,46,0,4,NA,0,0,0,3,0,0
FCR,50,2014-09-15,9,189,18.8,35,3,5,2.1,0,0,0,0,0,0
FCR,50,2014-09-22,0.1,213,14.9,4,1,6,2.2,0,0,0,0,0,0
FCR,100,2014-09-22,0.1,NA,NA,12,NA,9,1.9,0,0,0,0,0,0
FCR,50,2014-09-22,0.8,201,12.6,6,0,6,NA,0,0,0,3,0,0
FCR,50,2014-09-22,1.6,183,13.4,10,2,4,NA,0,0,0,0,0,0
FCR,50,2014-09-22,2.8,192,10.4,6,2,7,NA,0,0,0,0,0,0
FCR,50,2014-09-22,3.8,197,13.6,8,1,5,NA,0,0,0,0,0,0
FCR,50,2014-09-22,5,262,25.3,7,1,5,1.8,0,0,0,0,0,0
FCR,50,2014-09-22,6.2,181,13.4,7,1,4,NA,0,0,0,0,0,0
FCR,50,2014-09-22,8,192,12.2,16,0,3,NA,0,0,0,3,0,0
FCR,50,2014-09-22,9,200,10.7,32,2,5,1.7,0,0,0,0,0,0
FCR,50,2014-09-29,0.1,193,15.5,3,1,6,2.4,0,0,0,0,0,0
FCR,100,2014-09-29,0.1,NA,NA,8,84,13,1.7,0,0,0,0,0,0
FCR,50,2014-09-29,0.8,209,14.4,6,1,4,NA,0,0,0,0,0,0
FCR,50,2014-09-29,1.6,206,14.4,10,11,3,NA,0,0,0,0,0,0
FCR,50,2014-09-29,2.8,222,24,31,0,5,NA,0,0,0,3,0,0
FCR,50,2014-09-29,3.8,220,18,5,2,7,NA,0,0,0,0,0,0
FCR,50,2014-09-29,5,250,25,7,1,4,2.4,0,0,0,0,0,0
FCR,50,2014-09-29,6.2,214,18.5,6,1,2,NA,0,0,0,0,0,0
FCR,50,2014-09-29,8,178,15.5,8,2,6,NA,0,0,0,0,0,0
FCR,50,2014-09-29,9,189,17.3,10,3,7,2.1,0,0,0,0,0,0
FCR,50,2014-10-06,0.1,203,14.9,8,NA,5,2.6,0,0,0,0,0,0
FCR,100,2014-10-06,0.1,NA,NA,8,57,6,1.8,0,0,0,0,0,0
FCR,50,2014-10-06,0.8,296,16.5,18,2,7,NA,0,0,0,0,0,0
FCR,50,2014-10-06,1.6,247,14.9,14,1,6,NA,0,0,0,0,0,0
FCR,50,2014-10-06,2.8,229,18.4,7,1,5,NA,0,0,0,0,0,0
FCR,50,2014-10-06,3.8,255,28.8,5,1,4,NA,0,0,0,0,0,0
FCR,50,2014-10-06,5,278,22.7,6,1,2,2.3,0,0,0,0,0,0
FCR,50,2014-10-06,6.2,250,20.8,7,1,3,NA,0,0,0,0,0,0
FCR,50,2014-10-06,8,181,14.9,6,1,4,NA,0,0,0,0,0,0
FCR,50,2014-10-06,9,201,16.9,8,1,3,1.5,0,0,0,0,0,0
FCR,50,2014-10-15,0.1,215,15.7,5,0,4,2.7,0,0,0,3,0,0
FCR,100,2014-10-15,0.1,NA,NA,7,4,5,3.3,0,0,0,0,0,0
FCR,50,2014-10-15,0.8,225,18.2,6,1,7,NA,0,0,0,0,0,0
FCR,50,2014-10-15,1.6,220,16.7,5,1,6,NA,0,0,0,0,0,0
FCR,50,2014-10-15,2.8,207,17.2,4,1,4,NA,0,0,0,0,0,0
FCR,50,2014-10-15,3.8,209,17.2,4,1,5,NA,0,0,0,0,0,0
FCR,50,2014-10-15,5,234,18.5,3,2,5,2.5,0,0,0,0,0,0
FCR,50,2014-10-15,6.2,225,19.4,9,1,2,NA,0,0,0,0,0,0
FCR,50,2014-10-15,8,186,25.1,17,2,4,NA,0,0,0,0,0,0
FCR,50,2014-10-15,9,203,15,20,1,3,2.1,0,0,0,0,0,0
FCR,50,2014-10-23,0.1,218,10,3,6,4,2.1,0,0,0,0,0,0
FCR,100,2014-10-23,0.1,NA,NA,3,0,7,1.7,0,0,0,3,0,0
FCR,50,2014-10-23,0.8,206,18,4,2,6,NA,0,0,0,0,0,0
FCR,50,2014-10-23,1.6,225,13.1,5,1,5,NA,0,0,0,0,0,0
FCR,50,2014-10-23,2.8,209,14.6,8,1,5,NA,0,0,0,0,0,0
FCR,50,2014-10-23,3.8,221,16,4,0,4,NA,0,0,0,3,0,0
FCR,50,2014-10-23,5,243,14.8,6,1,5,2.3,0,0,0,0,0,0
FCR,50,2014-10-23,6.2,235,21.9,4,1,5,NA,0,0,0,0,0,0
FCR,50,2014-10-23,8,264,21.6,5,3,6,NA,0,0,0,0,0,0
FCR,50,2014-10-23,9,208,22.3,4,1,6,2.2,0,0,0,0,0,0
FCR,50,2014-11-10,0.1,197,22.2,3,2,4,2.4,0,0,0,0,0,0
FCR,100,2014-11-10,0.1,NA,NA,7,1,8,3.3,0,0,0,0,0,0
FCR,50,2014-11-10,0.8,224,18.9,4,0,3,NA,0,0,0,3,0,0
FCR,50,2014-11-10,1.6,211,21.1,5,2,6,NA,0,0,0,0,0,0
FCR,50,2014-11-10,2.8,205,21.2,4,1,4,NA,0,0,0,0,0,0
FCR,50,2014-11-10,3.8,208,21.2,4,3,5,NA,0,0,0,0,0,0
FCR,50,2014-11-10,5,203,23.4,4,1,3,2.3,0,0,0,0,0,0
FCR,50,2014-11-10,6.2,202,18.6,4,2,5,NA,0,0,0,0,0,0
FCR,50,2014-11-10,8,205,17,4,1,5,NA,0,0,0,0,0,0
FCR,50,2014-11-10,9,205,23.2,4,2,5,3.4,0,0,0,0,0,0
FCR,50,2014-12-10,0.1,181,15.9,4,0,4,NA,0,0,0,3,0,0
FCR,100,2014-12-10,0.1,NA,NA,7,0,6,NA,0,0,0,3,0,0
FCR,50,2014-12-10,0.8,184,13.4,6,4,6,NA,0,0,0,0,0,0
FCR,50,2014-12-10,1.6,181,15.6,4,3,6,NA,0,0,0,0,0,0
FCR,50,2014-12-10,2.8,176,18.9,5,2,3,NA,0,0,0,0,0,0
FCR,50,2014-12-10,3.8,182,14.5,7,1,4,NA,0,0,0,0,0,0
FCR,50,2014-12-10,5,179,13.4,3,2,5,NA,0,0,0,0,0,0
FCR,50,2014-12-10,6.2,201,11.7,6,1,4,NA,0,0,0,0,0,0
FCR,50,2014-12-10,8,187,18,4,1,5,NA,0,0,0,0,0,0
FCR,50,2014-12-10,9,185,9.4,4,1,6,NA,0,0,0,0,0,0
FCR,50,2015-02-06,0.1,130,7.8,11,3,5,NA,0,0,0,0,0,0
FCR,100,2015-02-06,0.1,113,10,14,16,5,1.7,0,0,0,0,0,0
FCR,50,2015-02-06,1.6,146,15.4,12,3,7,NA,0,0,0,0,0,0
FCR,50,2015-02-06,3.8,131,11.7,12,4,7,NA,0,0,0,0,0,0
FCR,50,2015-02-06,5,132,13.2,12,2,6,NA,0,0,0,0,0,0
FCR,50,2015-02-06,6.2,141,16.3,20,56,17,NA,0,0,7,7,7,0
FCR,50,2015-02-06,8,140,15,11,2,7,NA,0,0,0,0,0,0
FCR,50,2015-02-06,9,133,14.1,12,2,6,NA,0,0,0,0,0,0
FCR,50,2015-03-16,0.1,274,16.9,14,3,7,NA,0,0,0,0,0,0
FCR,100,2015-03-16,0.1,133,9.1,16,25,6,1.8,0,0,0,0,0,0
FCR,50,2015-03-16,3.8,132,14.5,22,4,7,NA,0,0,0,0,0,0
FCR,50,2015-03-16,5,129,12.5,13,3,5,NA,0,0,0,0,0,0
FCR,50,2015-03-16,6.2,127,15.8,12,3,3,NA,0,0,0,0,0,0
FCR,50,2015-03-16,8,161,13.7,46,9,5,NA,0,0,0,0,0,0
FCR,50,2015-03-16,9,198,14.9,85,10,3,NA,0,0,0,0,0,0
FCR,50,2015-03-31,0.1,170,18.4,NA,NA,NA,NA,0,0,0,0,0,0
FCR,100,2015-03-31,0.1,156,17.2,NA,NA,NA,1.7,0,0,0,0,0,0
FCR,50,2015-03-31,1.6,138,16,15,3,7,2.1,0,0,0,0,0,0
FCR,50,2015-03-31,3.8,138,14,13,5,7,2.1,0,0,0,0,0,0
FCR,50,2015-03-31,5,141,14.9,NA,NA,NA,1.9,0,0,0,0,0,0
FCR,50,2015-03-31,6.2,130,14.4,NA,NA,NA,1.9,0,0,0,0,0,0
FCR,50,2015-03-31,8,126,13.5,14,9,4,4.1,0,0,0,0,0,0
FCR,50,2015-03-31,9,118,14.2,13,5,4,1.9,0,0,0,0,0,0
FCR,50,2015-04-07,0.1,296,32.6,NA,NA,NA,2.1,0,0,0,0,0,0
FCR,100,2015-04-07,0.1,187,22,15,35,6,1.7,0,0,0,0,0,0
FCR,50,2015-04-07,1.6,114,11.9,12,3,6,1.7,0,0,0,0,0,0
FCR,50,2015-04-07,3.8,136,17.6,14,3,7,2.1,0,0,0,0,0,0
FCR,50,2015-04-07,5,150,18.2,12,2,6,1.8,0,0,0,0,0,0
FCR,50,2015-04-07,6.2,122,13.9,12,2,5,1.7,0,0,0,0,0,0
FCR,50,2015-04-07,8,105,12.2,14,3,6,NA,0,0,0,0,0,0
FCR,50,2015-04-07,9,114,12.7,20,3,5,1.9,0,0,0,0,0,0
FCR,50,2015-04-13,0.1,148,16.3,13,1,7,1.7,0,0,7,0,7,0
FCR,100,2015-04-13,0.1,185,21.4,16,35,7,1.7,0,0,0,0,0,0
FCR,50,2015-04-13,0.8,160,15.1,NA,NA,NA,NA,0,0,0,0,0,0
FCR,50,2015-04-13,1.6,149,17.2,13,3,7,2,0,0,0,0,0,0
FCR,50,2015-04-13,2.8,115,16.1,NA,NA,NA,NA,0,0,0,0,0,0
FCR,50,2015-04-13,3.8,156,16.7,12,3,6,1.9,0,0,0,0,0,0
FCR,50,2015-04-13,5,160,15.9,12,2,6,1.9,0,0,0,0,0,0
FCR,50,2015-04-13,6.2,152,13.2,16,1,5,1.9,0,0,0,0,0,0
FCR,50,2015-04-13,8,141.5,16,33,4,5,1.7,0,0,0,0,0,0
FCR,50,2015-04-13,9,144,16,40,6,4,1.7,0,0,0,0,0,0
FCR,50,2015-04-16,0.1,145,17.2,12,2,5,NA,0,0,0,0,0,0
FCR,50,2015-04-16,0.8,142,16.3,NA,NA,NA,NA,0,0,0,0,0,0
FCR,50,2015-04-16,1.6,154,16.8,12,3,7,NA,0,0,0,0,0,0
FCR,50,2015-04-16,2.8,143,15.6,NA,NA,NA,NA,0,0,0,0,0,0
FCR,50,2015-04-16,3.8,149,12.5,13,3,6,NA,0,0,0,0,0,0
FCR,50,2015-04-16,5,157,15.2,14,3,6,NA,0,0,0,0,0,0
FCR,50,2015-04-16,6.2,168,18.7,16,4,6,NA,0,0,0,0,0,0
FCR,50,2015-04-16,8,158,13.5,42,6,10,NA,0,0,0,0,0,0
FCR,50,2015-04-16,9,173,13.3,66,6,5,NA,0,0,0,0,0,0
FCR,50,2015-04-19,0.1,165,17.9,9,3,10,NA,0,0,0,0,0,0
FCR,50,2015-04-19,0.8,151,18.5,NA,NA,NA,NA,0,0,0,0,0,0
FCR,50,2015-04-19,1.6,158,18.7,4,1,8,NA,0,0,7,7,0,0
FCR,50,2015-04-19,2.8,204,18.3,NA,NA,NA,NA,0,0,0,0,0,0
FCR,50,2015-04-19,3.8,166,17.4,4,3,7,NA,0,0,0,0,0,0
FCR,50,2015-04-19,5,188,14.6,17,4,19,NA,0,0,0,0,0,0
FCR,50,2015-04-19,6.2,165,13.7,33,4,3,NA,0,0,0,0,0,0
FCR,50,2015-04-19,8,154,12.5,35,4,2,NA,0,0,0,0,0,0
FCR,50,2015-04-19,9,209,16.2,86,9,6,NA,0,0,0,0,0,0
FCR,50,2015-04-21,0.1,153,17.8,7,4,5,2.2,0,0,0,0,0,0
FCR,100,2015-04-21,0.1,182,21.1,8,23,7,1.7,0,0,0,0,0,0
FCR,50,2015-04-21,1.6,152,18.6,7,5,6,2,0,0,0,0,0,0
FCR,50,2015-04-21,2.8,141.5,18.9,NA,NA,NA,NA,0,0,0,0,0,0
FCR,50,2015-04-21,3.8,138,14.7,6,4,5,1.8,0,0,0,0,0,0
FCR,50,2015-04-21,5,125,14.7,5,3,4,1.8,0,0,0,0,0,0
FCR,50,2015-04-21,6.2,111,13.2,10,5,3,1.9,0,0,0,0,0,0
FCR,50,2015-04-21,8,217,12.6,64,7,5,1.7,0,0,0,0,0,0
FCR,50,2015-04-21,9,175,8.7,76,8,6,1.8,0,0,0,0,0,0
FCR,50,2015-04-25,0.1,138,11.2,5,4,6,NA,0,0,0,0,0,0
FCR,50,2015-04-25,1.6,138,13.3,4,3,6,NA,0,0,0,0,0,0
FCR,50,2015-04-25,2.8,131,17.4,NA,NA,NA,NA,0,0,0,0,0,0
FCR,50,2015-04-25,3.8,139,16.5,8,5,4,NA,0,0,0,0,0,0
FCR,50,2015-04-25,5,142,12.3,14,6,3,NA,0,0,7,0,7,0
FCR,50,2015-04-25,6.2,117,7.7,42,2,5,NA,0,0,0,0,0,0
FCR,50,2015-04-25,8,135.5,17.8,44,7,4,NA,0,0,0,0,0,0
FCR,50,2015-04-25,9,NA,62,93,10,4,NA,0,0,0,0,0,0
FCR,50,2015-04-28,0.1,149,15.4,7,0,6,1.9,0,0,0,3,0,0
FCR,100,2015-04-28,0.1,167,16.5,16,22,5,2.2,0,0,0,0,0,0
FCR,50,2015-04-28,0.8,149,16.3,NA,NA,NA,NA,0,0,0,0,0,0
FCR,50,2015-04-28,1.6,135,12.5,13,3,9,1.9,0,0,7,7,7,0
FCR,50,2015-04-28,2.8,141,15.1,NA,NA,NA,NA,0,0,0,0,0,0
FCR,50,2015-04-28,3.8,120,19.8,12,2,7,2.1,0,0,7,0,7,0
FCR,50,2015-04-28,5,147,15.3,13,4,5,1.9,0,0,0,0,0,0
FCR,50,2015-04-28,6.2,131,15.4,45,7,7,2.3,0,0,0,0,0,0
FCR,50,2015-04-28,8,248,24.6,37,4,5,2.4,0,0,0,0,0,0
FCR,50,2015-04-28,9,242,13.6,145,9,5,1.7,0,0,0,0,0,0
FCR,50,2015-05-01,0.1,139,15.7,6,5,5,NA,0,0,0,0,0,0
FCR,50,2015-05-01,1.6,154,15.4,5,3,4,NA,0,0,0,0,0,0
FCR,50,2015-05-01,2.8,158,17.7,NA,NA,NA,NA,0,0,0,0,0,0
FCR,50,2015-05-01,3.8,120,31.6,8,2,5,NA,0,0,0,0,0,0
FCR,50,2015-05-01,5,117,13.2,3,3,5,NA,0,0,0,0,0,0
FCR,50,2015-05-01,6.2,123,14.4,8,5,4,NA,0,0,0,0,0,0
FCR,50,2015-05-01,8,171,14,60,8,4,NA,0,0,0,0,0,0
FCR,50,2015-05-01,9,163.5,14.1,76,9,4,NA,0,0,0,0,0,0
FCR,50,2015-05-05,0.1,139,12.1,18,4,8,1.9,0,0,0,0,0,0
FCR,100,2015-05-05,0.1,164,22.6,14,28,8,2,0,0,0,0,0,0
FCR,50,2015-05-05,0.8,135,12.5,NA,NA,NA,NA,0,0,0,0,0,0
FCR,50,2015-05-05,1.6,131,10.9,15,4,6,2.3,0,0,0,0,0,0
FCR,50,2015-05-05,2.8,140,15.2,NA,NA,NA,NA,0,0,0,0,0,0
FCR,50,2015-05-05,3.8,141,16.7,14,3,9,2.2,0,0,0,0,0,0
FCR,50,2015-05-05,5,137,14.5,13,4,6,3,0,0,0,0,0,0
FCR,50,2015-05-05,6.2,168,15.2,15,3,9,2.1,0,0,0,0,0,0
FCR,50,2015-05-05,8,178,13,60,7,6,2.2,0,0,0,0,0,0
FCR,50,2015-05-05,9,209,12.2,89,8,5,2.1,0,0,0,0,0,0
FCR,50,2015-05-11,0.1,196,11.2,13,3,7,1.9,0,0,0,0,0,0
FCR,50,2015-05-11,1.6,113,12.8,15,4,8,2.4,0,0,0,0,0,0
FCR,50,2015-05-11,3.8,121.5,16.8,16,2,8,2.1,0,0,0,0,0,0
FCR,50,2015-05-11,5,179,16.8,12,2,4,NA,0,0,0,0,0,0
FCR,50,2015-05-11,6.2,149,10.7,15,4,5,2.3,0,0,0,0,0,0
FCR,50,2015-05-11,8,326,31,NA,NA,NA,2,0,0,0,0,0,0
FCR,50,2015-05-11,9,227.5,17.8,NA,NA,NA,2.2,0,0,0,0,0,0
FCR,100,2015-05-12,0.1,180,18.3,16,53,6,1.6,0,0,0,0,0,0
FCR,50,2015-05-18,0.1,129.5,13.5,12,2,6,2,0,0,0,0,0,0
FCR,100,2015-05-18,0.1,174,20.4,13,65,7,1.6,0,0,0,0,0,0
FCR,50,2015-05-18,1.6,138,16.6,13,2,7,3.4,0,0,0,0,0,0
FCR,50,2015-05-18,3.8,155,15.7,13,4,5,2.1,0,0,0,0,0,0
FCR,50,2015-05-18,5,169,20.1,NA,NA,NA,2.2,0,0,0,0,0,0
FCR,50,2015-05-18,6.2,174,19.4,13,3,4,3.8,0,0,0,0,0,0
FCR,50,2015-05-18,8,266,34.1,14,4,7,2.1,0,0,0,0,0,0
FCR,50,2015-05-18,9,179,15.1,13,5,7,3.1,0,0,0,0,0,0
FCR,50,2015-05-25,0.1,106,12.9,4,3,5,2.3,0,0,0,0,0,0
FCR,100,2015-05-25,0.1,171,20.4,6,43,6,1.4,0,0,0,0,0,0
FCR,50,2015-05-25,1.6,133,13.9,4,3,5,2.2,7,7,7,7,7,0
FCR,50,2015-05-25,3.8,140,14.2,6,3,6,1.9,7,7,7,7,7,0
FCR,50,2015-05-25,5,146,19,4,2,3,2,0,0,0,0,0,0
FCR,50,2015-05-25,6.2,202,34.4,7,7,5,1.8,7,7,7,7,7,0
FCR,50,2015-05-25,8,224,29,8,4,5,2,0,0,0,0,0,0
FCR,50,2015-05-25,9,186,20.7,7,4,3,1.8,0,0,0,0,0,0
FCR,50,2015-06-01,0.1,NA,NA,38,2,7,1.9,0,0,0,0,0,0
FCR,100,2015-06-01,0.1,189,20.5,5,67,6,NA,0,0,0,0,0,0
FCR,50,2015-06-01,1.6,226.5,18.8,6,3,7,2.2,0,0,0,0,0,0
FCR,50,2015-06-01,3.8,268.5,23.5,7,2,7,2.1,67,67,0,0,0,0
FCR,50,2015-06-01,5,282,27.7,5,3,7,2,67,67,0,0,0,0
FCR,50,2015-06-01,6.2,179,18.3,40,2,6,1.9,67,67,0,0,0,0
FCR,50,2015-06-01,8,182,18.2,4,2,10,1.9,67,67,0,0,0,0
FCR,50,2015-06-01,9,190,18.5,4,1,18,1.8,7,7,7,7,7,0
FCR,100,2015-06-06,0.1,NA,NA,NA,NA,NA,1.5,0,0,0,0,0,0
FCR,50,2015-06-08,0.1,150,15,12,3,8,2.3,7,7,7,7,7,0
FCR,100,2015-06-08,0.1,176,15.2,14,76,8,1.6,0,0,0,0,0,0
FCR,50,2015-06-08,1.6,172,17.2,11,2,6,2.3,0,0,0,0,0,0
FCR,50,2015-06-08,3.8,235,23.2,NA,NA,NA,2.2,7,7,7,7,7,0
FCR,50,2015-06-08,5,175,17.8,NA,NA,NA,10.6,0,0,0,0,0,0
FCR,50,2015-06-08,6.2,176,17.3,14,3,5,2.4,0,0,0,0,0,0
FCR,50,2015-06-08,8,214,26.1,74,4,5,2,0,0,0,0,0,0
FCR,50,2015-06-08,9,226,21.6,NA,NA,NA,2.3,0,0,0,0,0,0
FCR,50,2015-06-15,0.1,155,12.7,9,2,7,2.2,0,0,0,0,0,0
FCR,100,2015-06-15,0.1,165,22,11,70,9,NA,0,0,0,0,0,0
FCR,50,2015-06-15,1.6,116,12,46,5,6,NA,0,0,0,0,0,0
FCR,50,2015-06-15,3.8,166,16.3,7,2,9,NA,0,0,0,0,0,0
FCR,50,2015-06-15,5,185,20,6,2,6,2,0,0,0,0,0,0
FCR,50,2015-06-15,6.2,167,16.7,9,2,6,2.2,0,0,0,0,0,0
FCR,50,2015-06-15,8,187,16.6,5,2,6,2.1,0,0,0,0,0,0
FCR,50,2015-06-15,9,272.5,31.8,6,3,5,2.2,0,0,0,0,0,0
FCR,50,2015-06-22,0.1,160,11.2,12,7,7,2.9,0,0,0,0,0,0
FCR,100,2015-06-22,0.1,176,22.6,7,67,8,1.8,0,0,0,0,0,0
FCR,50,2015-06-22,1.6,168,14.7,5,6,7,3.1,0,0,0,0,0,0
FCR,50,2015-06-22,3.8,154,16.7,2,3,9,NA,0,0,0,0,0,0
FCR,50,2015-06-22,5,220,25.8,38,5,7,3.3,0,0,0,0,0,0
FCR,50,2015-06-22,6.2,207,20.7,5,2,7,NA,0,0,0,0,0,0
FCR,50,2015-06-22,8,173,21,8,2,5,NA,0,0,0,0,0,0
FCR,50,2015-06-22,9,310,35.2,10,2,7,2.1,0,0,0,0,0,0
FCR,100,2015-06-24,0.1,NA,NA,NA,NA,NA,1.5,0,0,0,0,0,0
FCR,50,2015-06-29,0.1,169,13.6,12,3,6,2.5,0,0,0,0,0,0
FCR,100,2015-06-29,0.1,180,16,5,74,11,NA,0,0,0,0,0,0
FCR,50,2015-06-29,1.6,180.1,15.2,5,1,6,2.5,0,0,0,0,0,0
FCR,50,2015-06-29,3.8,168,14.8,12,6,6,NA,0,0,0,0,0,0
FCR,50,2015-06-29,5,181,10.2,7,8,8,4.3,0,0,0,0,0,0
FCR,50,2015-06-29,6.2,NA,NA,7,2,5,NA,0,0,0,0,0,0
FCR,50,2015-06-29,8,220,19.2,10,4,6,2.3,0,0,0,0,0,0
FCR,50,2015-06-29,9,221,19.2,10,3,7,2.2,0,0,0,0,0,0
FCR,50,2015-07-06,0.1,357,13.6,7,4,5,2.9,0,0,7,7,7,0
FCR,100,2015-07-06,0.1,200,25.1,6,46,11,2,0,0,0,0,0,0
FCR,50,2015-07-06,1.6,317,14.1,8,1,7,2.9,0,0,0,0,0,0
FCR,50,2015-07-06,3.8,300,19.2,10,2,6,2.6,0,0,0,0,0,0
FCR,50,2015-07-06,5,207,16.3,21,4,7,NA,0,0,0,0,0,0
FCR,50,2015-07-06,6.2,243,19.7,49,3,6,2.4,0,0,0,0,0,0
FCR,50,2015-07-06,8,212,12.6,94,4,5,3.8,0,0,0,0,0,0
FCR,50,2015-07-06,9,213,13.8,82,4,6,2.3,0,0,0,0,0,0
FCR,50,2015-07-13,0.1,732.9,18.4,253,12,8,7.6,0,0,0,0,0,0
FCR,100,2015-07-13,0.1,223,25.7,7,31,12,3.2,0,0,0,0,0,0
FCR,50,2015-07-13,1.6,494.5,12.1,58,6,10,4.1,0,0,0,0,0,0
FCR,50,2015-07-13,3.8,313,11.8,17,4,6,2.9,0,0,0,0,0,0
FCR,50,2015-07-13,5,110,11.5,75,2,6,2.5,0,0,0,0,0,0
FCR,50,2015-07-13,6.2,191.7,12.3,167,3,2,NA,0,0,0,0,0,0
FCR,50,2015-07-13,8,205,8.3,187,4,3,2,0,0,0,0,0,0
FCR,50,2015-07-13,9,163,8.9,199,5,3,2.5,0,0,0,0,0,0
FCR,50,2015-07-20,0.1,260,15.9,13,4,8,3.3,0,0,7,7,7,0
FCR,100,2015-07-20,0.1,192,19.1,5,68,8,1.7,0,0,0,0,0,0
FCR,50,2015-07-20,1.6,243,23.1,7,2,8,3,0,0,0,0,0,0
FCR,50,2015-07-20,3.8,296,27.4,7,2,9,2.8,0,0,0,0,0,0
FCR,50,2015-07-20,5,312,18.3,215,3,4,2.2,0,0,0,0,0,0
FCR,50,2015-07-20,6.2,305,25.3,130,4,6,2.2,0,0,0,0,0,0
FCR,50,2015-07-20,8,375,16.6,288,7,5,2,0,0,0,0,0,0
FCR,50,2015-07-20,9,454.4,16.5,309,7,14,2.9,0,0,0,0,0,0
FCR,50,2015-07-27,0.1,NA,NA,134,5,6,3.1,0,0,0,0,0,0
FCR,100,2015-07-27,0.1,305,20.7,5,105,10,NA,0,0,0,0,0,0
FCR,50,2015-07-27,1.6,175,15,3,2,NA,2.8,0,0,0,0,0,0
FCR,50,2015-07-27,3.8,248,24.9,660,13,6,3,0,0,0,0,0,0
FCR,50,2015-07-27,5,275.1,23.2,206,6,4,2.1,0,0,0,0,0,0
FCR,50,2015-07-27,6.2,408.5,17.7,285,8,6,1.9,0,0,0,0,0,0
FCR,50,2015-07-27,8,417,17.7,292,9,4,2.6,0,0,0,0,0,0
FCR,50,2015-07-27,9,507.3,15.2,292,9,4,2.1,0,0,7,7,0,0
FCR,50,2015-08-03,0.1,201,14.6,1,2,7,3,0,0,0,0,0,0
FCR,100,2015-08-03,0.1,219,NA,7,109,11,1.5,0,0,0,0,0,0
FCR,50,2015-08-03,1.6,207,17.8,5,2,7,3.1,0,0,0,0,0,0
FCR,50,2015-08-03,3.8,521.2,51.7,7,3,17,3.6,0,0,0,0,0,0
FCR,50,2015-08-03,5,253,26.5,7,4,5,2.6,0,0,0,0,0,0
FCR,50,2015-08-03,6.2,310,18.5,107,4,5,2.6,0,0,0,0,0,0
FCR,50,2015-08-03,8,576.1,16.8,404,9,5,2.5,0,0,0,0,0,0
FCR,50,2015-08-03,9,576.7,14.5,473,10,4,2.1,0,0,0,0,0,0
FCR,50,2015-08-10,0.1,213,16.8,12,1,6,3.2,0,0,0,0,0,0
FCR,100,2015-08-10,0.1,219,19.3,5,128,13,1.4,0,0,0,0,0,0
FCR,50,2015-08-10,1.6,NA,NA,7,2,7,3.2,0,0,0,0,0,0
FCR,50,2015-08-10,3.8,300.5,25.8,5,2,8,15.4,0,0,0,0,0,0
FCR,50,2015-08-10,5,NA,NA,6,3,6,2.4,0,0,0,0,0,0
FCR,50,2015-08-10,6.2,497,17.4,348,8,5,11.3,0,0,0,0,0,0
FCR,50,2015-08-10,8,642,14.1,553,12,5,2.3,0,0,0,0,0,0
FCR,50,2015-08-10,9,758.3,14.3,643,15,5,3.4,0,0,7,7,0,0
FCR,50,2015-08-17,0.1,210,16.4,3,0,10,3.2,0,0,0,3,0,0
FCR,100,2015-08-17,0.1,174,9.2,4,96,14,1.7,0,0,0,0,0,0
FCR,50,2015-08-17,1.6,247.3,18.3,5,3,10,17.2,0,0,0,0,0,0
FCR,50,2015-08-17,3.8,215.8,19.8,6,1,18,3.5,0,0,0,0,0,0
FCR,50,2015-08-17,5,296.7,27.9,2,2,11,3,0,0,0,0,0,0
FCR,50,2015-08-17,6.2,364,17.6,239,5,5,3.2,0,0,0,0,0,0
FCR,50,2015-08-17,8,650,11.8,NA,NA,NA,2.2,0,0,0,0,0,0
FCR,50,2015-08-17,9,851,11.3,725,16,5,2.3,0,0,0,0,0,0
FCR,50,2015-08-24,0.1,281.9,20.1,2,2,8,3.3,0,0,0,0,0,0
FCR,100,2015-08-24,0.1,232.7,22.9,5,111,13,1.3,0,0,0,0,0,0
FCR,50,2015-08-24,1.6,249,22,4,3,4,3.5,0,0,0,0,0,0
FCR,50,2015-08-24,3.8,231,24,6,2,7,3.1,0,0,0,0,0,0
FCR,50,2015-08-24,5,348.5,30.5,81,3,24,2.5,0,0,0,0,0,0
FCR,50,2015-08-24,6.2,674.6,6.8,556,12,4,2.4,0,0,0,0,0,0
FCR,50,2015-08-24,8,631.6,17.9,357,10,6,2.3,0,0,0,0,0,0
FCR,50,2015-08-24,9,982.2,14,798,17,4,2,0,0,0,0,0,0
FCR,50,2015-08-31,0.1,296.4,20.2,3,3,8,4,0,0,0,0,0,0
FCR,100,2015-08-31,0.1,NA,NA,1,102,10,NA,0,0,0,0,0,0
FCR,50,2015-08-31,1.6,285,23.1,4,0,18,3.7,0,0,0,3,0,0
FCR,50,2015-08-31,3.8,NA,NA,5,2,19,3.1,0,0,0,0,0,0
FCR,50,2015-08-31,5,227.7,8.7,105,3,7,2.4,0,0,0,0,0,0
FCR,50,2015-08-31,6.2,560.9,26.5,350,9,5,11.2,0,0,0,0,0,0
FCR,50,2015-08-31,8,1046.7,14.3,886,20,5,2.4,0,0,0,0,0,0
FCR,50,2015-08-31,9,973,15.6,902,20,7,2,0,0,0,0,7,0
FCR,50,2015-09-07,0.1,330.1,25.3,3,2,12,3.6,0,0,0,0,0,0
FCR,100,2015-09-07,0.1,204.4,27.4,NA,NA,NA,NA,0,0,0,0,0,0
FCR,50,2015-09-07,1.6,342.1,24.1,3,2,8,3.6,0,0,0,0,0,0
FCR,50,2015-09-07,3.8,351.8,28.9,4,2,10,3.4,0,0,0,0,0,0
FCR,50,2015-09-07,5,338.1,31.9,16,2,4,2.8,0,0,0,0,0,0
FCR,50,2015-09-07,6.2,424,22.9,232,5,7,2.4,0,0,0,0,0,0
FCR,50,2015-09-07,8,876,20.4,760,31,6,2.5,0,0,0,0,0,0
FCR,50,2015-09-07,9,1089.6,16.9,970,38,1,2.5,0,0,0,0,0,0
FCR,50,2015-09-14,0.1,306.7,24.8,6,2,10,18.3,0,0,0,0,0,0
FCR,100,2015-09-14,0.1,181.2,13.4,4,100,15,1.5,0,0,0,0,0,0
FCR,50,2015-09-14,1.6,252.8,20,2,3,6,3.5,0,0,0,0,7,0
FCR,50,2015-09-14,3.8,267,24.4,7,2,8,4.1,0,0,0,0,0,0
FCR,50,2015-09-14,5,132.7,4.9,16,2,5,2.6,0,0,0,0,0,0
FCR,50,2015-09-14,6.2,1025.2,23.2,813,18,5,2.3,0,0,0,0,0,0
FCR,50,2015-09-14,8,1047.3,7.6,938,21,7,2.3,0,0,0,0,0,0
FCR,50,2015-09-14,9,1100,13.6,985,25,6,2.3,0,0,0,0,0,0
FCR,50,2015-09-21,0.1,306,24.9,5,7,10,4.4,0,0,0,0,0,0
FCR,100,2015-09-21,0.1,461.1,74.1,9,62,15,NA,0,0,0,0,0,0
FCR,50,2015-09-21,1.6,285,24.3,5,4,9,3.7,0,0,0,0,0,0
FCR,50,2015-09-21,3.8,248.9,16.6,2,2,6,4.4,0,0,7,7,7,0
FCR,50,2015-09-21,5,291.8,28,2,1,7,4.8,0,0,0,0,0,0
FCR,50,2015-09-21,6.2,1036.3,18.9,6,2,8,12.6,0,0,7,7,7,0
FCR,50,2015-09-21,8,1000,24.9,790,18,5,12.7,0,0,7,7,7,0
FCR,50,2015-09-21,9,1257.3,16.9,1050,26,14,2.4,0,0,0,0,0,0
FCR,50,2015-09-28,0.1,234,18.9,3,1,6,NA,0,0,0,0,0,0
FCR,100,2015-09-28,0.1,148.5,10.4,2,10,4,NA,0,0,0,0,0,0
FCR,50,2015-09-28,1.6,266,22.1,6,1,9,NA,0,0,0,0,0,0
FCR,50,2015-09-28,3.8,232,16.5,8,2,8,NA,0,0,0,0,0,0
FCR,50,2015-09-28,5,236,21.2,5,1,8,NA,0,0,0,0,0,0
FCR,50,2015-09-28,6.2,397,18,232,7,6,NA,0,0,0,0,0,0
FCR,50,2015-09-28,8,1120,11.9,1190,30,6,NA,0,0,0,0,0,0
FCR,50,2015-09-28,9,1020,12.9,NA,NA,NA,NA,0,0,7,7,7,0
FCR,50,2015-10-05,0.1,225,15.8,32,4,7,NA,0,0,0,0,0,0
FCR,100,2015-10-05,0.1,180,14.3,2,9,5,NA,0,0,0,0,0,0
FCR,50,2015-10-05,1.6,220,15.7,32,3,5,NA,0,0,0,0,0,0
FCR,50,2015-10-05,3.8,222,17,24,4,8,NA,0,0,0,0,0,0
FCR,50,2015-10-05,5,234,18.3,25,4,7,NA,0,0,0,0,0,0
FCR,50,2015-10-05,6.2,229,18,24,5,8,NA,0,0,0,0,0,0
FCR,50,2015-10-05,8,231,15.1,33,8,7,NA,0,0,0,0,0,0
FCR,50,2015-10-05,9,234,16.8,13,7,6,NA,0,0,0,0,0,0
FCR,50,2015-10-19,0.1,201,14.7,13,4,7,NA,0,0,0,0,0,0
FCR,100,2015-10-19,0.1,152,9.8,NA,NA,NA,NA,0,0,0,0,0,0
FCR,50,2015-10-19,1.6,220,19,NA,NA,NA,NA,0,0,0,4,0,0
FCR,50,2015-10-19,3.8,197,14.2,4,2,6,NA,0,0,0,0,0,0
FCR,50,2015-10-19,5,194,13.6,5,1,7,NA,0,0,0,0,0,0
FCR,50,2015-10-19,6.2,205,16.1,6,2,7,NA,0,0,0,0,0,0
FCR,50,2015-10-19,8,208,15.8,9,2,6,NA,0,0,0,0,0,0
FCR,50,2015-10-19,9,201,13.9,8,2,5,NA,0,0,0,0,0,0
FCR,50,2015-11-09,0.1,176,14.6,3,NA,8,NA,0,0,0,4,0,0
FCR,100,2015-11-09,0.1,122,8.7,5,13,8,NA,0,0,0,0,0,0
FCR,50,2015-11-09,1.6,190,17.1,5,1,6,NA,0,0,0,4,0,0
FCR,50,2015-11-09,3.8,159,12.9,3,NA,4,NA,0,0,0,0,0,0
FCR,50,2015-11-09,5,193,16.9,NA,NA,NA,NA,0,0,0,0,0,0
FCR,50,2015-11-09,6.2,191,15.9,4,NA,5,NA,0,0,0,0,0,0
FCR,50,2015-11-09,8,173,14.9,3,NA,4,NA,0,0,0,0,0,0
FCR,50,2015-11-09,9,199,16.8,3,NA,4,NA,0,0,0,0,0,0
FCR,50,2015-12-07,0.1,156,13.8,4,5,6,NA,0,0,0,0,0,0
FCR,100,2015-12-07,0.1,163,12.6,3,7,NA,NA,0,0,0,0,0,0
FCR,50,2015-12-07,1.6,163,13.6,4,0,9,NA,0,0,0,3,0,0
FCR,50,2015-12-07,3.8,162,13.8,3,1,6,NA,0,0,0,0,0,0
FCR,50,2015-12-07,5,164,13.9,3,1,6,NA,0,0,0,0,0,0
FCR,50,2015-12-07,6.2,197,17.7,2,NA,5,NA,0,0,0,0,0,0
FCR,50,2015-12-07,8,162,13.9,3,NA,6,NA,0,0,0,0,0,0
FCR,50,2015-12-07,9,158,13.3,4,NA,3,NA,0,0,0,0,0,0
FCR,50,2016-01-11,0.1,NA,NA,7,3,5,2,0,0,0,0,0,0
FCR,100,2016-01-11,0.1,NA,NA,5,14,6,1.7,0,0,0,0,0,0
FCR,50,2016-01-11,1.6,142,14.9,5,3,5,1.9,0,0,0,0,0,0
FCR,50,2016-01-11,3.8,NA,NA,7,3,7,2,0,0,0,0,0,0
FCR,50,2016-01-11,5,155,16.6,5,3,5,1.9,0,0,0,0,0,0
FCR,50,2016-01-11,6.2,125,15.5,4,1,5,1.8,0,0,0,0,0,0
FCR,50,2016-01-11,8,NA,NA,1,1,7,1.9,0,0,0,0,0,0
FCR,50,2016-01-11,9,146,16.6,3,2,6,1.8,0,0,0,0,0,0
FCR,50,2016-02-05,0.1,NA,NA,7,11,5,1.8,0,0,0,0,0,0
FCR,100,2016-02-05,0.1,NA,NA,11,17,8,2.3,0,0,0,0,0,0
FCR,50,2016-02-05,1.6,NA,NA,6,8,5,1.5,0,0,0,0,0,0
FCR,50,2016-02-05,3.8,NA,NA,8,9,6,1.6,0,0,0,0,0,0
FCR,50,2016-02-05,5,150,15.7,9,10,6,1.7,0,0,0,0,0,0
FCR,50,2016-02-05,6.2,137.8,15.4,26,18,7,1.7,0,0,0,0,0,0
FCR,50,2016-02-05,8,168,18.3,53,26,6,1.5,0,0,0,0,0,0
FCR,50,2016-02-05,9,168,16.6,56,25,7,1.5,0,0,0,0,0,0
FCR,50,2016-03-30,0.1,104.5,16.4,11,6,7,2.2,0,0,0,0,0,0
FCR,100,2016-03-30,0.1,NA,NA,3,18,5,1.4,0,0,0,0,0,0
FCR,50,2016-03-30,1.6,129,17.3,6,8,6,2,0,0,0,0,0,0
FCR,50,2016-03-30,3.8,149,16.7,6,4,7,2.1,0,0,0,0,0,0
FCR,50,2016-03-30,5,133,18.2,6,6,7,1.8,0,0,0,0,0,0
FCR,50,2016-03-30,6.2,NA,NA,5,3,6,1.7,0,0,0,0,0,0
FCR,50,2016-03-30,8,123,17,12,4,6,1.9,0,0,0,0,0,0
FCR,50,2016-03-30,9,NA,NA,6,3,6,1.7,0,0,0,0,0,0
FCR,50,2016-04-05,0.1,NA,NA,NA,NA,NA,1.8,0,0,0,0,0,0
FCR,100,2016-04-05,0.1,NA,NA,NA,NA,NA,2.3,0,0,0,0,0,0
FCR,50,2016-04-05,1.6,NA,NA,NA,NA,NA,1.5,0,0,0,0,0,0
FCR,50,2016-04-05,3.8,NA,NA,NA,NA,NA,1.6,0,0,0,0,0,0
FCR,50,2016-04-05,5,NA,NA,NA,NA,NA,1.7,0,0,0,0,0,0
FCR,50,2016-04-05,6.2,NA,NA,NA,NA,NA,1.7,0,0,0,0,0,0
FCR,50,2016-04-05,8,NA,NA,NA,NA,NA,1.5,0,0,0,0,0,0
FCR,50,2016-04-05,9,NA,NA,NA,NA,NA,1.5,0,0,0,0,0,0
FCR,50,2016-04-11,0.1,124,12.6,4,3,7,1.6,0,0,0,0,0,0
FCR,100,2016-04-11,0.1,159,17.3,3,14,7,1.6,0,0,0,0,0,0
FCR,50,2016-04-11,1.6,127,18.2,6,3,6,1.7,0,0,0,0,0,0
FCR,50,2016-04-11,3.8,120,13.4,4,3,6,1.5,0,0,0,0,0,0
FCR,50,2016-04-11,5,128,14.2,4,2,6,1.5,0,0,0,0,0,0
FCR,50,2016-04-11,6.2,135,16.1,4,3,5,1.6,0,0,0,0,0,0
FCR,50,2016-04-11,8,135,12.2,5,3,4,1.6,0,0,0,0,0,0
FCR,50,2016-04-11,9,NA,NA,11,2,6,1.6,0,0,0,0,0,0
FCR,50,2016-04-18,0.1,123,11.6,5,4,8,1.5,0,0,0,0,0,0
FCR,100,2016-04-18,0.1,NA,NA,7,17,7,1.6,0,0,0,0,0,0
FCR,50,2016-04-18,1.6,121,15,4,2,8,1.4,0,0,0,0,0,0
FCR,50,2016-04-18,3.8,127,15.3,3,0,7,1.6,0,0,0,3,0,0
FCR,50,2016-04-18,5,128,14.1,4,2,6,1.6,0,0,0,0,0,0
FCR,50,2016-04-18,6.2,141,16.8,6,3,4,1.6,0,0,0,0,0,0
FCR,50,2016-04-18,8,138,14.5,9,2,4,1.5,0,0,0,0,0,0
FCR,50,2016-04-18,9,162,22.2,26,3,6,1.5,0,0,0,0,0,0
FCR,50,2016-04-25,0.1,154,22,5,0,5,1.6,0,0,0,3,0,0
FCR,100,2016-04-25,0.1,NA,NA,3,14,6,1.4,0,0,0,0,0,0
FCR,50,2016-04-25,1.6,132,15.1,4,3,6,1.8,0,0,0,0,0,0
FCR,50,2016-04-25,3.8,124,17.3,4,2,5,1.7,0,0,0,0,0,0
FCR,50,2016-04-25,5,182,19.7,5,0,5,1.7,0,0,0,3,0,0
FCR,50,2016-04-25,6.2,138,13.9,8,3,5,1.6,0,0,0,0,0,0
FCR,50,2016-04-25,8,172,20.4,20,4,5,1.7,0,0,0,0,0,0
FCR,50,2016-04-25,9,175,23,28,5,5,1.7,0,0,0,0,0,0
FCR,50,2016-05-02,0.1,140,17.7,6,3,7,1.7,0,0,0,0,0,0
FCR,100,2016-05-02,0.1,188,28.3,7,26,9,1.6,0,0,0,0,0,0
FCR,50,2016-05-02,1.6,153,14.1,5,2,7,1.7,0,0,0,0,0,0
FCR,50,2016-05-02,3.8,137,19.5,5,2,8,1.6,0,0,0,0,0,0
FCR,50,2016-05-02,5,135,14.9,5,2,7,1.7,0,0,0,0,0,0
FCR,50,2016-05-02,6.2,148,16.7,13,4,5,1.7,0,0,0,0,0,0
FCR,50,2016-05-02,8,160,16.2,34,7,5,1.7,0,0,0,0,0,0
FCR,50,2016-05-02,9,161,14,39,7,5,1.5,0,0,0,0,0,0
FCR,50,2016-05-09,0.1,124,13.4,4,2,6,1.9,0,0,0,0,0,0
FCR,100,2016-05-09,0.1,NA,NA,4,26,7,1.8,0,0,0,0,0,0
FCR,50,2016-05-09,1.6,131,18.3,4,4,6,1.8,0,0,0,0,0,0
FCR,50,2016-05-09,3.8,152,16.1,5,4,5,1.8,0,0,0,0,0,0
FCR,50,2016-05-09,5,138,13.9,4,2,7,1.7,0,0,0,0,0,0
FCR,50,2016-05-09,6.2,180,16.4,26,10,7,1.8,0,0,0,0,0,0
FCR,50,2016-05-09,8,174,13.7,34,11,6,1.8,0,0,0,0,0,0
FCR,50,2016-05-09,9,166,15.1,32,11,6,1.7,0,0,0,0,0,0
FCR,50,2016-05-16,0.1,134,14.8,8,0,12,1.5,0,0,0,3,0,0
FCR,50,2016-05-16,1.6,123,12.2,8,5,4,1.5,0,0,0,0,0,0
FCR,50,2016-05-16,3.8,148,18.9,4,0,10,1.7,0,0,0,3,0,0
FCR,50,2016-05-16,5,162.4,21.8,4,0,10,1.4,0,0,0,3,0,0
FCR,50,2016-05-16,6.2,150,15.7,5,11,9,1.3,0,0,0,0,0,0
FCR,50,2016-05-16,8,134,14.7,6,9,6,1.5,0,0,0,0,0,0
FCR,50,2016-05-16,9,149.4,12.1,4,9,7,1.3,0,0,0,0,0,0
FCR,50,2016-05-23,0.1,170,15.6,22,2,10,1.7,0,0,0,0,0,0
FCR,100,2016-05-23,0.1,180,20.8,NA,NA,NA,NA,0,0,0,0,0,0
FCR,50,2016-05-23,1.6,125,11.8,9,8,8,1.5,0,0,0,0,0,0
FCR,50,2016-05-23,3.8,143,20,4,3,16,1.7,0,0,0,0,0,0
FCR,50,2016-05-23,5,178,20.5,4,2,9,1.5,0,0,0,0,0,0
FCR,50,2016-05-23,6.2,NA,NA,NA,NA,NA,1.4,0,0,0,0,0,0
FCR,50,2016-05-23,8,156,22.4,3,4,4,1.2,0,0,0,0,0,0
FCR,50,2016-05-23,9,168,19.7,6,3,10,1.5,0,0,0,0,0,0
FCR,50,2016-05-30,0.1,152,17.6,3,2,10,1.6,0,0,0,0,0,0
FCR,100,2016-05-30,0.1,208,28.9,NA,NA,NA,NA,0,0,0,0,0,0
FCR,50,2016-05-30,1.6,153,14.1,5,47,3,1.5,0,0,0,0,0,0
FCR,50,2016-05-30,3.8,145,14.8,4,0,12,1.6,0,0,0,3,0,0
FCR,50,2016-05-30,5,164,17.8,6,3,12,1.7,0,0,0,0,0,0
FCR,50,2016-05-30,6.2,169,15.7,11,5,3,1.3,0,0,0,0,0,0
FCR,50,2016-05-30,8,176,16.8,8,6,5,1.6,0,0,0,0,0,0
FCR,50,2016-05-30,9,142.4,19.7,12,4,10,1.4,0,0,0,0,0,0
FCR,50,2016-05-30,0.1,163,19.1,NA,NA,NA,1.9,0,0,0,0,0,0
FCR,100,2016-05-30,0.1,222,32.4,8,48,8,1.6,0,0,0,0,0,0
FCR,50,2016-05-30,1.6,163,20.2,5,3,6,1.7,0,0,0,0,0,0
FCR,50,2016-05-30,3.8,178,19.7,5,5,5,1.6,0,0,0,0,0,0
FCR,50,2016-05-30,5,185,25.7,7,4,10,1.8,0,0,0,0,0,0
FCR,50,2016-05-30,6.2,151,15.4,5,3,8,1.8,0,0,0,0,0,0
FCR,50,2016-05-30,8,202,21.5,10,5,5,1.6,0,0,0,0,0,0
FCR,50,2016-05-30,9,191,20.3,14,7,7,1.7,0,0,0,0,0,0
FCR,50,2016-05-31,0.1,145.4,18.9,6,4,7,1.8,0,0,0,0,0,0
FCR,100,2016-05-31,0.1,167,19.7,6,46,7,1.4,0,0,0,0,0,0
FCR,50,2016-05-31,1.6,172.7,26.4,6,6,8,1.8,0,0,0,0,0,0
FCR,50,2016-05-31,3.8,163,19.2,4,4,6,1.8,0,0,0,0,0,0
FCR,50,2016-05-31,5,149.4,17.7,5,3,6,1.6,0,0,0,0,0,0
FCR,50,2016-05-31,6.2,172,20.4,6,5,5,1.6,0,0,0,0,0,0
FCR,50,2016-05-31,8,176,18.6,10,5,8,1.5,0,0,0,0,0,0
FCR,50,2016-05-31,9,196.4,29.1,10,6,6,1.6,0,0,0,0,0,0
FCR,50,2016-06-02,0.1,152.4,20.1,11,5,10,2.3,0,0,0,0,0,0
FCR,50,2016-06-02,1.6,171,17.1,7,3,7,1.7,0,0,0,0,0,0
FCR,50,2016-06-02,3.8,198,28.5,10,3,7,1.9,0,0,0,0,0,0
FCR,50,2016-06-02,5,148.4,15.9,14,4,7,2.2,0,0,0,0,0,0
FCR,50,2016-06-02,6.2,169.7,19.7,5,2,8,1.4,0,0,0,0,0,0
FCR,50,2016-06-02,8,168,15.7,17,6,4,1.6,0,0,0,0,0,0
FCR,50,2016-06-02,9,157.4,19,12,7,2,1.6,0,0,0,0,0,0
FCR,50,2016-06-03,6,170,14.9,6,2,5,1.5,0,0,0,0,0,0
FCR,50,2016-06-06,0.1,193.4,20.2,15,4,6,1.9,0,0,0,0,0,0
FCR,100,2016-06-06,0.1,205,27.7,5,56,10,1.4,0,0,0,0,0,0
FCR,50,2016-06-06,1.6,232.8,21.2,5,2,8,1.7,0,0,0,0,0,0
FCR,50,2016-06-06,3.8,210,19.2,13,4,7,1.6,0,0,0,0,0,0
FCR,50,2016-06-06,5,166.4,22.2,13,1,15,1.7,0,0,0,0,0,0
FCR,50,2016-06-06,6.2,193,17.7,10,6,5,1.6,0,0,0,0,0,0
FCR,50,2016-06-06,8,168,17.3,10,6,5,1.5,0,0,0,0,0,0
FCR,50,2016-06-06,9,153.4,19.1,8,7,4,1.5,0,0,0,0,0,0
FCR,50,2016-06-07,5,NA,NA,5,3,5,1.6,0,0,0,0,0,0
FCR,50,2016-06-13,0.1,214,19,6,7,10,2.1,0,0,0,0,0,0
FCR,100,2016-06-13,0.1,176,19.4,NA,NA,NA,NA,0,0,0,0,0,0
FCR,50,2016-06-13,1.6,218,17.7,7,3,13,1.9,0,0,0,0,0,0
FCR,50,2016-06-13,3.8,249,18.5,7,2,14,2,0,0,0,0,0,0
FCR,50,2016-06-13,5,235,16.8,7,2,12,1.8,0,0,0,0,0,0
FCR,50,2016-06-13,6.2,184,16.5,6,5,10,1.5,0,0,0,0,0,0
FCR,50,2016-06-13,8,152,15.9,8,8,6,1.3,0,0,0,0,0,0
FCR,50,2016-06-13,9,166,17.2,5,8,4,1.6,0,0,0,0,0,0
FCR,50,2016-06-20,0.1,140.4,23.3,3,3,7,2.1,0,0,0,0,0,0
FCR,100,2016-06-20,0.1,254,31.5,NA,NA,NA,NA,0,0,0,0,0,0
FCR,50,2016-06-20,1.6,231,26.4,5,2,10,1.9,0,0,0,0,0,0
FCR,50,2016-06-20,3.8,240,28,9,1,14,2.2,0,0,0,0,0,0
FCR,50,2016-06-20,5,NA,NA,8,3,8,1.7,0,0,0,0,0,0
FCR,50,2016-06-20,6.2,196.8,20.1,11,4,5,1.5,0,0,0,0,0,0
FCR,50,2016-06-20,8,198,16,18,7,7,1.3,0,0,0,0,0,0
FCR,50,2016-06-20,9,191.4,18.7,21,9,6,1.4,0,0,0,0,0,0
FCR,50,2016-06-27,0.1,170.4,21.1,8,3,7,2,0,0,0,0,0,0
FCR,100,2016-06-27,0.1,191,27,5,44,13,1.5,0,0,0,0,0,0
FCR,50,2016-06-27,1.6,198,21.9,4,3,8,2,0,0,0,0,0,0
FCR,50,2016-06-27,3.8,229,28.1,4,3,8,2.1,0,0,0,0,0,0
FCR,50,2016-06-27,5,176.9,29.1,5,5,4,1.6,0,0,0,0,0,0
FCR,50,2016-06-27,6.2,210.1,19.5,41,15,5,1.8,0,0,0,0,0,0
FCR,50,2016-06-27,8,213.2,19.9,32,13,4,1.6,0,0,0,0,0,0
FCR,50,2016-06-27,9,208.4,20.6,40,16,5,1.7,0,0,0,0,0,0
FCR,50,2016-06-28,0.1,204,23.2,3,2,11,1.7,0,0,0,0,0,0
FCR,100,2016-06-28,0.1,223,21.8,NA,NA,NA,NA,0,0,0,0,0,0
FCR,50,2016-06-28,1.6,211,24.6,10,0,12,2.1,0,0,0,3,0,0
FCR,50,2016-06-28,3.8,192,19.1,10,3,4,1.6,0,0,0,0,0,0
FCR,50,2016-06-28,5,197,19.6,8,2,10,1.7,0,0,0,0,0,0
FCR,50,2016-06-28,6.2,207,24.1,6,3,6,1.5,0,0,0,0,0,0
FCR,50,2016-06-28,8,216,18.1,42,18,4,1.2,0,0,0,0,0,0
FCR,50,2016-06-28,9,207,14.6,31,11,8,1.5,0,0,0,0,0,0
FCR,50,2016-06-30,0.1,183,19.1,5,3,12,1.8,0,0,0,0,0,0
FCR,100,2016-06-30,0.1,194,18.6,NA,NA,NA,NA,0,0,0,0,0,0
FCR,50,2016-06-30,1.6,184,19.5,6,6,14,1.8,0,0,0,0,0,0
FCR,50,2016-06-30,3.8,189,18.3,4,2,10,1.9,0,0,0,0,0,0
FCR,50,2016-06-30,5,197,19.9,4,2,10,1.6,0,0,0,0,0,0
FCR,50,2016-06-30,6.2,195,23.4,8,5,6,1.3,0,0,0,0,0,0
FCR,50,2016-06-30,8,201,21.1,28,12,8,1.4,0,0,0,0,0,0
FCR,50,2016-06-30,9,228,20.6,40,15,8,1.4,0,0,0,0,0,0
FCR,50,2016-07-05,0.1,188,16.7,10,5,4,2,0,0,0,0,0,0
FCR,100,2016-07-05,0.1,179,20.3,NA,NA,NA,NA,0,0,0,0,0,0
FCR,50,2016-07-05,1.6,186,20.1,7,2,10,1.7,0,0,0,0,0,0
FCR,50,2016-07-05,3.8,186,18.2,9,5,7,1.8,0,0,0,0,0,0
FCR,50,2016-07-05,5,194,17.1,5,2,9,1.7,0,0,0,0,0,0
FCR,50,2016-07-05,6.2,162,15.7,5,2,5,1.5,0,0,0,0,0,0
FCR,50,2016-07-05,8,218,18.5,36,19,6,1.6,0,0,0,0,0,0
FCR,50,2016-07-05,9,207,18.2,36,18,8,1.5,0,0,0,0,0,0
FCR,50,2016-07-11,0.1,169.4,17.5,13,2,12,2,0,0,0,0,0,0
FCR,100,2016-07-11,0.1,144,16.8,NA,NA,NA,NA,0,0,0,0,0,0
FCR,50,2016-07-11,1.6,179,19.9,11,2,11,1.9,0,0,0,0,0,0
FCR,50,2016-07-11,3.8,194,15.4,9,3,11,1.7,0,0,0,0,0,0
FCR,50,2016-07-11,5,176.4,20.7,8,2,9,1.6,0,0,0,0,0,0
FCR,50,2016-07-11,5.5,259.4,29.2,7,3,11,1.8,0,0,0,0,0,0
FCR,50,2016-07-11,6.2,193.8,23.3,18,4,7,1.9,0,0,0,0,0,0
FCR,50,2016-07-11,8,204.8,21.9,33,17,7,1.3,0,0,0,0,0,0
FCR,50,2016-07-11,9,210.4,21.8,33,22,10,1.8,0,0,0,0,0,0
FCR,50,2016-07-13,6.2,NA,NA,4,6,NA,NA,0,0,0,0,0,0
FCR,50,2016-07-18,0.1,178.4,21.5,3,2,12,1.9,0,0,0,0,0,0
FCR,100,2016-07-18,0.1,481,25,NA,NA,NA,NA,0,0,0,0,0,0
FCR,50,2016-07-18,1.6,178,23,5,0,12,2.1,0,0,0,3,0,0
FCR,50,2016-07-18,3.8,202.2,23.8,4,0,9,1.6,0,0,0,3,0,0
FCR,50,2016-07-18,5,194.4,21,8,5,9,1.7,0,0,0,0,0,0
FCR,50,2016-07-18,6.2,214,21.9,8,3,6,1.9,0,0,0,0,0,0
FCR,50,2016-07-18,8,224.8,24,7,14,5,1.4,0,0,0,0,0,0
FCR,50,2016-07-18,9,194.4,20.5,9,16,8,1.8,0,0,0,0,0,0
FCR,50,2016-07-21,5.5,212,23,4,1,8,1.4,0,0,0,0,0,0
FCR,50,2016-07-25,0.1,170.4,18.8,3,3,10,1.7,0,0,0,0,0,0
FCR,50,2016-07-25,5.2,194.4,24,3,4,13,1.5,0,0,0,0,0,0
FCR,50,2016-07-25,8,243.1,25.1,5,3,2,1.2,0,0,0,0,0,0
FCR,50,2016-07-25,0.1,160.4,20.6,4,3,10,3.7,0,0,0,0,0,0
FCR,50,2016-07-25,1.6,192.6,21.5,7,3,12,2.2,0,0,0,0,0,0
FCR,50,2016-07-25,3.8,182,18.6,4,2,13,2,0,0,0,0,0,0
FCR,50,2016-07-25,5,183.4,24.5,9,2,8,1.8,0,0,0,0,0,0
FCR,50,2016-07-25,5.5,207.7,30.4,6,0,9,1.6,0,0,0,3,0,0
FCR,50,2016-07-25,6.2,267,26.4,89,4,7,2.5,0,0,0,0,0,0
FCR,50,2016-07-25,8,179.9,22.4,4,3,3,1.6,0,0,0,0,0,0
FCR,50,2016-07-25,9,211.4,25.8,7,4,9,1.7,0,0,0,0,0,0
FCR,100,2016-07-25,0.1,244,28.2,NA,NA,NA,NA,0,0,0,0,0,0
FCR,50,2016-07-27,0.1,171.4,18.9,7,4,7,2,0,0,0,0,0,0
FCR,50,2016-07-27,1.6,193,19,2,4,6,1.6,0,0,0,0,0,0
FCR,50,2016-07-27,3.8,190,16.7,3,2,6,1.8,0,0,0,0,0,0
FCR,50,2016-07-27,5,161.4,18.9,6,3,8,1.9,0,0,0,0,0,0
FCR,50,2016-07-27,5.5,181,20.8,8,4,12,2,0,0,0,0,0,0
FCR,50,2016-07-27,6.2,193,22.2,7,10,8,1.5,0,0,0,0,0,0
FCR,50,2016-07-27,8,262.8,25.8,7,2,5,1.4,0,0,0,0,0,0
FCR,50,2016-07-27,9,249.4,26,2,3,8,1.8,0,0,0,0,0,0
FCR,50,2016-07-28,6.2,200,23,11,10,5,1.5,0,0,0,0,0,0
FCR,50,2016-08-01,0.1,150.4,17.9,6,4,12,2.1,0,0,0,0,0,0
FCR,100,2016-08-01,0.1,218,25.4,18,73,10,1.4,0,0,0,0,0,0
FCR,50,2016-08-01,1.6,178,16.6,9,4,7,2.1,0,0,0,0,0,0
FCR,50,2016-08-01,3.8,190,20.1,11,4,11,2.4,0,0,0,0,0,0
FCR,50,2016-08-01,5,173.4,19.6,8,3,14,1.9,0,0,0,0,0,0
FCR,50,2016-08-01,5.8,153.4,22.1,9,2,8,1.7,0,0,0,0,0,0
FCR,50,2016-08-01,6.2,381,41.9,5,0,13,2.1,0,0,0,3,0,0
FCR,50,2016-08-01,8,206.5,22.5,16,2,8,1.6,0,0,0,0,0,0
FCR,50,2016-08-01,9,198.4,23.2,20,6,9,1.7,0,0,0,0,0,0
FCR,50,2016-08-08,0.1,199.4,22,8,3,11,2.1,0,0,0,0,0,0
FCR,100,2016-08-08,0.1,222,26.5,NA,NA,NA,NA,0,0,0,0,0,0
FCR,50,2016-08-08,1.6,254.8,32.1,21,6,10,3,0,0,0,0,0,0
FCR,50,2016-08-08,3.8,279,35.3,26,4,8,4.1,0,0,0,0,0,0
FCR,50,2016-08-08,5,390.4,45.6,12,4,13,2.5,0,0,0,0,0,0
FCR,50,2016-08-08,6.2,211,28.6,7,4,6,2,0,0,0,0,0,0
FCR,50,2016-08-08,8,340,41.2,17,0,6,1.6,0,0,0,3,0,0
FCR,50,2016-08-08,9,233.4,26.7,34,6,7,2,0,0,0,0,0,0
FCR,50,2016-08-15,0.1,169.4,22,9,2,13,2.2,0,0,0,0,0,0
FCR,100,2016-08-15,0.1,227,24.3,13,101,13,1.6,0,0,0,0,0,0
FCR,50,2016-08-15,1.6,175,21.8,9,2,7,2,0,0,0,0,0,0
FCR,50,2016-08-15,3.8,191,26.4,17,5,13,1.7,0,0,0,0,0,0
FCR,50,2016-08-15,5,373.4,57.2,67,5,7,1.8,0,0,0,0,0,0
FCR,50,2016-08-15,5.5,195.4,30.4,21,3,7,2,0,0,0,0,0,0
FCR,50,2016-08-15,6.2,212.8,21,18,2,4,2.2,0,0,0,0,0,0
FCR,50,2016-08-15,8,262,21.7,99,11,5,3.3,0,0,0,0,0,0
FCR,50,2016-08-15,9,297.4,19.4,156,19,9,1.7,0,0,0,0,0,0
FCR,50,2016-08-26,0.1,147.9,31.6,7,4,16,2.2,0,0,0,0,0,0
FCR,100,2016-08-26,0.1,145.8,15.6,NA,NA,NA,NA,0,0,0,0,0,0
FCR,50,2016-08-26,1.6,194,24.3,11,5,14,2.2,0,0,0,0,0,0
FCR,50,2016-08-26,3.8,249,34.3,16,3,10,2.9,0,0,0,0,0,0
FCR,50,2016-08-26,5,252.4,41,62,11,6,3.4,0,0,0,0,0,0
FCR,50,2016-08-26,6.2,247,38.9,29,9,8,14.8,0,0,0,0,0,0
FCR,50,2016-08-26,8,477.8,20.7,283,35,6,4.5,0,0,0,0,0,0
FCR,50,2016-08-26,9,427.4,21.8,NA,NA,NA,6.5,0,0,0,0,0,0
FCR,50,2016-09-02,0.1,154.4,25.4,6,2,10,2.2,0,0,0,0,0,0
FCR,100,2016-09-02,0.1,267,34.8,5,82,11,1.5,0,0,0,0,0,0
FCR,50,2016-09-02,1.6,226,30,6,1,12,2.2,0,0,0,0,0,0
FCR,50,2016-09-02,3.8,270,40.6,7,2,11,2.1,0,0,0,0,0,0
FCR,50,2016-09-02,5,NA,NA,3,3,7,2.4,0,0,0,0,0,0
FCR,50,2016-09-02,6.2,200,32.9,NA,NA,NA,NA,0,0,0,0,0,0
FCR,50,2016-09-02,8,413,19.5,240,43,6,1.8,0,0,0,0,0,0
FCR,50,2016-09-02,9,NA,NA,202,35,6,1.4,0,0,0,0,0,0
FCR,50,2016-09-09,0.1,166.4,25.5,NA,NA,NA,NA,0,0,0,0,0,0
FCR,100,2016-09-09,0.1,344,36.5,4,104,12,1.4,0,0,0,0,0,0
FCR,50,2016-09-09,1.6,214,26.8,5,2,11,2.3,0,0,0,0,0,0
FCR,50,2016-09-09,3.8,235,32.8,9,3,13,7.3,0,0,0,0,0,0
FCR,50,2016-09-09,5,175.4,30.2,9,1,11,3.4,0,0,0,0,0,0
FCR,50,2016-09-09,6.2,182,27.6,11,4,5,3.4,0,0,0,0,0,0
FCR,50,2016-09-09,8,477,21.3,275,58,7,1.8,0,0,0,0,0,0
FCR,50,2016-09-09,9,475.4,16.9,289,60,5,2.8,0,0,0,0,0,0
FCR,50,2016-09-20,0.1,201.4,29.3,19,2,12,2.7,0,0,0,0,0,0
FCR,100,2016-09-20,0.1,287,41,6,16,12,2.1,0,0,0,0,0,0
FCR,50,2016-09-20,1.6,256,29.6,18,2,12,2.5,0,0,0,0,0,0
FCR,50,2016-09-20,3.8,286.8,31.8,8,2,11,2.3,0,0,0,0,0,0
FCR,50,2016-09-20,5,195.4,30.1,6,2,12,3.2,0,0,0,0,0,0
FCR,50,2016-09-20,6.2,197,29.2,10,2,6,2.9,0,0,0,0,0,0
FCR,50,2016-09-20,8,397,20.9,186,73,6,2.7,0,0,0,0,0,0
FCR,50,2016-09-20,9,346.4,20.9,145,67,14,2.6,0,0,0,0,0,0
FCR,50,2016-09-30,0.1,291,27.6,16,6,10,3.2,0,0,0,0,0,0
FCR,100,2016-09-30,0.1,299,30,7,17,11,3.2,0,0,0,0,0,0
FCR,50,2016-09-30,1.6,285,28.5,23,10,9,3.4,0,0,0,0,0,0
FCR,50,2016-09-30,3.8,259,27.1,7,7,7,3,0,0,0,0,0,0
FCR,50,2016-09-30,5,249.4,29.9,11,11,10,4.9,0,0,0,0,0,0
FCR,50,2016-09-30,6.2,287,39.1,18,15,11,11.9,0,0,0,0,0,0
FCR,50,2016-09-30,8,483,19.7,220,77,7,6.2,0,0,0,0,0,0
FCR,50,2016-09-30,9,490.4,20.9,273,73,6,1.4,0,0,0,0,0,0
FCR,50,2016-10-05,0.1,250.4,28.1,5,4,11,3,0,0,0,0,0,0
FCR,50,2016-10-05,5,188.4,26.3,18,37,9,3.5,0,0,0,0,0,0
FCR,50,2016-10-05,9,375.4,27.8,140,32,5,2.1,0,0,0,0,0,0
FCR,50,2016-10-07,0.1,238.4,27.4,35,5,12,3.6,0,0,0,0,0,0
FCR,100,2016-10-07,0.1,229,31.9,4,7,9,2.8,0,0,0,0,0,0
FCR,50,2016-10-07,1.6,296,26.7,8,5,9,3,0,0,0,0,0,0
FCR,50,2016-10-07,3.8,259,26.3,6,4,11,2.6,0,0,0,0,0,0
FCR,50,2016-10-07,5,202.4,27.4,10,10,10,2.8,0,0,0,0,0,0
FCR,50,2016-10-07,6.2,254,27.3,16,9,8,2.6,0,0,0,0,0,0
FCR,50,2016-10-07,8,265,28.6,55,17,11,2.6,0,0,0,0,0,0
FCR,50,2016-10-07,9,278.4,29.7,79,13,5,3,0,0,0,0,0,0
FCR,50,2016-10-14,0.1,205.4,27.2,6,1,7,3,0,0,0,0,0,0
FCR,100,2016-10-14,0.1,182.8,21.1,5,14,4,2.3,0,0,0,0,0,0
FCR,50,2016-10-14,1.6,252,29.9,5,6,3,2.9,0,0,0,0,0,0
FCR,50,2016-10-14,3.8,237,25.2,3,4,5,3.6,0,0,0,0,0,0
FCR,50,2016-10-14,5,181.4,28,9,4,3,2.7,0,0,0,0,0,0
FCR,50,2016-10-14,6.2,231,25.8,9,6,6,3.2,0,0,0,0,0,0
FCR,50,2016-10-14,8,232,26.2,14,5,4,2.8,0,0,0,0,0,0
FCR,50,2016-10-14,9,234.4,24.5,16,5,3,2.9,0,0,0,0,0,0
FCR,50,2016-11-04,0.1,183.4,25.6,4,4,5,2.4,0,0,0,0,0,0
FCR,50,2016-11-04,1.6,208,25.3,3,2,3,2.5,0,0,0,0,0,0
FCR,50,2016-11-04,3.8,211,20.8,5,4,8,2.6,0,0,0,0,0,0
FCR,50,2016-11-04,5,182.4,23.8,NA,NA,NA,NA,0,0,0,0,0,0
FCR,50,2016-11-04,6.2,198,18.8,5,4,6,2.7,0,0,0,0,0,0
FCR,50,2016-11-04,8,203,22.5,10,3,4,2.6,0,0,0,0,0,0
FCR,50,2016-11-04,9,238,25.4,9,3,6,2.6,0,0,0,0,0,0
FCR,50,2016-12-02,0.1,167.4,21.4,4,3,10,2.6,0,0,0,0,0,0
FCR,100,2016-12-02,0.1,171,17.3,7,31,6,2.3,0,0,0,0,0,0
FCR,50,2016-12-02,1.6,189,22.3,5,3,5,2.6,0,0,0,0,0,0
FCR,50,2016-12-02,3.8,192.6,23.4,4,5,4,2.6,0,0,0,0,0,0
FCR,50,2016-12-02,5,180.4,19.7,4,5,6,2.6,0,0,0,0,0,0
FCR,50,2016-12-02,6.2,192,20.4,4,4,6,2.4,0,0,0,0,0,0
FCR,50,2016-12-02,8,189,20.4,3,3,5,2.4,0,0,0,0,0,0
FCR,50,2016-12-02,9,162.4,17.1,4,3,5,2.3,0,0,0,0,0,0
FCR,50,2017-02-06,0.1,140,19.7,8,5,4,1.9,0,0,0,0,0,0
FCR,100,2017-02-06,0.1,103,13.2,5,34,10,1.1,0,0,0,0,0,0
FCR,50,2017-02-06,1.6,158.6,18,9,5,3,2.2,0,0,0,0,0,0
FCR,50,2017-02-06,3.8,153.6,19.8,9,7,5,2,0,0,0,0,0,0
FCR,50,2017-02-06,5,120,18.6,4,4,4,2,0,0,0,0,0,0
FCR,50,2017-02-06,6.2,119,19.6,8,3,5,1.8,0,0,0,0,0,0
FCR,50,2017-02-06,8,121,19.9,4,2,2,1.9,0,0,0,0,0,0
FCR,50,2017-02-06,9,129,21.1,4,3,7,1.7,0,0,0,0,0,0
FCR,50,2017-02-27,0.1,140,18.2,13,4,7,1.9,0,0,0,0,0,0
FCR,100,2017-02-27,0.1,129,17.4,7,110,10,1.2,0,0,0,0,0,0
FCR,50,2017-02-27,1.6,123,21.9,17,5,9,3,0,0,0,0,0,0
FCR,50,2017-02-27,3.8,139,25.5,6,3,5,2.3,0,0,0,0,0,0
FCR,50,2017-02-27,5,149,17,5,3,4,1.9,0,0,0,0,0,0
FCR,50,2017-02-27,6.2,122,19.3,6,3,5,2.2,0,0,0,0,0,0
FCR,50,2017-02-27,8,128,21,3,3,6,1.8,0,0,0,0,0,0
FCR,50,2017-02-27,9,127,18.3,5,4,4,2.2,0,0,0,0,0,0
FCR,50,2017-03-13,0.1,154,18.8,11,4,5,2.3,0,0,0,0,0,0
FCR,100,2017-03-13,0.1,175,20.6,5,108,12,1.3,0,0,0,0,0,0
FCR,50,2017-03-13,1.6,135,17.2,5,4,6,2.3,0,0,0,0,0,0
FCR,50,2017-03-13,3.8,194.6,23.2,4,4,5,1.9,0,0,0,0,0,0
FCR,50,2017-03-13,5,135,21.9,5,3,3,2.3,0,0,0,0,0,0
FCR,50,2017-03-13,6.2,146,21.9,7,7,5,2.2,0,0,0,0,0,0
FCR,50,2017-03-13,8,141,22.6,7,2,5,2.2,0,0,0,0,0,0
FCR,50,2017-03-13,9,135,17,5,3,4,2.2,0,0,0,0,0,0
FCR,50,2017-03-27,0.1,135,21.2,18,3,16,2.3,0,0,0,0,0,0
FCR,100,2017-03-27,0.1,169,22.9,13,97,15,1.5,0,0,0,0,0,0
FCR,50,2017-03-27,1.6,92,17.1,12,3,16,2.2,0,0,0,0,0,0
FCR,50,2017-03-27,3.8,142,18.7,11,1,12,2.2,0,0,0,0,0,0
FCR,50,2017-03-27,5,137,21.2,12,2,10,2.1,0,0,0,0,0,0
FCR,50,2017-03-27,6.2,140,19.1,14,2,9,2.1,0,0,0,0,0,0
FCR,50,2017-03-27,8,133,17.1,12,3,11,2.3,0,0,0,0,0,0
FCR,50,2017-03-27,9,177.6,20.4,12,1,8,2,0,0,0,0,0,0
FCR,50,2017-04-10,0.1,127,21.4,7,12,10,2.4,0,0,0,0,0,0
FCR,100,2017-04-10,0.1,138,22.1,6,83,18,1.5,0,0,0,0,0,0
FCR,50,2017-04-10,1.6,157,19.7,6,1,11,2.5,0,0,0,0,0,0
FCR,50,2017-04-10,3.8,127,25.3,11,3,8,2.6,0,0,0,0,0,0
FCR,50,2017-04-10,5,133,19.6,7,2,11,2.3,0,0,0,0,0,0
FCR,50,2017-04-10,6.2,142,17.5,8,5,10,2.3,0,0,0,0,0,0
FCR,50,2017-04-10,8,129,19.9,10,5,10,2.4,0,0,0,0,0,0
FCR,50,2017-04-10,9,158,22.3,5,2,9,2.2,0,0,0,0,0,0
FCR,50,2017-04-17,0.1,97.7,17.3,7,3,10,3.2,0,0,0,0,0,0
FCR,100,2017-04-17,0.1,164,23.6,8,94,21,1.7,0,0,0,0,0,0
FCR,50,2017-04-17,1.6,193.6,20.8,6,2,12,2.5,0,0,0,0,0,0
FCR,50,2017-04-17,3.8,138,17.8,5,3,11,2.5,0,0,0,0,0,0
FCR,50,2017-04-17,5,159,21.1,6,19,10,2.4,0,0,0,0,0,0
FCR,50,2017-04-17,6.2,131,25.3,8,3,12,2.6,0,0,0,0,0,0
FCR,50,2017-04-17,8,138,18.5,7,4,13,2.3,0,0,0,0,0,0
FCR,50,2017-04-17,9,136,17.1,6,3,10,2.2,0,0,0,0,0,0
FCR,50,2017-04-24,0.1,139,19.4,14,1,7,2.2,0,0,0,0,0,0
FCR,100,2017-04-24,0.1,124,10.9,6,34,11,3.7,0,0,0,0,0,0
FCR,50,2017-04-24,1.6,143,18.3,14,3,9,2.3,0,0,0,0,0,0
FCR,50,2017-04-24,3.8,90.5,14.6,18,2,9,2.4,0,0,0,0,0,0
FCR,50,2017-04-24,5,141,23.7,18,1,9,2.4,0,0,0,0,0,0
FCR,50,2017-04-24,6.2,118,21.6,11,0,8,2.1,0,0,0,3,0,0
FCR,50,2017-04-24,8,101,11.7,19,2,8,2.1,0,0,0,0,0,0
FCR,50,2017-04-24,9,146,24.3,12,3,9,2,0,0,0,0,0,0
FCR,50,2017-05-01,0.1,173.9,29.1,14,5,8,2.9,6,6,0,0,0,0
FCR,100,2017-05-01,0.1,208,27.4,12,22,12,2.3,0,0,0,0,0,0
FCR,20,2017-05-01,0.1,171.6,23,7,1,6,2.4,6,6,0,0,0,0
FCR,50,2017-05-05,0.1,149,16.8,6,3,9,2.4,0,0,0,0,0,0
FCR,50,2017-05-05,1.6,160,22.4,6,2,7,2.8,0,0,0,0,0,0
FCR,50,2017-05-05,3.8,96.9,10.1,14,6,10,2.7,0,0,0,0,0,0
FCR,50,2017-05-05,5,199,30.3,6,2,5,2.5,0,0,0,0,0,0
FCR,50,2017-05-05,6.2,220,27.3,6,3,8,2.4,0,0,0,0,0,0
FCR,50,2017-05-05,8,233,32,23,8,11,2.2,0,0,0,0,0,0
FCR,50,2017-05-05,9,237,29,6,2,5,2.2,0,0,0,0,0,0
FCR,50,2017-05-08,0.1,170.8,27.2,10,2,10,2.7,6,6,0,0,0,0
FCR,50,2017-05-08,0.1,215.6,27.2,10,2,10,2.7,6,6,0,0,0,0
FCR,100,2017-05-08,0.1,228.3,28,5,15,9,2.2,6,6,0,0,0,0
FCR,20,2017-05-08,0.1,170.8,27.2,5,3,10,2.7,6,6,0,0,0,0
FCR,20,2017-05-08,0.1,215.6,27.2,5,3,10,2.7,6,6,0,0,0,0
FCR,50,2017-05-08,1.6,199.8,33.3,7,1,7,2.8,6,6,0,0,0,0
FCR,50,2017-05-08,3.8,183.1,11.2,7,4,11,2.6,6,6,0,0,0,0
FCR,50,2017-05-08,5,183,26,16,4,6,3.7,0,0,0,0,0,0
FCR,50,2017-05-08,6.2,191,24.2,11,4,7,2.3,0,0,0,0,0,0
FCR,50,2017-05-08,8,242.6,30.8,18,7,6,2.1,6,6,0,0,0,0
FCR,50,2017-05-08,9,243.6,12.8,14,5,2,2.5,6,6,0,0,0,0
FCR,50,2017-05-15,0.1,218,26.9,5,3,6,2.6,6,6,0,0,0,0
FCR,100,2017-05-15,0.1,187,24,6,17,6,2.4,0,0,0,0,0,0
FCR,20,2017-05-15,0.1,179,20.7,6,2,5,2.7,0,0,0,0,0,0
FCR,50,2017-05-15,1.6,206.1,22.8,5,4,5,2.7,6,6,0,0,0,0
FCR,50,2017-05-15,3.8,180.4,24.3,5,5,12,2.3,6,6,0,0,0,0
FCR,50,2017-05-15,5,185.7,22.3,12,6,7,2.2,6,6,0,0,0,0
FCR,50,2017-05-15,6.2,198.2,27.2,10,5,8,2.8,6,6,0,0,0,0
FCR,50,2017-05-15,8,172,22.2,15,9,6,2.5,0,0,0,0,0,0
FCR,50,2017-05-15,9,226,25,17,9,2,2.3,0,0,0,0,0,0
FCR,50,2017-05-22,0.1,184,22,6,1,9,2.1,0,0,0,0,0,0
FCR,100,2017-05-22,0.1,325,33.8,7,32,13,1.9,6,6,0,0,0,0
FCR,20,2017-05-22,0.1,194.9,15.1,6,2,4,2.2,6,6,0,0,0,0
FCR,50,2017-05-22,1.6,179,23.7,6,2,8,2.1,0,0,0,0,0,0
FCR,50,2017-05-22,3.8,233.1,22.4,7,1,4,2.5,6,6,0,0,0,0
FCR,50,2017-05-22,5,229.1,25.2,15,4,3,2.3,6,6,0,0,0,0
FCR,50,2017-05-22,6.2,184,23.7,15,4,11,2.1,0,0,0,0,0,0
FCR,50,2017-05-22,8,211.4,10.2,9,3,9,2.3,6,6,0,0,0,0
FCR,50,2017-05-22,9,243.4,31.3,14,4,7,2.2,6,6,0,0,0,0
FCR,50,2017-05-29,0.1,174.9,11,15,2,6,2.4,6,6,0,0,0,0
FCR,100,2017-05-29,0.1,210.1,28.3,10,21,11,2.4,6,6,0,0,0,0
FCR,20,2017-05-29,0.1,169,23.3,8,2,7,2.1,0,0,0,0,0,0
FCR,50,2017-05-29,1.6,166,22.4,9,3,8,2.2,0,0,0,0,0,0
FCR,50,2017-05-29,3.8,241,28.6,6,2,9,2.4,6,6,0,0,0,0
FCR,50,2017-05-29,5,216,21.4,49,9,6,2.1,0,0,0,0,0,0
FCR,50,2017-05-29,6.2,203,20.2,46,10,6,2.5,0,0,0,0,0,0
FCR,50,2017-05-29,8,224.3,9,49,10,5,3.7,6,6,0,0,0,0
FCR,50,2017-05-29,9,216,8.7,52,9,8,2.2,6,6,0,0,0,0
FCR,50,2017-05-30,0.1,164.1,12.8,7,2,9,2.7,6,6,0,0,0,0
FCR,50,2017-05-30,1.6,216.4,28.8,6,2,9,2.2,6,6,0,0,0,0
FCR,50,2017-05-30,3.8,186.4,26.3,5,3,4,2.6,6,6,0,0,0,0
FCR,50,2017-05-30,5,166,21.2,10,4,10,2.4,0,0,0,0,0,0
FCR,50,2017-05-30,6.2,186.7,9.6,12,3,9,2.4,6,6,0,0,0,0
FCR,50,2017-05-30,8,233.5,9.1,46,10,9,2.3,6,6,0,0,0,0
FCR,50,2017-05-30,9,223.3,7.5,51,10,8,2.2,6,6,0,0,0,0
FCR,50,2017-06-01,0.1,180.2,24.1,10,3,7,2.8,6,6,0,0,0,0
FCR,20,2017-06-01,0.1,227.5,23.3,9,3,6,2.2,6,6,0,0,0,0
FCR,50,2017-06-01,1.6,174.9,8.2,5,3,6,2.4,6,6,0,0,0,0
FCR,50,2017-06-01,3.8,173,21.5,11,2,4,2.4,0,0,0,0,0,0
FCR,50,2017-06-01,5,247.4,19,1,4,5,2.6,6,6,0,0,0,0
FCR,50,2017-06-01,6.2,190.4,13.7,11,4,4,2.2,6,6,0,0,0,0
FCR,50,2017-06-01,8,252.2,23.9,50,12,6,2.1,6,6,0,0,0,0
FCR,50,2017-06-01,9,203.8,19.9,20,5,7,2.2,6,6,0,0,0,0
FCR,50,2017-06-05,0.1,169.2,20.4,19,7,8,2.7,6,6,0,0,0,0
FCR,100,2017-06-05,0.1,355.5,32.9,12,25,10,2.9,6,6,0,0,0,0
FCR,20,2017-06-05,0.1,176,22.6,8,3,5,2.2,0,0,0,0,0,0
FCR,50,2017-06-05,1.6,160.6,25.8,22,5,8,2.9,6,6,0,0,0,0
FCR,50,2017-06-05,3.8,152,19.7,21,3,7,2.7,0,0,0,0,0,0
FCR,50,2017-06-05,5,167.7,19.6,21,3,4,3.7,6,6,0,0,0,0
FCR,50,2017-06-05,6.2,194.3,21,44,12,5,2.4,6,6,0,0,0,0
FCR,50,2017-06-05,8,237.2,18.2,52,15,5,2.3,6,6,0,0,0,0
FCR,50,2017-06-05,9,247,21.8,66,17,6,2.3,0,0,0,0,0,0
FCR,50,2017-06-12,0.1,150,18.6,16,6,8,2.3,0,0,0,0,0,0
FCR,100,2017-06-12,0.1,251.4,31.6,11,72,11,2.2,6,6,0,0,0,0
FCR,20,2017-06-12,0.1,162,19.1,7,3,7,2.1,0,0,0,0,0,0
FCR,50,2017-06-12,1.6,144,16.5,14,4,8,2.4,0,0,0,0,0,0
FCR,50,2017-06-12,3.8,167,18.5,11,3,4,2.3,0,0,0,0,0,0
FCR,50,2017-06-12,5,184,7.7,11,4,5,2.5,6,6,0,0,0,0
FCR,50,2017-06-12,6.2,190,19.6,28,9,5,2.3,0,0,0,0,0,0
FCR,50,2017-06-12,8,237.9,31.9,40,17,8,2.4,6,6,0,0,0,0
FCR,50,2017-06-12,9,252,24.5,54,19,3,2.2,0,0,0,0,0,0
FCR,50,2017-06-12,9,252,24.5,54,19,3,2.5,0,0,0,0,0,0
FCR,50,2017-06-19,0.1,187.6,10.7,6,3,7,2.5,6,6,0,0,0,0
FCR,100,2017-06-19,0.1,334,36.4,6,57,9,2.7,0,0,0,0,0,0
FCR,20,2017-06-19,0.1,225.9,19.4,8,3,7,2.6,6,6,0,0,0,0
FCR,50,2017-06-19,1.6,188.6,10.8,11,3,8,2.7,6,6,0,0,0,0
FCR,50,2017-06-19,3.8,193.1,8.7,17,4,7,2.7,6,6,0,0,0,0
FCR,50,2017-06-19,5,169.2,23,7,3,6,2.5,6,6,0,0,0,0
FCR,50,2017-06-19,6.2,200.4,7.9,22,15,6,2.6,6,6,0,0,0,0
FCR,50,2017-06-19,8,187.2,26.6,10,4,7,2.5,6,6,0,0,0,0
FCR,50,2017-06-19,9,224,22.9,26,16,5,2.8,0,0,0,0,0,0
FCR,50,2017-06-26,0.1,206.9,19.3,12,2,8,2.8,6,6,0,0,0,0
FCR,100,2017-06-26,0.1,348.8,27.5,9,205,12,1.3,6,6,0,0,0,0
FCR,20,2017-06-26,0.1,226,21.9,9,2,6,2.8,0,0,0,0,0,0
FCR,50,2017-06-26,1.6,207.7,5.1,9,3,9,3.2,6,6,0,0,0,0
FCR,50,2017-06-26,3.8,186.7,2.9,9,3,5,2.5,6,6,0,0,0,0
FCR,50,2017-06-26,5,212.4,27.5,7,4,4,2.7,0,0,0,0,0,0
FCR,50,2017-06-26,6.2,203,19.6,15,5,6,2.5,0,0,0,0,0,0
FCR,50,2017-06-26,8,224,18.6,42,17,6,2.5,0,0,0,0,0,0
FCR,50,2017-06-26,9,257.8,28.6,45,18,6,NA,6,6,0,0,0,0
FCR,50,2017-07-05,0.1,237.6,13.1,7,4,15,3.9,0,0,0,0,0,0
FCR,100,2017-07-05,0.1,269,32,7,123,18,1.7,0,0,0,0,0,0
FCR,20,2017-07-05,0.1,286.4,14.2,16,2,6,2.8,6,6,0,0,0,0
FCR,50,2017-07-05,1.6,256.6,15.8,8,4,15,3.6,0,0,0,0,0,0
FCR,50,2017-07-05,3.8,216.6,15.3,12,2,12,3.1,0,0,0,0,0,0
FCR,50,2017-07-05,5,182.6,11.5,22,6,10,2.8,0,0,0,0,0,0
FCR,50,2017-07-05,6.2,277.6,19.5,64,20,10,2.7,0,0,0,0,0,0
FCR,50,2017-07-05,8,201.6,13.1,30,9,8,2.9,0,0,0,0,0,0
FCR,50,2017-07-05,9,242.6,13.5,73,19,9,2.8,0,0,0,0,0,0
FCR,50,2017-07-10,0.1,365.6,20.7,20,5,20,4.4,0,0,0,0,0,0
FCR,100,2017-07-10,0.1,263,28.3,6,151,19,1.4,0,0,0,0,0,0
FCR,20,2017-07-10,0.1,411.3,18.5,15,1,10,4.1,6,6,0,0,0,0
FCR,50,2017-07-10,1.6,349.6,19,13,3,16,4.1,0,0,0,0,0,0
FCR,50,2017-07-10,3.8,233.6,15.3,6,1,9,2.9,0,0,0,0,0,0
FCR,50,2017-07-10,5,189.6,12.5,16,3,8,2.3,0,0,0,0,0,0
FCR,50,2017-07-10,6.2,269.6,13.5,84,20,8,2.9,0,0,0,0,0,0
FCR,50,2017-07-10,8,273.6,13.2,98,23,8,2.9,0,0,0,0,0,0
FCR,50,2017-07-10,9,279.6,15.4,102,22,7,2.4,0,0,0,0,0,0
FCR,50,2017-07-13,0.1,379.6,18.4,18,5,20,4.3,0,0,0,0,0,0
FCR,20,2017-07-13,0.1,469.8,14.5,16,2,10,4.5,6,6,0,0,0,0
FCR,50,2017-07-13,1.6,391.6,20.6,9,1,18,4.4,0,0,0,0,0,0
FCR,50,2017-07-13,3.8,327.6,15.1,34,3,13,3.7,0,0,0,0,0,0
FCR,50,2017-07-13,5,238.6,16.1,31,4,8,2.3,0,0,0,0,0,0
FCR,50,2017-07-13,6.2,277.6,39.6,41,11,7,2.7,0,0,0,0,0,0
FCR,50,2017-07-13,8,291.6,14.2,123,24,6,2.4,0,0,0,0,0,0
FCR,50,2017-07-13,9,306.6,15,133,26,8,2.5,0,0,0,0,0,0
FCR,50,2017-07-17,0.1,495.6,20.7,35,4,18,4.4,0,0,0,0,0,0
FCR,100,2017-07-17,0.1,247,29.1,7,151,23,1.5,0,0,0,0,0,0
FCR,20,2017-07-17,0.1,565,30.9,19,7,27,4,0,0,0,0,0,0
FCR,50,2017-07-17,1.6,487.6,19,43,5,16,4.7,0,0,0,0,0,0
FCR,50,2017-07-17,3.8,297.6,14.2,22,3,10,3.1,0,0,0,0,0,0
FCR,50,2017-07-17,5,317.6,18.1,NA,0,3,3.5,0,0,2,4,0,0
FCR,50,2017-07-17,6.2,237.6,14.6,59,12,8,NA,0,0,0,0,0,0
FCR,50,2017-07-17,8,316.6,13.2,148,23,8,2.5,0,0,0,0,0,0
FCR,50,2017-07-17,9,301.6,13.8,121,20,8,2.7,0,0,0,0,0,0
FCR,50,2017-07-17,9,301.6,13.8,121,20,8,2.1,0,0,0,0,0,0
FCR,50,2017-07-19,0.1,673,39,10,3,16,5.7,0,0,0,0,0,0
FCR,50,2017-07-19,0.1,706,40.9,11,3,19,5.8,0,0,0,0,0,0
FCR,50,2017-07-19,0.1,781,38,14,2,21,6.4,0,0,0,0,0,0
FCR,50,2017-07-20,0.1,709,34,8,0,16,5.9,0,0,0,3,0,0
FCR,50,2017-07-20,0.1,748,34.6,16,3,23,6.2,0,0,0,0,0,0
FCR,50,2017-07-20,0.1,821,32.3,12,4,20,5.9,0,0,0,0,0,0
FCR,50,2017-07-20,0.1,644,34.1,10,4,19,6.3,0,0,0,0,0,0
FCR,50,2017-07-24,0.1,648.6,23.2,31,6,18,6.9,0,0,0,0,0,0
FCR,100,2017-07-24,0.1,303,52.8,9,111,25,2.3,0,0,0,0,0,0
FCR,20,2017-07-24,0.1,767,35,19,4,16,6.9,0,0,0,0,0,0
FCR,50,2017-07-24,1.6,612.6,21,14,6,16,6.5,0,0,0,0,0,0
FCR,50,2017-07-24,3.8,351.6,18.8,16,4,11,3.8,0,0,0,0,0,0
FCR,50,2017-07-24,5,179.6,14.1,18,4,6,2.1,0,0,0,0,0,0
FCR,50,2017-07-24,6.2,353.6,15.7,131,26,6,2.5,0,0,0,0,0,0
FCR,50,2017-07-24,8,348.6,14.5,142,20,7,2.7,0,0,0,0,0,0
FCR,50,2017-07-24,9,363.6,13.3,173,22,6,2.4,0,0,0,0,0,0
FCR,50,2017-07-31,0.1,478.6,18.9,93,9,15,5.8,0,0,0,0,0,0
FCR,100,2017-07-31,0.1,245,36.2,8,120,23,1.4,0,0,0,0,0,0
FCR,20,2017-07-31,0.1,473,27.6,15,11,71,5.5,0,0,0,0,0,0
FCR,50,2017-07-31,1.6,483.6,18,79,10,16,5.9,0,0,0,0,0,0
FCR,50,2017-07-31,3.8,279.6,13.1,47,5,10,3.6,0,0,0,0,0,0
FCR,50,2017-07-31,5,244.6,15.5,89,6,9,2.4,0,0,0,0,0,0
FCR,50,2017-07-31,6.2,315.6,14.8,145,13,9,2.9,0,0,0,0,0,0
FCR,50,2017-07-31,8,380.6,13.3,207,NA,7,2.7,0,0,0,2,0,0
FCR,50,2017-07-31,9,405.6,9.8,259,22,7,2.4,0,0,0,0,0,0
FCR,50,2017-08-07,0.1,388.6,19.5,76,17,8,3.6,0,0,0,0,0,0
FCR,100,2017-08-07,0.1,260,34.3,23,125,25,1.3,0,0,0,0,0,0
FCR,20,2017-08-07,0.1,443,27.9,14,14,67,4,0,0,0,0,0,0
FCR,50,2017-08-07,1.6,379.6,19.2,73,16,12,3.4,0,0,0,0,0,0
FCR,50,2017-08-07,3.8,205.6,10.8,49,10,7,3.2,0,0,0,0,0,0
FCR,50,2017-08-07,5,256.6,18.5,88,8,9,2,0,0,0,0,0,0
FCR,50,2017-08-07,6.2,465.6,10.9,273,21,6,2.3,0,0,0,0,0,0
FCR,50,2017-08-07,8,486.6,12.1,337,21,7,2,0,0,0,0,0,0
FCR,50,2017-08-07,9,478.6,11.5,299,22,10,2.4,0,0,0,0,0,0
FCR,50,2017-08-14,0.1,272,17.3,19,2,5,3.7,0,0,0,0,0,0
FCR,100,2017-08-14,0.1,263,41.3,5,115,15,1.5,0,0,0,0,0,0
FCR,20,2017-08-14,0.1,293,20.7,5,0,10,3.6,0,0,0,4,0,0
FCR,50,2017-08-14,1.6,280,18.1,19,3,6,3.2,0,0,0,0,0,0
FCR,50,2017-08-14,3.8,250,24.3,25,1,6,3,0,0,0,0,0,0
FCR,50,2017-08-14,5,337,22.8,141,5,7,2.1,0,0,0,0,0,0
FCR,50,2017-08-14,6.2,440,17.1,200,14,3,2.8,0,0,0,0,0,0
FCR,50,2017-08-14,8,587,30,345,21,7,2.3,0,0,0,0,0,0
FCR,50,2017-08-14,9,555,14.8,356,21,6,2,0,0,0,0,0,0
FCR,50,2017-08-21,0.1,241,14.6,7,2,7,3.6,0,0,0,0,0,0
FCR,100,2017-08-21,0.1,303,40.9,6,150,19,5.3,0,0,0,0,0,0
FCR,50,2017-08-21,1.6,238,15.3,5,0,6,3.5,0,0,0,3,0,0
FCR,50,2017-08-21,3.8,274,32.9,5,0,8,2.6,0,0,0,3,0,0
FCR,50,2017-08-21,5,401,20.4,153,11,7,2.5,0,0,0,0,0,0
FCR,50,2017-08-21,6.2,345,19.8,109,6,8,2.5,0,0,0,0,0,0
FCR,50,2017-08-21,8,620,22,339,20,7,2.4,0,0,0,0,0,0
FCR,50,2017-08-21,9,376,23.1,119,8,7,2.9,0,0,0,0,0,0
FCR,50,2017-08-28,0.1,259,17.9,7,3,5,3.5,0,0,0,0,0,0
FCR,100,2017-08-28,0.1,563,106,6,121,18,1.3,0,0,0,0,0,0
FCR,50,2017-08-28,1.6,241,19.6,5,0,9,3.1,0,0,0,3,0,0
FCR,50,2017-08-28,3.8,286,30.1,6,3,6,3,0,0,0,0,0,0
FCR,50,2017-08-28,5,351,36.4,6,0,6,2,0,0,0,3,0,0
FCR,50,2017-08-28,6.2,448,20.7,212,14,5,6.7,0,0,0,0,0,0
FCR,50,2017-08-28,8,553,20.9,381,20,3,1.4,0,0,0,0,0,0
FCR,50,2017-08-28,9,579,17.7,374,22,7,2.1,0,0,0,0,0,0
FCR,50,2017-09-04,0.1,324,35,32,6,8,3.4,0,0,0,0,0,0
FCR,100,2017-09-04,0.1,166,27.6,7,76,18,1.5,0,0,0,0,0,0
FCR,50,2017-09-04,1.6,281,20.6,29,1,7,3,0,0,0,0,0,0
FCR,50,2017-09-04,3.8,274,21.7,12,0,5,3.1,0,0,0,3,0,0
FCR,50,2017-09-04,5,333,23.1,105,6,7,2.6,0,0,0,0,0,0
FCR,50,2017-09-04,6.2,357,23.6,95,5,7,2.4,0,0,0,0,0,0
FCR,50,2017-09-04,8,642,22.1,399,20,4,2.1,0,0,0,0,0,0
FCR,50,2017-09-04,9,539,18.7,326,16,5,2.2,0,0,0,0,0,0
FCR,50,2017-09-11,0.1,278,25.2,8,0,10,3.4,0,0,0,3,0,0
FCR,100,2017-09-11,0.1,240,41.8,2,94,14,1.1,0,0,0,0,0,0
FCR,50,2017-09-11,1.6,295,24.1,12,2,7,3.5,0,0,0,0,0,0
FCR,50,2017-09-11,3.8,347,29.9,10,0,5,3.4,0,0,0,3,0,0
FCR,50,2017-09-11,5,354,34.3,136,4,9,2.4,0,0,0,0,0,0
FCR,50,2017-09-11,6.2,451,21.1,285,13,NA,2.3,0,0,0,0,2,0
FCR,50,2017-09-11,8,685,22.7,101,5,8,2,0,0,0,0,0,0
FCR,50,2017-09-11,9,405,22.1,168,13,6,2.9,0,0,0,0,0,0
FCR,50,2017-09-18,0.1,283,22.2,9,4,6,3.4,0,0,0,0,0,0
FCR,100,2017-09-18,0.1,259,34.4,5,97,18,1.4,0,0,0,0,0,0
FCR,50,2017-09-18,1.6,280,23.4,6,2,4,3.3,0,0,0,0,0,0
FCR,50,2017-09-18,3.8,294,23.5,9,1,7,3,0,0,0,0,0,0
FCR,50,2017-09-18,5,286,25.9,12,4,5,2.7,0,0,0,0,0,0
FCR,50,2017-09-18,6.2,472,26.4,322,17,7,2.2,0,0,0,0,0,0
FCR,50,2017-09-18,8,641,14.5,481,28,4,1.7,0,0,0,0,0,0
FCR,50,2017-09-18,9,672,31.6,476,29,6,2,0,0,0,0,0,0
FCR,50,2017-09-25,0.1,258,14.8,8,3,3,3.1,0,0,0,0,0,0
FCR,100,2017-09-25,0.1,217,29.5,1,60,18,1.5,0,0,0,0,0,0
FCR,50,2017-09-25,1.6,253,18.7,7,1,5,3.2,0,0,0,0,0,0
FCR,50,2017-09-25,3.8,351,31.5,8,0,6,2.9,0,0,0,3,0,0
FCR,50,2017-09-25,5,358,27.9,60,9,8,1.9,0,0,0,0,0,0
FCR,50,2017-09-25,6.2,411,22.7,147,12,6,2.3,0,0,0,0,0,0
FCR,50,2017-09-25,8,524,17.3,333,31,6,1.8,0,0,0,0,0,0
FCR,50,2017-09-25,9,534,17.6,365,28,NA,2,0,0,0,0,2,0
FCR,50,2017-10-02,0.1,270,21.7,12,3,4,3.4,0,0,0,0,0,0
FCR,100,2017-10-02,0.1,200,35.3,6,33,17,1.4,0,0,0,0,0,0
FCR,50,2017-10-02,1.6,296,21.1,9,1,6,3.4,0,0,0,0,0,0
FCR,50,2017-10-02,3.8,283,21.9,9,2,6,3.2,0,0,0,0,0,0
FCR,50,2017-10-02,5,345,29.4,16,2,6,2.7,0,0,0,0,0,0
FCR,50,2017-10-02,6.2,366,25.1,133,14,5,2.6,0,0,0,0,0,0
FCR,50,2017-10-02,8,431,19.4,233,26,5,2.2,0,0,0,0,0,0
FCR,50,2017-10-02,9,434,19,249,26,5,1.7,0,0,0,0,0,0
FCR,50,2017-10-09,0.1,313,28.9,26,2,3,3.7,0,0,0,0,0,0
FCR,100,2017-10-09,0.1,171,35.6,6,1,18,3.9,0,0,0,0,0,0
FCR,50,2017-10-09,1.6,312,20.8,26,2,4,3.5,0,0,0,0,0,0
FCR,50,2017-10-09,3.8,346,25.3,20,1,5,3.3,0,0,0,0,0,0
FCR,50,2017-10-09,5,319,29.6,25,6,4,2.4,0,0,0,0,0,0
FCR,50,2017-10-09,6.2,352,18.2,163,26,4,1.9,0,0,0,0,0,0
FCR,50,2017-10-09,8,380,26.2,151,19,4,1,0,0,0,0,0,0
FCR,50,2017-10-09,9,337,14.6,NA,24,3,1.9,0,0,2,0,0,0
FCR,50,2017-10-16,0.1,308,21.1,58,12,6,5,0,0,0,0,0,0
FCR,100,2017-10-16,0.1,144,33.3,8,2,20,3,0,0,0,0,0,0
FCR,50,2017-10-16,1.6,316,28.2,30,8,6,4.6,0,0,0,0,0,0
FCR,50,2017-10-16,3.8,327,26.6,52,5,7,4.3,0,0,0,0,0,0
FCR,50,2017-10-16,5,338,34,14,5,8,3.2,0,0,0,0,0,0
FCR,50,2017-10-16,6.2,393,27.1,102,16,5,3.6,0,0,0,0,0,0
FCR,50,2017-10-16,8,373,17.9,204,26,4,2.9,0,0,0,0,0,0
FCR,50,2017-10-16,9,365,18,222,29,7,2.5,0,0,0,0,0,0
FCR,50,2017-10-23,0.1,359,34.6,59,11,9,4.9,0,0,0,0,0,0
FCR,100,2017-10-23,0.1,187,39.1,11,2,25,6.9,0,0,0,0,0,0
FCR,50,2017-10-23,1.6,333,30.1,28,7,8,4.5,0,0,0,0,0,0
FCR,50,2017-10-23,3.8,304,27.1,23,3,7,4.1,0,0,0,0,0,0
FCR,50,2017-10-23,5,296,25.6,12,5,8,4.4,0,0,0,0,0,0
FCR,50,2017-10-23,6.2,380,17,212,26,8,2.9,0,0,0,0,0,0
FCR,50,2017-10-23,8,409,27.5,215,28,5,2.6,0,0,0,0,0,0
FCR,50,2017-10-23,9,397,18.1,237,30,5,2.7,0,0,0,0,0,0
FCR,50,2017-10-30,0.1,249,22.6,2,6,7,6.1,0,0,0,0,0,0
FCR,100,2017-10-30,0.1,101,22,8,2,20,3.1,0,0,0,0,0,0
FCR,50,2017-10-30,1.6,261,22.7,5,3,10,4.2,0,0,0,0,0,0
FCR,50,2017-10-30,3.8,256,19.5,12,5,7,4.3,0,0,0,0,0,0
FCR,50,2017-10-30,5,249,21.2,12,3,7,4.1,0,0,0,0,0,0
FCR,50,2017-10-30,6.2,234,21.1,9,1,5,4.4,0,0,0,0,0,0
FCR,50,2017-10-30,8,220,20.1,11,2,10,4,0,0,0,0,0,0
FCR,50,2017-10-30,9,240,24.5,14,4,7,4.6,0,0,0,0,0,0
FCR,50,2017-11-06,0.1,217,18.6,6,3,NA,4.2,0,0,0,0,2,0
FCR,100,2017-11-06,0.1,69.9,23.2,8,2,28,3.2,0,0,0,0,0,0
FCR,50,2017-11-06,1.6,263,26.7,13,2,7,4.1,0,0,0,0,0,0
FCR,50,2017-11-06,3.8,237,20.4,12,5,8,4.2,0,0,0,0,0,0
FCR,50,2017-11-06,5,213,19,18,2,8,4.1,0,0,0,0,0,0
FCR,50,2017-11-06,6.2,234,20.7,21,2,8,4,0,0,0,0,0,0
FCR,50,2017-11-06,8,222,19.8,19,4,17,4.3,0,0,0,0,0,0
FCR,50,2017-11-06,9,218,19.1,20,3,9,4.1,0,0,0,0,0,0
FCR,50,2017-12-11,0.1,215,17.8,27,5,7,4.4,0,0,0,0,0,0
FCR,100,2017-12-11,0.1,49.8,20.3,7,2,19,2.2,0,0,0,0,0,0
FCR,50,2017-12-11,1.6,231,19.5,18,3,6,4.3,0,0,0,0,0,0
FCR,50,2017-12-11,3.8,233,20.9,26,3,8,4.6,0,0,0,0,0,0
FCR,50,2017-12-11,5,221,17.3,48,5,8,4.6,0,0,0,0,0,0
FCR,50,2017-12-11,6.2,225,18.8,25,3,9,4.5,0,0,0,0,0,0
FCR,50,2017-12-11,8,243,21,26,3,8,4.2,0,0,0,0,0,0
FCR,50,2017-12-11,9,239,21.2,10,4,7,4.6,0,0,0,0,0,0
