"Date","Depth_m","Temp_C","Chla_ugL","Turb_NTU","Cond_uScm","Spec_Cond_uScm","DO_mgL","DO_pSat","pH","ORP_mV","PAR","Salinity","Descent.Rate..m.s.","Density_mg_m3","Flag","Pressure..PSI."
2019-02-08 17:24:06,0.1,4.886,0.9923,1.9236,18.540034,31.013,10.3298,80.659,7.609,-15.117,18.095,0.0139,1,999.9801,0,NA
2019-02-08 17:24:06,1,4.8756,0.9923,1.9669,18.484511,30.925,10.3565,80.809,6.97,14.8281,17.387,0.0139,1,999.9846,0,NA
2019-02-08 17:24:06,1.6,4.7355,1.5378,1.9525,18.382233,30.889,10.4297,80.955,8.041,-118.6187,17.097,0.0138,1,999.9893,0,NA
2019-02-08 17:24:06,2.8,4.5728,3.7351,1.8804,18.260287,30.912,10.4571,80.929,8.028,37.656,16.677,0.0137,1,999.9967,0,NA
2019-02-08 17:24:06,3.8,4.4531,4.2997,1.9669,18.231788,30.945,10.4613,80.736,7.979,141.347,16.271,0.0136,1,1000.0025,0,NA
2019-02-08 17:24:06,5,4.4155,4.2348,1.9813,18.240956,30.992,10.4477,80.622,7.901,289.066,16.186,0.0136,1,1000.0087,0,NA
2019-02-08 17:24:06,5.2,4.4054,4.0326,2.0246,18.235409,30.993,10.4576,80.657,7.898,317.3075,15.942,0.0136,1,1000.0097,0,NA
2019-02-08 17:24:06,5.5,4.3852,4.5438,1.9669,18.215786,31.006,10.4714,80.618,7.881,360.1241,15.693,0.0136,1,1000.0112,0,NA
2019-02-08 17:24:06,5.8,4.3376,4.17,1.9957,18.273527,31.161,10.4751,80.606,7.856,386.2834,15.811,0.0136,1,1000.013,0,NA
2019-02-08 17:24:06,6,4.3227,4.17,1.9525,18.279279,31.177,10.4713,80.569,7.817,403.7356,15.669,0.0136,1,1000.014,0,NA
2019-02-08 17:24:06,6.2,4.321,4.2997,2.0246,18.22391,31.086,10.4837,80.647,7.791,430.3871,15.629,0.0136,1,1000.015,0,NA
2019-02-08 17:24:06,8,4.2038,4.1433,2.2553,18.292909,31.305,10.435,80.013,7.615,632.8099,15.204,0.0136,1,1000.0243,0,NA
2019-02-08 17:24:06,9,4.184,4.3035,2.212,19.015222,32.576,10.3296,79.314,7.37,746.6845,15.064,0.0141,1,1000.0296,0,NA
2019-02-08 17:24:06,9.3,4.2496,4.1547,2.486,20.079263,34.32,10.2925,79.103,7.067,786.851,15.013,0.0149,1,1000.0315,0,NA
2019-06-03 08:17:10,0.1,23.701,1.1601,1.6785,32.550945,33.382,8.9118,105.299,9.139,215.8501,318.11,0.0226,1,997.3884,0,NA
2019-06-03 08:17:10,1,23.6643,1.3623,1.6208,33.289421,34.324,8.9389,105.503,9.03,226.5258,515.54,0.023,1,997.4013,0,NA
2019-06-03 08:17:10,1.6,23.4638,1.4767,1.2892,32.347122,33.289,11.1127,129.402,8.929,232.1666,303.7,0.0226,1,997.4233,0,NA
2019-06-03 08:17:10,2.8,16.3983,2.1748,1.2459,26.154682,31.265,11.8018,118.069,8.873,246.2873,120.35,0.0196,1,998.8431,0,NA
2019-06-03 08:17:10,3.8,12.6618,3.4146,0.6403,23.916958,31.617,9.2437,85.443,8.842,259.0452,68.917,0.0182,1,999.4323,0,NA
2019-06-03 08:17:10,5,10.2939,6.7526,0.9575,23.060252,32.585,4.9351,43.787,8.752,270.9703,30.524,0.0175,1,999.7087,0,NA
2019-06-03 08:17:10,5.2,10.0691,4.0937,1.5776,22.56157,32.103,4.9076,43.366,8.743,271.576,26.411,0.0172,1,999.7284,0,NA
2019-06-03 08:17:10,5.5,9.7967,3.1324,2.0534,22.881329,32.763,2.8921,25.342,8.733,270.0995,20.829,0.0173,1,999.7512,0,NA
2019-06-03 08:17:10,5.8,9.5332,2.8729,1.3324,23.429051,33.908,2.9677,25.891,8.721,270.9324,16.313,0.0177,1,999.7793,0,NA
2019-06-03 08:17:10,6,9.3672,2.6326,1.491,22.755268,33.054,2.8362,24.68,8.709,271.1974,13.553,0.0172,1,999.7932,0,NA
2019-06-03 08:17:10,6.2,9.2751,2.3274,2.5149,23.381413,34.096,2.1483,18.687,8.702,271.9545,11.447,0.0176,1,999.8032,0,NA
2019-06-03 08:17:10,8,8.8177,1.1029,3.8703,25.923933,38.186,0.076,0.656,8.594,267.9795,1.4857,0.0191,1,999.8503,0,NA
2019-06-03 08:17:10,9,8.6908,2.7661,10.936,32.490689,48.33,0.157,1.346,8.481,168.415,0.34424,0.0235,1,999.8659,0,NA
2019-06-03 08:17:10,9.3,8.6043,2.2817,11.0369,67.075967,99.626,0.147,1.26,8.427,162.2821,0.18517,0.0463,1,999.8916,0,NA
2019-06-06 06:36:59,0.1,22.8263,1.7476,1.1738,32.190256,33.644,8.9457,103.864,8.973,200.9722,263.78,0.0225,1,997.5984,0,NA
2019-06-06 06:36:59,1,22.6871,2.1596,1.3757,31.788605,33.302,9.6798,111.623,8.845,210.9665,138.46,0.0223,1,997.6246,0,NA
2019-06-06 06:36:59,1.6,21.8407,1.8239,1.5776,30.754677,32.764,10.7533,121.585,8.757,217.9701,93.445,0.0219,1,997.8192,0,NA
2019-06-06 06:36:59,2.8,16.908,2.2511,1.1882,26.71365,31.704,12.3463,125.024,8.725,235.9902,43.614,0.0199,1,998.782,0,NA
2019-06-06 06:36:59,3.8,12.8402,3.3536,0.6691,24.084909,31.578,9.1283,84.9,8.71,243.1073,22.669,0.0183,1,999.3922,0,NA
2019-06-06 06:36:59,5,9.5938,5.9057,1.3469,23.823319,34.441,4.4543,39.062,8.695,252.6852,10.812,0.0179,1,999.7732,0,NA
2019-06-06 06:36:59,5.2,9.5717,3.2964,2.933,23.835852,34.48,4.5121,39.573,8.688,253.1016,9.3412,0.0179,1,999.7774,0,NA
2019-06-06 06:36:59,5.5,9.5707,2.3694,3.8559,23.797433,34.443,4.5258,39.688,8.669,257.5309,7.0113,0.0179,1,999.779,0,NA
2019-06-06 06:36:59,5.8,9.5638,2.3122,3.7694,23.764013,34.352,4.4849,39.318,8.635,253.1016,4.9716,0.0179,1,999.7796,0,NA
2019-06-06 06:36:59,6,9.5491,2.2397,4.0289,23.836577,34.496,4.4957,39.41,8.624,257.1524,3.751,0.0179,1,999.7823,0,NA
2019-06-06 06:36:59,6.2,9.5499,1.9383,3.8992,23.769686,34.374,4.5009,39.443,8.611,258.1367,2.8553,0.0179,1,999.7833,0,NA
2019-06-06 06:36:59,8,9.5105,1.9383,4.2452,23.792847,34.496,4.4808,39.242,8.522,261.0895,0.22164,0.0179,1,999.795,0,NA
2019-06-06 06:36:59,9,9.5075,1.7743,4.2164,23.767674,34.416,4.4626,39.08,8.477,260.7867,0.12368,0.0179,1,999.8,0,NA
2019-06-06 06:36:59,9.3,9.5236,1.5836,4.1731,23.80461,34.469,4.4274,38.816,8.461,264.156,0.12372,0.0179,1,999.7989,0,NA
2019-06-06 13:21:06,0.1,24.2876,0.9045,18.1315,33.485032,33.935,7.954,94.702,9.1,246.6659,356.34,0.023,1,997.2395,0,NA
2019-06-06 13:21:06,1,23.9069,1.3776,17.9008,33.371329,34.099,7.1937,84.85,8.977,252.9881,237.09,0.023,1,997.3425,0,NA
2019-06-06 13:21:06,1.6,22.8374,2.0032,16.9058,32.269762,33.451,9.6904,109.932,8.911,256.1302,187.8,0.0225,1,997.5198,0,NA
2019-06-06 13:21:06,2.8,17.2354,1.698,16.0406,27.201669,31.929,12.2354,126.133,8.878,273.2796,91.783,0.0201,1,998.6949,0,NA
2019-06-06 13:21:06,3.8,12.7561,2.6174,13.5748,24.460147,32.174,8.7321,80.98,8.845,287.9682,60.019,0.0185,1,999.4111,0,NA
2019-06-06 13:21:06,5,10.253,5.4899,12.6375,24.077083,34.159,4.5047,39.82,8.775,297.3189,29.451,0.0181,1,999.7162,0,NA
2019-06-06 13:21:06,5.2,9.9933,6.0468,12.1328,24.085817,34.316,4.415,38.914,8.764,300.3853,26.18,0.0181,1,999.7318,0,NA
2019-06-06 13:21:06,5.5,9.7511,3.6664,12.8827,24.171236,34.758,4.4981,39.571,8.749,301.4075,19.789,0.0181,1,999.7617,0,NA
2019-06-06 13:21:06,5.8,9.6911,2.7394,12.6231,24.172379,34.791,4.5104,39.656,8.727,304.8525,15.619,0.0181,1,999.7694,0,NA
2019-06-06 13:21:06,6,9.6775,2.1901,13.2576,24.078783,34.739,4.4911,39.472,8.714,306.7075,12.267,0.0181,1,999.7725,0,NA
2019-06-06 13:21:06,6.2,9.6601,2.0795,12.3636,24.165836,34.86,4.5119,39.636,8.697,307.5404,9.2247,0.0181,1,999.7736,0,NA
2019-06-06 13:21:06,8,9.5632,1.8697,6.9994,24.053694,34.766,4.53,39.721,8.587,315.869,0.94629,0.018,1,999.7908,0,NA
2019-06-06 13:21:06,9,9.5432,1.6179,4.8509,24.035689,34.789,4.4604,39.092,8.535,319.7683,0.18986,0.018,1,999.7975,0,NA
2019-06-06 13:21:06,9.3,9.5425,1.5759,4.4183,24.089291,34.869,4.464,39.117,8.52,316.7775,0.13005,0.0181,1,999.7988,0,NA
2019-06-06 15:56:07,0.1,25.2851,0.7138,0.871,34.258281,34.047,9.2919,110.285,8.806,272.7496,425.83,0.0233,1,996.9891,0,NA
2019-06-06 15:56:07,1,23.1468,1.4424,0.9719,32.703937,33.957,9.7159,112.854,8.752,269.456,360.63,0.0227,1,997.5221,0,NA
2019-06-06 15:56:07,1.6,22.148,2.0566,1.3469,31.581658,33.423,10.8881,123.419,8.711,270.6295,412.32,0.0222,1,997.7448,0,NA
2019-06-06 15:56:07,2.8,16.5,2.2511,1.0873,26.868994,32.102,11.8587,118.5,8.693,284.8639,149.07,0.02,1,998.8281,0,NA
2019-06-06 15:56:07,3.8,12.7733,2.7318,0.5538,24.562978,32.451,9.172,85.381,8.677,295.1989,76.136,0.0186,1,999.4252,0,NA
2019-06-06 15:56:07,5,10.6356,5.8103,0.7989,24.314712,33.974,4.2882,37.809,8.633,307.5782,38.113,0.0183,1,999.6669,0,NA
2019-06-06 15:56:07,5.2,9.9177,6.3787,1.1017,24.284452,34.587,4.504,39.603,8.627,307.0482,31.187,0.0182,1,999.731,0,NA
2019-06-06 15:56:07,5.5,9.6429,6.2337,1.5343,24.243233,34.933,4.6869,41.15,8.61,308.8654,24.614,0.0182,1,999.7696,0,NA
2019-06-06 15:56:07,5.8,9.6126,3.2354,2.7888,24.273113,35.076,4.7107,41.34,8.593,314.6575,19.644,0.0182,1,999.7763,0,NA
2019-06-06 15:56:07,6,9.5976,2.3656,3.4521,24.220947,35.015,4.7044,41.294,8.578,312.7647,15.624,0.0182,1,999.7787,0,NA
2019-06-06 15:56:07,6.2,9.6088,2.1748,3.7261,24.203013,34.929,4.6869,41.12,8.562,313.219,12.356,0.0181,1,999.7793,0,NA
2019-06-06 15:56:07,8,9.5705,1.7743,3.7261,24.226697,35.042,4.7134,41.328,8.455,323.4783,1.04,0.0182,1,999.7904,0,NA
2019-06-06 15:56:07,9,9.5675,1.8086,3.6252,24.189516,34.971,4.6906,41.126,8.401,325.5983,0.25555,0.0181,1,999.7959,0,NA
2019-06-06 15:56:07,9.3,9.5559,2.0833,4.0145,24.273719,35.134,4.6994,41.198,8.386,325.144,0.14007,0.0182,1,999.7974,0,NA
2019-06-10 09:59:09,0.1,21.6169,2.7814,1.4766,30.574508,32.78,8.7112,98.888,8.733,269.0017,86.588,0.0218,1,997.8749,0,NA
2019-06-10 09:59:09,1,21.2652,3.2735,1.318,30.381415,32.83,8.6816,97.686,8.645,275.2103,45.649,0.0217,1,997.9511,0,NA
2019-06-10 09:59:09,1.6,20.9721,2.1062,1.5776,30.402178,33.05,8.5361,95.339,8.595,280.0939,30.58,0.0217,1,998.0209,0,NA
2019-06-10 09:59:09,2.8,17.7555,2.6212,1.145,27.196034,31.828,12.3374,126.971,8.556,288.1953,11.75,0.0202,1,998.6701,0,NA
2019-06-10 09:59:09,3.8,13.4671,2.9721,0.6259,24.64812,31.811,9.4092,88.649,8.561,296.4103,6.4247,0.0186,1,999.3142,0,NA
2019-06-10 09:59:09,5,9.9544,2.6479,1.7073,24.392939,34.878,5.9376,52.53,8.537,304.3225,3.1838,0.0183,1,999.7423,0,NA
2019-06-10 09:59:09,5.2,9.9354,1.8697,3.3512,24.389163,34.912,5.9002,52.183,8.522,303.9818,2.7845,0.0183,1,999.746,0,NA
2019-06-10 09:59:09,5.5,9.9266,1.4424,3.7117,24.360698,34.846,5.8906,52.091,8.507,306.5182,1.9014,0.0182,1,999.7486,0,NA
2019-06-10 09:59:09,5.8,9.9227,1.595,3.8126,24.361083,34.851,5.8585,51.789,8.491,307.6918,1.3374,0.0182,1,999.7505,0,NA
2019-06-10 09:59:09,6,9.9101,1.6751,3.9424,24.375976,34.89,5.9073,52.221,8.483,309.8497,1.0401,0.0183,1,999.7513,0,NA
2019-06-10 09:59:09,6.2,9.9016,1.6103,3.8126,24.396537,34.948,5.9193,52.302,8.475,308.1082,0.77518,0.0183,1,999.7539,0,NA
2019-06-10 09:59:09,8,9.8781,1.595,4.0578,24.368887,34.932,5.9472,52.536,8.392,307.5404,0.12352,0.0183,1,999.7645,0,NA
2019-06-10 09:59:09,9,9.8561,1.6026,4.2741,24.363871,34.954,5.825,51.432,8.352,310.7961,0.12377,0.0183,1,999.771,0,NA
2019-06-10 09:59:09,9.3,9.8534,1.4539,4.0001,24.339797,34.917,5.7932,51.156,8.338,311.5911,0.12386,0.0182,1,999.7725,0,NA
2019-06-10 13:12:02,0.1,21.8045,1.8277,1.3757,30.813532,32.908,7.6841,87.464,9.345,257.5688,506.41,0.0219,1,997.83,0,NA
2019-06-10 13:12:02,1,21.7012,2.3618,1.6208,30.710075,32.895,7.1395,81.132,9.009,264.1181,288.72,0.0219,1,997.8586,0,NA
2019-06-10 13:12:02,1.6,21.5072,2.1596,1.8804,30.629166,32.903,7.0585,79.898,8.862,270.3267,189.03,0.0218,1,997.9019,0,NA
2019-06-10 13:12:02,2.8,17.8741,2.3122,1.0873,27.255558,31.696,12.2697,127.576,8.659,279.5639,72.348,0.0202,1,998.6297,0,NA
2019-06-10 13:12:02,3.8,14.3001,2.6097,0.7268,25.010125,31.771,10.4665,98.565,8.572,287.0217,38.981,0.0189,1,999.228,0,NA
2019-06-10 13:12:02,5,10.0851,2.6898,1.6641,24.517788,34.835,5.9831,53.006,8.508,297.281,19.031,0.0184,1,999.724,0,NA
2019-06-10 13:12:02,5.2,10.0091,2.255,2.7167,24.556931,35.068,5.9822,52.963,8.493,298.1139,16.26,0.0184,1,999.7389,0,NA
2019-06-10 13:12:02,5.5,9.9689,1.595,3.481,24.458593,34.957,5.9181,52.382,8.476,297.8489,12.29,0.0183,1,999.7444,0,NA
2019-06-10 13:12:02,5.8,9.9984,1.4157,3.8703,24.495331,35.015,5.8708,51.93,8.444,299.1739,8.2351,0.0183,1,999.7439,0,NA
2019-06-10 13:12:02,6,9.9371,1.5263,3.7838,24.411891,34.932,5.9408,52.536,8.434,301.8618,6.7485,0.0183,1,999.748,0,NA
2019-06-10 13:12:02,6.2,9.9216,1.5225,3.8126,24.423507,34.964,5.9846,52.931,8.424,301.7482,5.1315,0.0183,1,999.7519,0,NA
2019-06-10 13:12:02,8,9.9031,1.5263,4.1299,24.394076,34.947,5.9376,52.479,8.337,300.9532,0.53649,0.0183,1,999.7621,0,NA
2019-06-10 13:12:02,9,9.8803,1.5225,4.0866,24.381596,34.97,5.8903,52.037,8.29,301.8996,0.12344,0.0183,1,999.769,0,NA
2019-06-10 13:12:02,9.3,9.8765,1.3623,3.8992,24.427375,35.015,5.8681,51.838,8.281,302.4675,0.12383,0.0183,1,999.7708,0,NA
2019-06-13 13:16:19,0.1,21.6123,1.7481,1.8264,33.004,30.747371,9.0006,102.114,9.285,262.4291,211.63,1.8582818347528,1,997.8763,0,NA
2019-06-13 13:16:19,1,21.4024,2.416,1.7685,32.941,30.536658,8.9959,101.605,8.948,262.5337,101.09,1.86337367866265,1,997.9268,0,NA
2019-06-13 13:16:19,1.6,20.8938,2.3854,2.2904,33.104,30.301148,9.4625,105.66,8.705,266.3533,62.316,1.89502164914321,1,998.0405,0,NA
2019-06-13 13:16:19,2.8,18.0409,3.1186,1.7246,32.125,27.537214,12.4055,130.664,8.452,278.8263,21.716,1.96276744703347,1,998.6176,0,NA
2019-06-13 13:16:19,3.8,13.348,4.2321,0.8261,32.891,24.937932,8.6464,81.899,8.415,290.5906,10.784,2.26220007251653,1,999.3662,0,NA
2019-06-13 13:16:19,5,10.1932,2.0158,3.2962,35.264,24.803719,6.5495,58.258,8.304,302.7838,4.5789,2.64916521677453,1,999.7227,0,NA
2019-06-13 13:16:19,5.2,10.1753,2.0858,3.2892,35.299,24.824304,6.6358,59.016,8.288,304.4613,3.6928,2.65324850161829,1,999.7252,0,NA
2019-06-13 13:16:19,5.5,10.1564,1.882,3.5342,35.334,24.848411,6.6285,58.949,8.27,304.8442,2.6944,2.65740456532049,1,999.7283,0,NA
2019-06-13 13:16:19,5.8,10.1584,1.8166,3.3818,35.295,24.816138,6.546,58.206,8.25,305.3284,1.9689,2.65413276571724,1,999.7295,0,NA
2019-06-13 13:16:19,6,10.1355,1.8736,3.5287,35.276,24.789063,6.6672,59.257,8.234,306.2124,1.571,2.65427083847456,1,999.7326,0,NA
2019-06-13 13:16:19,6.2,10.1274,1.8237,3.3313,35.299,24.800697,6.7071,59.601,8.215,305.886,1.3013,2.65668991725521,1,999.7342,0,NA
2019-06-13 13:16:19,8,10.1232,1.5203,3.3677,35.334,24.816639,6.6983,59.506,8.089,310.9921,0.15708,2.659720910713,1,999.743,0,NA
2019-06-13 13:16:19,9,10.1177,1.424,3.5555,35.283,24.786555,6.696,59.498,8.034,314.2596,0.36356,2.65600436246131,1,999.7482,0,NA
2019-06-13 13:16:19,9.3,10.1106,1.527,3.5371,35.3,24.787818,6.701,59.52,8.024,313.7638,0.1236,2.65786823415493,1,999.7502,0,NA
2019-06-17 09:56:47,0.1,23.4395,0.8472,1.5262,34.327,33.266426,6.2705,73.733,8.494,286.3259,1052.4,1.8596635493585,1,997.4527,0,NA
2019-06-17 09:56:47,1,23.3641,1.4759,1.5663,33.973,32.802985,6.9949,81.977,8.361,291.4005,360.19,1.8424071817256,1,997.4747,0,NA
2019-06-17 09:56:47,1.6,21.3419,1.7169,2.2403,33.365,30.81709,8.6306,97.156,8.35,291.0624,273.67,1.89137332640132,1,997.943,0,NA
2019-06-17 09:56:47,2.8,18.5916,2.4698,1.713,32.92,28.611491,10.6033,113.053,8.305,302.888,80.493,1.98792936854977,1,998.5143,0,NA
2019-06-17 09:56:47,3.8,13.8039,3.2814,0.8467,33.633,25.782539,8.9975,86.027,8.306,313.2865,40.051,2.2892502008305,1,999.3054,0,NA
2019-06-17 09:56:47,5,10.4113,1.2518,2.838,35.894,25.418775,7.2419,64.778,8.244,325.3295,15.086,2.68342657317605,1,999.7028,0,NA
2019-06-17 09:56:47,5.2,10.4058,1.246,2.8649,35.904,25.417508,7.2557,64.882,8.226,326.3239,11.953,2.68461502026742,1,999.7043,0,NA
2019-06-17 09:56:47,5.5,10.4006,1.1177,3.0572,35.885,25.403428,7.2733,65.038,8.209,328.7513,8.8783,2.68347447599768,1,999.7061,0,NA
2019-06-17 09:56:47,5.8,10.3874,1.1526,2.8584,35.871,25.388555,7.2587,64.898,8.192,327.9088,6.4293,2.68331568818789,1,999.7088,0,NA
2019-06-17 09:56:47,6,10.383,1.1541,2.8531,35.857,25.374602,7.2686,64.978,8.179,329.1362,5.3136,2.68251743158667,1,999.7101,0,NA
2019-06-17 09:56:47,6.2,10.398,1.2,3.1352,35.882,25.401016,7.2536,64.862,8.165,330.09,4.1295,2.6833975552622,1,999.7097,0,NA
2019-06-17 09:56:47,8,10.3772,1.1874,3.0601,35.834,25.347849,7.3181,65.399,8.079,335.3008,0.63087,2.68103260314877,1,999.7201,0,NA
2019-06-17 09:56:47,9,10.3476,1.1317,2.9934,35.814,25.321216,7.2354,64.633,8.034,336.691,0.17832,2.68156876938832,1,999.7274,0,NA
2019-06-17 09:56:47,9.3,10.3562,1.0252,3.1317,35.885,25.371834,7.2514,64.775,8.022,336.3257,0.12759,2.68657238867774,1,999.728,0,NA
2019-06-20 15:10:10,0.1,24.8176,2.0948,1.3378,33.646,33.525168,5.8319,70.344,9.31,268.0334,138.88,1.76666498714092,1,997.1113,0,NA
2019-06-20 15:10:10,1,23.5203,3.0809,2.4275,34.086,33.050632,11.9237,140.278,8.918,246.9615,72.597,1.84253699246798,1,997.437,0,NA
2019-06-20 15:10:10,1.6,22.0231,3.7666,2.6576,33.641,31.516699,11.5333,131.511,8.769,239.3048,44.715,1.87871838834324,1,997.7907,0,NA
2019-06-20 15:10:10,2.8,18.2472,3.5746,1.5509,32.327,27.653908,11.9243,125.369,8.549,265.4106,14.552,1.96610142380969,1,998.5793,0,NA
2019-06-20 15:10:10,3.8,12.9837,3.1615,1.1032,35.143,26.428315,5.9846,56.3,8.466,280.1544,7.6108,2.44995081697026,1,999.4136,0,NA
2019-06-20 15:10:10,5,10.5969,1.0757,3.3698,38.181,27.156835,6.3249,56.781,8.335,296.7109,2.9409,2.85101320802756,1,999.6859,0,NA
2019-06-20 15:10:10,5.2,10.5066,0.7671,4.6425,37.853,26.854083,6.3164,56.583,8.313,298.4004,2.3819,2.83192467629686,1,999.6954,0,NA
2019-06-20 15:10:10,5.5,10.4301,0.6121,4.8393,37.129,26.315915,6.5705,58.814,8.28,302.3931,1.7173,2.78017036157093,1,999.7039,0,NA
2019-06-20 15:10:10,5.8,10.4369,0.6379,4.6565,36.304,25.708118,6.8582,61.342,8.246,303.5406,1.195,2.71406911547217,1,999.7044,0,NA
2019-06-20 15:10:10,6,10.4053,0.6073,4.4618,35.855,25.373596,7.2105,64.459,8.222,305.8094,0.95218,2.68072799292217,1,999.7081,0,NA
2019-06-20 15:10:10,6.2,10.782,0.7577,4.0114,36.6,26.099625,6.7425,60.661,8.101,317.0069,0.77121,2.71202195199605,1,999.6732,0,NA
2019-06-20 15:10:10,8,10.2663,0.5321,3.2467,42.079,29.686596,5.8403,52.078,8.019,322.9214,0.12362,3.19008490348109,1,999.7318,0,NA
2019-06-20 15:10:10,9,10.0965,0.495,5.3601,50.08,35.141561,3.9689,35.234,7.935,326.9985,0.12353,3.85820876266111,1,999.7538,0,NA
2019-06-20 15:10:10,9.3,10.0604,0.4782,6.2658,67.294,47.148233,0.01,0.01,7.843,330.8815,0.12356,5.29682151661801,1,999.764,0,NA
2019-06-24 09:48:11,0.1,23.7818,1.5783,1.7701,34.53,33.690757,9.2591,109.552,8.474,232.5069,544.53,1.85726999058526,1,997.3696,0,NA
2019-06-24 09:48:11,1,23.4688,1.8449,1.8303,34.477,33.414782,9.0858,106.847,8.416,236.3372,324.37,1.86704688747288,1,997.4497,0,NA
2019-06-24 09:48:11,1.6,22.6571,2.1668,1.8728,34.217,32.544134,10.2021,117.932,8.412,238.4551,183.03,1.88578864643853,1,997.6449,0,NA
2019-06-24 09:48:11,2.8,18.5045,3.4786,1.1448,32.625,28.033446,11.0177,116.296,8.421,259.5703,67.959,1.97314985743683,1,998.5309,0,NA
2019-06-24 09:48:11,3.8,13.8854,3.1002,0.6953,34.121,26.230018,8.1682,78.286,8.404,274.8548,35.488,2.31963315528809,1,999.2944,0,NA
2019-06-24 09:48:11,5,10.7217,0.8534,4.7163,38.67,27.567716,5.0013,44.984,8.295,290.6136,15.801,2.88006950028744,1,999.6743,0,NA
2019-06-24 09:48:11,5.2,10.5935,0.7245,5.564,39.842,28.361808,5.3299,47.882,8.274,291.3545,12.894,2.98333800729973,1,999.6877,0,NA
2019-06-24 09:48:11,5.5,10.5464,0.5684,6.1954,39.464,28.033897,5.256,47.135,8.243,292.8643,9.2325,2.95701567540382,1,999.6938,0,NA
2019-06-24 09:48:11,5.8,10.4901,0.567,6.5619,38.437,27.272391,5.3343,47.79,8.218,294.7794,6.1374,2.87965819052423,1,999.7001,0,NA
2019-06-24 09:48:11,6,10.4747,0.7004,5.9427,37.43,26.53929,5.5212,49.436,8.21,296.2509,4.6329,2.80070131172772,1,999.7022,0,NA
2019-06-24 09:48:11,6.2,10.4502,0.5615,5.3712,36.962,26.182807,5.854,52.375,8.195,299.1455,3.5813,2.76534112862723,1,999.7052,0,NA
2019-06-24 09:48:11,8,10.2283,0.4934,3.6479,38.546,27.145303,5.4115,48.183,8.101,305.0034,0.64531,2.9089552040569,1,999.7343,0,NA
2019-06-24 09:48:11,9,10.02,0.4434,8.0322,63.914,44.715254,1.515,13.418,7.971,313.0036,0.19936,5.0179653694409,1,999.7647,0,NA
2019-06-24 09:48:11,9.3,9.9806,1.5686,24.8142,119.725,83.874025,0.01,0.01,7.842,262.3679,0.12699,9.86750536253488,1,999.7804,0,NA
2019-06-27 09:36:25,0.1,25.4849,1.0012,2.0467,34.806,35.138087,8.3425,101.85,7.208,269.5463,1233.9,1.80513363093286,1,996.9394,0,NA
2019-06-27 09:36:25,1,25.2753,1.7488,2.0537,34.468,34.657299,8.4093,102.284,7.221,272.7025,297.4,1.79460304932124,1,996.9977,0,NA
2019-06-27 09:36:25,1.6,23.312,2.5141,2.3466,35.276,33.995606,12.062,141.113,7.291,264.3045,221.41,1.91953701163424,1,997.4904,0,NA
2019-06-27 09:36:25,2.8,18.8661,4.1995,1.5415,33.32,29.008867,11.8554,126.599,7.389,287.7942,63.301,2.00045208023932,1,998.4615,0,NA
2019-06-27 09:36:25,3.8,15.0594,3.5966,1.1423,33.035,26.239351,10,98.561,7.334,304.9808,31.267,2.17546355575928,1,999.1247,0,NA
2019-06-27 09:36:25,5,10.9591,2.6439,1.3453,41.224,29.631998,5.5352,50.129,7.215,327.2566,12.357,3.06305151426566,1,999.6512,0,NA
2019-06-27 09:36:25,5.2,10.7817,1.6402,2.0932,42.184,30.150101,3.8236,34.464,7.164,330.6647,9.7955,3.15411875870586,1,999.6703,0,NA
2019-06-27 09:36:25,5.5,10.5557,0.7157,9.3172,40.37,28.687464,4.4185,39.636,7.118,333.6372,7.5974,3.02850855132777,1,999.693,0,NA
2019-06-27 09:36:25,5.8,10.4626,0.6857,7.9271,39.908,28.296478,4.9048,43.918,7.09,336.4565,5.5016,2.99923380886251,1,999.7031,0,NA
2019-06-27 09:36:25,6,10.4319,0.6818,7.5314,39.136,27.738484,4.9249,44.084,7.076,335.9509,4.1034,2.94001874831186,1,999.7066,0,NA
2019-06-27 09:36:25,6.2,10.3845,0.7554,6.8425,38.694,27.378206,5.2395,46.833,7.062,336.2548,3.1664,2.90847429952153,1,999.7118,0,NA
2019-06-27 09:36:25,8,10.1977,0.793,4.0295,41.396,29.144622,4.6652,41.529,6.962,347.2182,0.4154,3.14089254650466,1,999.7379,0,NA
2019-06-27 09:36:25,9,10.0135,0.5274,7.8148,57.351,40.152895,0.01,0.01,6.837,349.1852,0.12643,4.46951779467382,1,999.7643,0,NA
2019-06-27 09:36:25,9.3,9.9631,1.5615,24.5155,69.78,48.798912,0.0559,0.496,6.775,310.3769,0.12377,5.5215895109446,1,999.774,0,NA
2019-07-01 09:47:11,0.1,26.5245,1.9082,1.9983,35.646,36.724476,7.8597,97.779,8.136,179.2201,539.48,1.81089050055901,1,996.6635,0,NA
2019-07-01 09:47:11,1,26.4406,2.7327,2.0813,35.329,36.347286,6.0381,75.019,7.846,201.288,268.01,1.79700068093812,1,996.69,0,NA
2019-07-01 09:47:11,1.6,25.0838,3.5363,4.2054,36.75,36.578031,7.4549,89.833,8.093,198.6112,140.89,1.92861499327147,1,997.0504,0,NA
2019-07-01 09:47:11,2.8,18.942,5.1634,2.0227,33.973,29.680331,12.5523,134.453,8.244,218.0827,35.763,2.03835440284656,1,998.4469,0,NA
2019-07-01 09:47:11,3.8,14.2997,5.3063,1.3312,34.367,26.929605,7.2761,70.881,8.058,229.2069,13.326,2.31271523826864,1,999.2366,0,NA
2019-07-01 09:47:11,5,11.4535,2.7076,1.5929,35.501,25.822533,4.9217,45.015,7.77,245.0493,4.6138,2.5786077309195,1,999.5982,0,NA
2019-07-01 09:47:11,5.2,11.2965,2.308,2.5456,37.247,26.909932,5.4731,49.777,7.743,248.0779,3.6317,2.72495210782132,1,999.6163,0,NA
2019-07-01 09:47:11,5.5,10.8789,1.8725,3.4397,38.283,27.419671,5.2217,47.149,7.726,250.8358,2.6946,2.83731080665374,1,999.6606,0,NA
2019-07-01 09:47:11,5.8,10.6256,1.546,3.7746,40.862,29.11797,4.5728,41.116,7.693,249.3988,1.8824,3.06195193236549,1,999.6872,0,NA
2019-07-01 09:47:11,6,10.5892,1.0913,5.1634,43.259,30.780487,4.0915,36.743,7.648,248.1443,1.4979,3.25670112381555,1,999.6929,0,NA
2019-07-01 09:47:11,6.2,10.5408,0.7355,7.1923,41.564,29.508558,3.5928,32.204,7.623,242.6994,1.1585,3.12513895872531,1,999.6982,0,NA
2019-07-01 09:47:11,8,10.2869,0.5001,14.5287,50.41,35.576836,1.049,9.356,7.365,229.0578,0.13706,3.86518119539251,1,999.7329,0,NA
2019-07-01 09:47:11,9,10.0362,0.6188,21.2496,74.976,52.460471,0.7878,6.978,7.264,206.5257,0.12353,5.95180422000839,1,999.7632,0,NA
2019-07-01 09:47:11,9.3,9.9496,0.5663,20.2431,97.464,68.20374,0.0909,0.806,7.045,177.9224,0.12364,7.91001378092477,1,999.7903,0,NA
2019-07-03 09:33:58,0.1,26.0533,2.2987,348.3078,35.307,36.048345,7.4198,91.537,7.883,229.2735,332.05,1.81060342245412,1,996.7898,0,NA
2019-07-03 09:33:58,1,26.0384,2.5569,322.65,35.293,36.029318,6.6213,81.675,7.882,236.884,211.51,1.81039937961242,1,996.7978,0,NA
2019-07-03 09:33:58,1.6,26.0436,2.6811,290.685,35.324,36.064441,6.6557,82.107,7.859,238.1447,134.52,1.81187295179809,1,996.7991,0,NA
2019-07-03 09:33:58,2.8,20.0254,3.5859,333.1118,34.625,30.998417,13.1976,144.476,8.026,241.1683,37.927,2.02763812242799,1,998.2295,0,NA
2019-07-03 09:33:58,3.8,13.9203,5.2812,307.6533,35.345,27.40538,6.0049,57.974,7.952,264.3958,13.77,2.40586220510823,1,999.2902,0,NA
2019-07-03 09:33:58,5,11.4987,3.3363,312.4036,36.508,26.576831,4.6767,42.804,7.805,278.086,3.7472,2.65314115766975,1,999.5936,0,NA
2019-07-03 09:33:58,5.2,11.1891,2.7286,305.5661,36.907,26.66742,4.9104,44.665,7.789,281.0497,3.0256,2.70633257463328,1,999.6274,0,NA
2019-07-03 09:33:58,5.5,10.923,2.1935,315.5107,37.115,26.645023,5.1505,46.596,7.741,283.949,2.1107,2.74213084506562,1,999.6561,0,NA
2019-07-03 09:33:58,5.8,10.7628,1.6351,346.0487,37.333,26.66283,5.2759,47.525,7.713,287.6811,1.5558,2.77122370515448,1,999.6733,0,NA
2019-07-03 09:33:58,6,10.6346,1.3117,319.3382,38.903,27.728798,5.1692,46.486,7.698,289.2024,1.2577,2.90534071806791,1,999.6873,0,NA
2019-07-03 09:33:58,6.2,10.6666,1.1321,300.2219,39.955,28.461551,3.9248,35.278,7.654,290.6284,1.0446,2.9863563456042,1,999.6856,0,NA
2019-07-03 09:33:58,8,10.2478,0.6836,316.0342,51.488,36.321413,3.5901,32.012,7.47,300.4407,0.12367,3.9576951297883,1,999.7363,0,NA
2019-07-03 09:33:58,9,10.0322,0.6316,314.9303,55.764,39.070325,0.1527,1.353,7.281,299.9749,0.12346,4.33521657891887,1,999.7621,0,NA
2019-07-03 09:33:58,9.3,9.98,0.8974,313.3168,94.121,65.851388,0.1093,0.969,7.193,253.6175,0.12354,7.61179548294908,1,999.7758,0,NA
2019-07-08 09:42:19,0.1,27.1774,1.9307,2.4572,37.263153,35.706,8.0976,101.954,5.86,241.2523,1020.8,0.0245,1,996.4846,0,NA
2019-07-08 09:42:19,1,27.0081,3.3078,2.7456,36.980495,35.553,7.908,99.221,5.957,250.3002,293.96,0.0244,1,996.5347,0,NA
2019-07-08 09:42:19,1.6,25.1394,3.2659,2.4572,36.413721,36.168,11.9868,144.431,6.086,243.9023,165.1,0.0242,1,996.9799,0,NA
2019-07-08 09:42:19,2.8,18.9052,3.2163,2.4572,30.84496,34.885,10.9102,115.155,6.31,253.0259,38.226,0.0219,1,998.4036,0,NA
2019-07-08 09:42:19,3.8,14.3104,5.1313,2.0102,28.370871,35.89,4.1188,39.471,6.167,278.201,15.098,0.0207,1,999.2074,0,NA
2019-07-08 09:42:19,5,11.5998,2.9912,2.3995,27.236097,37.168,3.5128,32.065,6.04,291.9432,3.544,0.02,1,999.5776,0,NA
2019-07-08 09:42:19,5.2,11.3707,2.3084,2.6879,26.737684,36.632,4.0454,36.763,6.026,295.0853,2.7595,0.0197,1,999.5989,0,NA
2019-07-08 09:42:19,5.5,11.0111,1.8735,2.9186,26.168215,36.297,4.6344,41.811,6.014,297.9246,1.84,0.0194,1,999.6412,0,NA
2019-07-08 09:42:19,5.8,10.7982,1.7819,2.6302,26.141606,36.412,4.6767,42.082,5.996,300.0446,1.2775,0.0194,1,999.6619,0,NA
2019-07-08 09:42:19,6,10.6849,1.2402,2.5149,26.594138,37.319,4.4003,39.623,5.986,300.9153,0.95585,0.0197,1,999.679,0,NA
2019-07-08 09:42:19,6.2,10.677,0.8664,2.2697,28.768315,40.369,3.1658,28.497,5.983,302.5054,0.80669,0.0209,1,999.6878,0,NA
2019-07-08 09:42:19,8,10.3427,0.4887,5.7016,37.057406,52.489,0.0121,0.108,5.892,313.6354,0.12358,0.0261,1,999.7292,0,NA
2019-07-08 09:42:19,9,10.05,1.1258,21.5922,39.696731,56.917,0.1324,1.174,5.84,206.4236,0.12363,0.0279,1,999.7621,0,NA
2019-07-08 09:42:19,9.3,10.0613,0.9503,21.0875,90.600208,129.088,0.1186,1.053,5.816,182.6114,0.12346,0.0605,1,999.789,0,NA
2019-07-08 14:49:07,0.1,29.5736,1.9994,2.2697,39.710783,36.331,6.7455,88.496,6.231,251.8523,1533.6,0.0253,1,995.7809,0,NA
2019-07-08 14:49:07,1,29.1191,2.8691,2.212,39.422841,36.384,7.6209,99.139,6.284,257.2281,641.68,0.0252,1,995.9226,0,NA
2019-07-08 14:49:07,1.6,26.4637,3.2773,2.5149,38.138298,36.644,8.5635,102.643,6.455,252.5338,324.54,0.0248,1,996.5305,0,NA
2019-07-08 14:49:07,2.8,19.3895,3.1705,1.9236,31.674706,35.471,12.5811,133.745,6.706,269.721,78.04,0.0223,1,998.3058,0,NA
2019-07-08 14:49:07,3.8,14.473,6.291,1.5199,28.246259,35.56,4.674,45.082,6.572,281.646,28.925,0.0206,1,999.1768,0,NA
2019-07-08 14:49:07,5,11.3179,1.7056,2.1976,28.142871,38.751,4.3262,39.297,6.396,300.9153,7.7688,0.0206,1,999.6075,0,NA
2019-07-08 14:49:07,5.2,11.17,1.5263,2.7456,27.304945,37.575,4.4924,40.584,6.375,306.1396,5.9654,0.02,1,999.6215,0,NA
2019-07-08 14:49:07,5.5,10.8489,1.08,2.9763,28.707638,40.015,3.7488,33.703,6.355,307.7675,4.0507,0.0209,1,999.6605,0,NA
2019-07-08 14:49:07,5.8,10.6396,0.9084,3.8559,28.372106,39.742,3.9223,35.174,6.325,314.3925,2.8944,0.0207,1,999.6824,0,NA
2019-07-08 14:49:07,6,10.5368,0.8549,5.2979,28.232064,39.724,3.8963,34.931,6.311,316.8154,2.2755,0.0206,1,999.6952,0,NA
2019-07-08 14:49:07,6.2,10.5126,0.6947,7.7781,28.735423,40.447,3.6723,32.845,6.299,315.1497,1.7753,0.0209,1,999.7011,0,NA
2019-07-08 14:49:07,8,10.2469,0.6108,9.8401,32.242896,45.726,2.465,21.96,6.164,313.1054,0.12399,0.0231,1,999.7348,0,NA
2019-07-08 14:49:07,9,10.164,0.5879,13.8776,34.211846,48.622,0.7457,6.629,6.112,312.6132,0.12335,0.0243,1,999.7485,0,NA
2019-07-08 14:49:07,9.3,10.1395,0.668,14.5554,36.918246,52.622,0.2006,1.783,6.097,317.9133,0.1234,0.026,1,999.753,0,NA
2019-07-15 09:44:04,0.1,27.8368,4.3896,1.6234,36.445,38.515285,8.2928,105.644,6.648,195.9149,146.91,1.8038357049644,1,996.3007,0,NA
2019-07-15 09:44:04,1,27.5106,4.7817,1.8293,36.418,37.996244,8.8108,110.907,6.679,205.0398,61.134,1.81462540696464,1,996.3964,0,NA
2019-07-15 09:44:04,1.6,26.2066,6.1003,3.467,36.434,37.188541,11.3722,140.26,6.815,206.453,33.829,1.86577956299151,1,996.7559,0,NA
2019-07-15 09:44:04,2.8,19.735,4.6929,3.7469,35.26,31.236239,12.8698,139.571,6.968,227.2862,9.5755,2.08112375771839,1,998.2893,0,NA
2019-07-15 09:44:04,3.8,15.0033,5.0829,1.5648,36.481,28.918442,6.6672,65.602,6.834,246.5137,3.8383,2.42036507030016,1,999.1341,0,NA
2019-07-15 09:44:04,5,11.047,2.4843,8.3146,41.112,29.645521,5.1265,46.551,6.65,263.8425,0.86531,3.04695667095831,1,999.6425,0,NA
2019-07-15 09:44:04,5.2,11.0571,1.993,9.1877,41.083,29.60227,5.0988,46.27,6.63,263.8887,0.56291,3.04383124498882,1,999.6424,0,NA
2019-07-15 09:44:04,5.5,11.0089,2.0554,9.1628,41.066,29.576933,5.1407,46.634,6.592,268.1287,0.28078,3.04643832403601,1,999.6487,0,NA
2019-07-15 09:44:04,5.8,11.0036,1.7799,9.7024,41.077,29.582536,5.1261,46.498,6.564,271.6094,0.12754,3.04772914748599,1,999.6506,0,NA
2019-07-15 09:44:04,6,11.0121,1.6552,9.4322,41.024,29.564512,5.1367,46.621,6.547,275.5825,0.12355,3.04283838722,1,999.6507,0,NA
2019-07-15 09:44:04,6.2,11.0029,1.8872,9.2662,41.043,29.55462,5.1552,46.757,6.529,275.1764,0.12363,3.04508467254897,1,999.6526,0,NA
2019-07-15 09:44:04,8,10.9823,1.7738,9.2691,41.078,29.561558,5.1841,46.995,6.412,287.3113,0.12352,3.04946373934714,1,999.663,0,NA
2019-07-15 09:44:04,9,10.9897,1.8662,9.4715,41.006,29.521913,5.1826,46.997,6.369,292.0448,0.12359,3.04312371514618,1,999.6669,0,NA
2019-07-15 09:44:04,9.3,10.9828,1.9502,9.7577,41.071,29.553465,5.1717,46.88,6.354,292.8488,0.12362,3.04881107421411,1,999.669,0,NA
2019-07-18 09:39:15,0.1,27.6706,7.8681,2.069,36.18,38.115728,8.7438,111.063,7.247,219.5568,289.36,1.79611302815223,1,996.3475,0,NA
2019-07-18 09:39:15,1,27.591,7.6782,1.8589,36.17,38.041886,8.8312,112,7.358,231.5281,87.348,1.79853697196907,1,996.3738,0,NA
2019-07-18 09:39:15,1.6,26.7191,8.9775,2.0563,36.318,37.421068,11.5502,143.702,7.451,231.2356,59.528,1.83949720967417,1,996.6175,0,NA
2019-07-18 09:39:15,2.8,19.6376,5.3167,3.3306,35.753,31.621154,11.9509,129.416,7.555,252.1525,21.017,2.11680781687947,1,998.3092,0,NA
2019-07-18 09:39:15,3.8,14.7411,5.0894,2.0081,36.546,29.03598,5.111,50.386,7.33,284.6677,10.87,2.44107444674737,1,999.1735,0,NA
2019-07-18 09:39:15,5,11.2025,2.7145,8.5418,41.478,30.036379,5.384,49.063,7.077,307.4694,1.6486,3.06296715472364,1,999.6266,0,NA
2019-07-18 09:39:15,5.2,11.1898,2.1558,10.0052,41.471,30.022296,5.3554,48.789,7.046,314.3229,0.97119,3.06345486931215,1,999.6289,0,NA
2019-07-18 09:39:15,5.5,11.1799,1.6092,10.2232,41.429,29.981927,5.4137,49.306,7.01,314.3178,0.4586,3.06095570484751,1,999.6312,0,NA
2019-07-18 09:39:15,5.8,11.1878,1.4732,10.5147,41.492,30.035,5.4063,49.251,6.98,317.2188,0.18744,3.06524357170572,1,999.6319,0,NA
2019-07-18 09:39:15,6,11.1798,1.4881,10.1419,41.468,30.021269,5.4936,50.05,6.958,318.9621,0.12372,3.0640077563892,1,999.6337,0,NA
2019-07-18 09:39:15,6.2,11.1837,1.5867,10.3813,41.487,30.008362,5.4504,49.619,6.925,324.2143,0.12375,3.06517059914882,1,999.6342,0,NA
2019-07-18 09:39:15,8,11.1855,1.5805,10.8232,41.475,30.005934,5.5276,50.331,6.747,331.7189,0.12362,3.06399857347318,1,999.6423,0,NA
2019-07-18 09:39:15,9,11.148,1.4778,10.9553,41.487,29.993237,5.5108,50.148,6.688,335.424,0.12366,3.06799319834121,1,999.6509,0,NA
2019-07-18 09:39:15,9.3,11.1456,1.4739,10.6076,41.48,29.981826,5.4942,49.989,6.667,337.6465,0.12372,3.06762724047239,1,999.6526,0,NA
2019-07-22 10:09:47,0.1,27.4249,13.0698,1.7362,37.5177,35.778,8.5348,107.937,7.282,247.5745,202.04,0.0246,1,996.4159,0,NA
2019-07-22 10:09:47,1,27.3281,11.9139,1.7939,37.239551,35.597,8.4422,106.522,7.252,254.5402,81.497,0.0245,1,996.4438,0,NA
2019-07-22 10:09:47,1.6,26.8845,13.7946,1.8515,36.747595,35.291,9.1688,113.47,7.301,253.8966,47.35,0.0243,1,996.5288,0,NA
2019-07-22 10:09:47,2.8,20.5557,6.8098,1.765,33.299371,36.38,11.5534,124.324,7.172,279.526,17.134,0.023,1,998.0756,0,NA
2019-07-22 10:09:47,3.8,15.2966,5.3258,1.1161,29.570595,36.574,4.6424,45.017,7.068,301.6725,8.8895,0.0213,1,999.0721,0,NA
2019-07-22 10:09:47,5,11.3449,2.1901,11.3109,31.985325,43.992,4.8219,43.981,6.864,324.879,1.8125,0.0228,1,999.6113,0,NA
2019-07-22 10:09:47,5.2,11.2628,1.6599,15.5215,30.480938,41.961,5.4154,49.384,6.846,326.0526,1.0688,0.0219,1,999.619,0,NA
2019-07-22 10:09:47,5.5,11.2408,1.6522,12.2482,30.224151,41.668,5.2327,47.688,6.831,328.059,0.468,0.0218,1,999.625,0,NA
2019-07-22 10:09:47,5.8,11.2088,1.4615,10.9648,30.268922,41.779,5.0228,45.77,6.806,328.0969,0.18086,0.0218,1,999.6295,0,NA
2019-07-22 10:09:47,6,11.2042,0.9808,9.6238,30.16091,41.627,5.1032,46.526,6.793,331.6554,0.1265,0.0217,1,999.6307,0,NA
2019-07-22 10:09:47,6.2,11.2224,0.8511,9.7392,30.191828,41.715,5.0635,46.111,6.777,332.6776,0.12368,0.0218,1,999.6325,0,NA
2019-07-22 10:09:47,8,11.0534,0.9045,11.5272,31.149046,43.198,3.7598,34.142,6.639,338.4697,0.12352,0.0223,1,999.6563,0,NA
2019-07-22 10:09:47,9,10.9336,1.1525,21.8518,49.05741,68.168,0.01,0.01,6.546,336.9176,0.12366,0.0332,1,999.6834,0,NA
2019-07-22 10:09:47,9.3,10.9662,1.0915,24.4762,93.465026,129.818,0.0833,0.754,6.432,283.3496,0.12363,0.0612,1,999.7015,0,NA
2019-07-29 09:43:15,0.1,26.2249,5.8855,2.5198,36.175,37.060272,8.421,104.216,8.531,221.8287,723.85,1.85104078210784,1,996.7443,0,NA
2019-07-29 09:43:15,1,26.1616,7.7133,2.4832,35.996,36.833598,6.357,78.586,8.465,228.2951,201.75,1.84379338545774,1,996.7651,0,NA
2019-07-29 09:43:15,1.6,26.0438,16.5218,2.6214,35.983,36.694338,6.3124,77.787,8.525,228.2437,114.45,1.84768600398756,1,996.7991,0,NA
2019-07-29 09:43:15,2.8,21.4763,30.2314,2.2443,37.74,34.551325,8.917,99.59,8.233,247.5615,23.285,2.14863973655668,1,997.92,0,NA
2019-07-29 09:43:15,3.8,15.9808,5.6673,1.1013,37.357,30.317066,6.2684,62.942,8.07,263.2431,8.863,2.4221163558673,1,998.9816,0,NA
2019-07-29 09:43:15,5,11.8291,2.4361,6.862,54.375,39.961822,2.3833,21.99,7.774,279.4634,2.1653,4.0197877011027,1,999.5631,0,NA
2019-07-29 09:43:15,5.2,11.6476,1.7539,14.3535,51.163,37.433835,0.8851,8.136,7.707,241.1041,1.4625,3.7850830379505,1,999.5851,0,NA
2019-07-29 09:43:15,5.5,11.4432,1.5471,17.5951,48.381,35.220649,2.0495,18.758,7.654,227.7031,0.78793,3.58549140504368,1,999.6064,0,NA
2019-07-29 09:43:15,5.8,11.3606,1.2609,16.0479,51.243,37.249015,2.0686,18.91,7.605,230.3173,0.35261,3.82064506092928,1,999.6169,0,NA
2019-07-29 09:43:15,6,11.3261,1.257,15.3975,49.012,35.582444,1.7095,15.611,7.585,229.6407,0.17287,3.6468058572692,1,999.6211,0,NA
2019-07-29 09:43:15,6.2,11.2641,1.317,15.2132,46.652,33.831028,1.6584,15.131,7.572,229.1653,0.12372,3.46564721923439,1,999.6278,0,NA
2019-07-29 09:43:15,8,11.0387,2.6304,17.2954,58.927,42.464711,0.02,0.181,7.363,251.0894,0.12364,4.47419599949143,1,999.662,0,NA
2019-07-29 09:43:15,9,10.8844,3.7873,2.108,129.087,92.587115,0.1158,1.047,6.93,195.2583,0.1238,10.4430359450927,1,999.7051,0,NA
2019-07-29 09:43:15,9.3,10.8526,3.7252,1.7381,156.683,112.391034,0.1104,0.999,6.855,187.947,0.12375,12.8942196184882,1,999.717,0,NA
2019-08-01 09:36:36,0.1,25.5384,7.2768,3.5818,35.193,35.570775,8.6976,106.302,8.396,224.5915,893.87,1.82430650488192,1,996.9256,0,NA
2019-08-01 09:36:36,1,25.3866,10.3468,3.533,35.127,35.395046,8.5905,104.694,8.221,231.0942,199.93,1.82659180189472,1,996.9691,0,NA
2019-08-01 09:36:36,1.6,25.3124,12.4913,3.4965,35.224,35.448015,8.4502,102.863,8.211,232.9949,87.456,1.83483965117813,1,996.991,0,NA
2019-08-01 09:36:36,2.8,21.3415,21.4921,3.8196,38.165,35.217835,7.0491,79.29,7.83,265.5856,18.47,2.181009427058,1,997.95,0,NA
2019-08-01 09:36:36,3.8,16.0792,4.1133,3.5706,38.22,31.153334,3.9504,39.817,7.619,288.1246,5.267,2.47552615691032,1,998.966,0,NA
2019-08-01 09:36:36,5,12.0563,1.8972,7.8714,42.201,31.164043,3.186,29.513,7.378,305.868,0.82575,3.04945079286198,1,999.5336,0,NA
2019-08-01 09:36:36,5.2,11.7912,1.7579,7.4375,44.016,32.432649,2.7494,25.422,7.343,307.613,0.56658,3.21181312556162,1,999.5652,0,NA
2019-08-01 09:36:36,5.5,11.5506,1.3786,10.4367,43.131,31.493762,3.1096,28.535,7.303,312.3405,0.31427,3.16334489439961,1,999.5927,0,NA
2019-08-01 09:36:36,5.8,11.3846,1.4235,8.8464,42.667,31.056596,3.575,32.718,7.267,313.5878,0.1395,3.14105541160879,1,999.6117,0,NA
2019-08-01 09:36:36,6,11.3207,1.35,7.6538,42.146,30.595961,3.6299,33.146,7.253,314.9307,0.12432,3.10556023552626,1,999.6193,0,NA
2019-08-01 09:36:36,6.2,11.2784,0.9837,6.9298,46.499,33.715484,3.9076,35.647,7.231,315.6109,0.12369,3.45220560043543,1,999.6248,0,NA
2019-08-01 09:36:36,8,10.9763,0.9199,12.0102,65.905,47.447181,0.0652,0.591,6.985,309.0266,0.12368,5.05203162394014,1,999.6705,0,NA
2019-08-01 09:36:36,9,10.8854,3.3587,2.0263,111.741,80.187737,0.0997,0.902,6.605,195.8768,0.1237,8.93472755663662,1,999.7021,0,NA
2019-08-01 09:36:36,9.3,10.8893,3.3655,1.8164,118.035,84.686534,0.091,0.824,6.585,183.0004,0.12376,9.47842330526452,1,999.7058,0,NA
2019-08-05 12:01:40,0.1,26.496,3.786,3.1081,34.934,36.011785,6.4775,80.628,8.258,176.8862,452.03,1.77367679869077,1,996.671,0,NA
2019-08-05 12:01:40,1,26.2779,4.6688,3.2065,35.633,36.370137,8.8065,108.613,8.23,182.5765,126.75,1.81962104288329,1,996.7339,0,NA
2019-08-05 12:01:40,1.6,24.8638,8.4811,3.8844,36.313,36.141858,7.3869,89.008,8.118,204.1416,66.468,1.91337708237707,1,997.1067,0,NA
2019-08-05 12:01:40,2.8,21.0894,5.7854,2.6454,39.159,35.821974,4.4695,49.882,7.871,234.3529,17.186,2.25429744249476,1,998.0054,0,NA
2019-08-05 12:01:40,3.8,15.901,4.3375,1.8701,40.833,33.157808,2.1313,21.414,7.754,256.5373,6.9954,2.66752680282796,1,998.9959,0,NA
2019-08-05 12:01:40,5,12.0301,2.1297,6.9467,50.181,37.111926,2.1346,19.798,7.558,272.5886,1.4957,3.67002403917272,1,999.5392,0,NA
2019-08-05 12:01:40,5.2,11.8079,1.9271,7.9575,44.863,32.950214,1.5749,14.522,7.498,276.9674,1.0608,3.27622000978929,1,999.5641,0,NA
2019-08-05 12:01:40,5.5,11.5704,1.3,12.2306,45.669,33.358739,2.5339,23.258,7.482,277.392,0.59583,3.36018988207848,1,999.5916,0,NA
2019-08-05 12:01:40,5.8,11.4164,1.2692,10.7874,48.899,35.598109,2.3099,21.142,7.447,276.3231,0.34066,3.62903688051483,1,999.6101,0,NA
2019-08-05 12:01:40,6,11.3623,1.3397,11.0293,47.755,34.692511,1.1294,10.319,7.419,278.96,0.23716,3.54370637299275,1,999.617,0,NA
2019-08-05 12:01:40,6.2,11.2934,1.2236,12.8647,45.717,33.13949,1.5692,14.312,7.397,278.9901,0.14809,3.38900318662406,1,999.6248,0,NA
2019-08-05 12:01:40,8,11.048,2.1826,11.1526,114.495,82.622706,0.1033,0.938,7.001,274.7766,0.12367,9.13250084364121,1,999.6822,0,NA
2019-08-05 12:01:40,9,10.8379,3.1625,1.0843,113.054,80.995821,0.0908,0.82,6.842,179.3211,0.1237,9.05981340419957,1,999.7069,0,NA
2019-08-05 12:01:40,9.3,10.8127,2.9604,1.3011,158.066,113.280831,0.0861,0.778,6.799,161.9613,0.1237,13.0319752531691,1,999.7266,0,NA
2019-08-05 15:27:19,0.1,28.1296,2.8674,3.2223,35.962,38.074571,5.3382,68.118,8.664,201.6851,362.38,1.76782448711579,1,996.2175,0,NA
2019-08-05 15:27:19,1,26.116,4.0877,3.473,36.189,36.81332,9.7858,120.317,8.472,209.4853,143.94,1.8560600651888,1,996.7773,0,NA
2019-08-05 15:27:19,1.6,25.1024,6.5105,3.3025,36.498,36.429629,8.0166,96.852,8.11,226.7986,68.738,1.91383626055398,1,997.0457,0,NA
2019-08-05 15:27:19,2.8,21.3805,4.572,2.1941,39.301,35.977787,4.7876,53.467,7.647,253.8126,15.86,2.24797261372712,1,997.9417,0,NA
2019-08-05 15:27:19,3.8,16.0639,3.4794,1.4725,41.107,33.417697,1.7307,17.405,7.467,276.7509,6.3124,2.67570798526809,1,998.9693,0,NA
2019-08-05 15:27:19,5,12.4004,1.4862,4.8589,42.793,31.962998,1.626,15.207,7.254,294.4497,1.3352,3.06695842239122,1,999.4937,0,NA
2019-08-05 15:27:19,5.2,12.1839,1.4578,5.3904,41.931,31.109928,2.319,21.567,7.243,295.483,0.99087,3.01846174399667,1,999.5196,0,NA
2019-08-05 15:27:19,5.5,11.8783,1.2076,4.9363,42.066,30.874502,2.9799,27.463,7.22,298.1301,0.55463,3.05345418722703,1,999.5561,0,NA
2019-08-05 15:27:19,5.8,11.4437,0.9706,4.4058,42.607,30.988974,3.5978,32.905,7.199,301.8954,0.27829,3.13138707918948,1,999.6052,0,NA
2019-08-05 15:27:19,6,11.2791,0.9193,4.1256,45.472,32.954089,3.1049,28.313,7.174,304.7983,0.1974,3.37096127349814,1,999.6247,0,NA
2019-08-05 15:27:19,6.2,11.2283,0.7103,4.8373,46.735,33.855951,1.9801,18.05,7.145,302.7261,0.13018,3.47556518628037,1,999.6311,0,NA
2019-08-05 15:27:19,8,11.0147,1.6298,10.4723,66.485,47.888914,0.4333,3.931,6.824,230.9529,0.12346,5.09437377521103,1,999.6686,0,NA
2019-08-05 15:27:19,9,10.9965,1.5899,10.5785,69.943,50.356172,0.3829,3.473,6.748,225.1091,0.1234,5.38141174851668,1,999.6764,0,NA
2019-08-05 15:27:19,9.3,10.9896,1.9372,10.7606,71.498,51.463396,0.3337,3.026,6.736,221.933,0.12349,5.51079727676664,1,999.6788,0,NA
2019-08-08 09:30:01,0.1,25.676,2.7481,3.3412,35.307,35.787119,7.897,96.772,7.709,231.7903,776.33,1.82519442050426,1,996.8895,0,NA
2019-08-08 09:30:01,1,25.5691,3.82,3.5333,35.288,35.691149,7.8797,96.366,7.701,244.5599,158.96,1.82830633545201,1,996.9215,0,NA
2019-08-08 09:30:01,1.6,24.4846,4.4389,3.5374,36.358,35.74762,5.3781,64.084,7.621,254.5734,85.28,1.93169308530596,1,997.2027,0,NA
2019-08-08 09:30:01,2.8,21.0982,4.074,2.8515,40.011,36.454337,3.1917,35.492,7.452,263.9059,20.421,2.30594214589914,1,998.0037,0,NA
2019-08-08 09:30:01,3.8,16.185,3.2138,2.1532,42.718,34.850004,1.1203,11.303,7.37,274.7733,7.5761,2.77900562536358,1,998.9496,0,NA
2019-08-08 09:30:01,5,11.9588,1.6476,8.2713,47.416,34.823753,0.5312,4.898,7.235,234.1556,1.6864,3.46133003616506,1,999.5463,0,NA
2019-08-08 09:30:01,5.2,11.6232,1.4674,10.2065,47.555,34.837729,1.8991,17.475,7.216,239.8833,1.2425,3.50334594630901,1,999.5849,0,NA
2019-08-08 09:30:01,5.5,11.621,1.1024,12.9356,47.592,34.808666,2.004,18.415,7.189,245.2786,0.7406,3.50644349445749,1,999.5864,0,NA
2019-08-08 09:30:01,5.8,11.5569,1.087,13.0496,47.516,34.742672,1.9866,18.251,7.166,249.4421,0.38557,3.50646768779543,1,999.5947,0,NA
2019-08-08 09:30:01,6,11.5473,1.04,13.5713,47.518,34.728938,1.9792,18.175,7.151,250.8948,0.2273,3.50751561654296,1,999.5968,0,NA
2019-08-08 09:30:01,6.2,11.5351,1.0808,13.68,47.552,34.754431,1.9649,18.044,7.137,252.72,0.12411,3.5113283424287,1,999.5991,0,NA
2019-08-08 09:30:01,8,11.4627,1.1447,13.7679,47.556,34.671592,1.9706,18.06,7.015,268.6648,0.12361,3.5183702652435,1,999.6152,0,NA
2019-08-08 09:30:01,9,11.4248,1.101,13.563,47.555,34.64619,1.9626,17.976,6.961,275.3463,0.12376,3.52181857294315,1,999.6239,0,NA
2019-08-08 09:30:01,9.3,11.4174,1.0262,14.4324,47.561,34.644933,1.9693,18.034,6.945,276.5034,0.12369,3.52297683450069,1,999.6261,0,NA
2019-08-12 09:37:12,0.1,25.4176,3.6011,4.0345,36.059,36.348231,8.8282,107.628,8.094,241.7049,670.9,1.87673699373287,1,996.9573,0,NA
2019-08-12 09:37:12,1,25.2582,4.9,4.0315,35.829,36.004096,8.841,107.476,7.992,251.0924,158.63,1.87042373131918,1,997.0026,0,NA
2019-08-12 09:37:12,1.6,24.538,5.8669,4.186,36.469,36.051164,6.2618,74.982,7.824,264.2274,83.904,1.93569764318593,1,997.1892,0,NA
2019-08-12 09:37:12,2.8,20.9167,4.816,2.276,40.447,36.94354,1.2861,14.334,7.492,286.2647,19.216,2.34236825210597,1,998.0432,0,NA
2019-08-12 09:37:12,3.8,15.7997,3.3408,2.2762,46.539,37.892735,0.0792,0.797,7.301,302.9318,8.0483,3.07363874972913,1,999.0137,0,NA
2019-08-12 09:37:12,5,11.7529,1.8485,10.5556,48.158,35.411826,2.4689,22.788,7.117,274.4604,2.1775,3.53845813730395,1,999.5698,0,NA
2019-08-12 09:37:12,5.2,11.7395,1.2775,13.4859,48.132,35.359451,2.2531,20.78,7.092,280.9525,1.7115,3.53767584548456,1,999.5723,0,NA
2019-08-12 09:37:12,5.5,11.7503,1.1287,13.8711,48.14,35.385056,2.2735,20.979,7.055,288.809,0.95448,3.53726738286534,1,999.5725,0,NA
2019-08-12 09:37:12,5.8,11.6963,1.0281,13.8959,48.18,35.368467,2.3695,21.84,7.022,293.3881,0.49323,3.54549413208253,1,999.5798,0,NA
2019-08-12 09:37:12,6,11.7031,1.02,14.1724,48.127,35.345586,2.3757,21.905,7.004,294.1903,0.27676,3.54068226743803,1,999.58,0,NA
2019-08-12 09:37:12,6.2,11.7152,1.096,14.3112,48.121,35.327838,2.3792,21.93,6.985,297.8229,0.13819,3.53905787733501,1,999.5795,0,NA
2019-08-12 09:37:12,8,11.6763,0.9663,14.2587,48.194,35.351861,2.4504,22.572,6.858,309.3235,0.12361,3.54837535048613,1,999.5922,0,NA
2019-08-12 09:37:12,9,11.6691,0.9709,14.3762,48.191,35.344112,2.4498,22.563,6.802,314.1884,0.12361,3.54877101711934,1,999.5977,0,NA
2019-08-12 09:37:12,9.3,11.6686,1.175,14.4362,48.202,35.354738,2.4221,22.309,6.784,317.1543,0.12369,3.54966737782792,1,999.5991,0,NA
2019-08-15 11:55:46,0.1,26.8346,3.9025,4.7342,37.305,38.679876,8.4199,105.373,8.758,235.8218,245.91,1.88794883368282,1,996.5796,0,NA
2019-08-15 11:55:46,1,26.0029,5.4095,5.3501,36.589,37.176997,10.708,131.508,8.789,244.7983,193.45,1.88231385498342,1,996.8077,0,NA
2019-08-15 11:55:46,1.6,24.7024,7.4212,3.9386,36.915,36.536808,6.8313,81.898,8.549,261.4626,77.348,1.95381987863349,1,997.1479,0,NA
2019-08-15 11:55:46,2.8,21.4635,5.6638,1.8172,43.405,39.899738,0.247,2.77,8.239,287.5862,22.406,2.49341014933212,1,997.9239,0,NA
2019-08-15 11:55:46,3.8,17.0848,3.7719,1.8143,51.57,42.825671,0.1947,1.996,8.057,269.8904,9.5757,3.32187505576212,1,998.7992,0,NA
2019-08-15 11:55:46,5,12.0818,1.23,13.7504,49.129,36.416356,2.6034,24.193,7.864,266.201,3.3194,3.58309091409716,1,999.5332,0,NA
2019-08-15 11:55:46,5.2,11.9965,1.0305,14.4857,49.189,36.397142,2.5431,23.598,7.849,271.2787,2.6119,3.59588593810558,1,999.5437,0,NA
2019-08-15 11:55:46,5.5,11.9785,0.9088,14.6207,49.155,36.366787,2.5152,23.336,7.813,274.3255,1.341,3.59493884835033,1,999.5472,0,NA
2019-08-15 11:55:46,5.8,11.958,0.9202,14.6404,49.11,36.329514,2.4888,23.089,7.777,280.4565,0.67541,3.59337231908401,1,999.5508,0,NA
2019-08-15 11:55:46,6,11.9656,0.9737,14.6106,49.113,36.305895,2.4577,22.787,7.76,283.4761,0.39616,3.59286903786775,1,999.551,0,NA
2019-08-15 11:55:46,6.2,11.9631,0.905,14.8647,49.179,36.330568,2.4987,23.155,7.729,283.8051,0.24578,3.59824798152729,1,999.5522,0,NA
2019-08-15 11:55:46,8,11.8746,1.1828,15.1243,49.057,36.192957,2.4834,22.987,7.537,295.056,0.12358,3.59709738486153,1,999.5705,0,NA
2019-08-15 11:55:46,9,11.863,0.9882,14.9262,48.99,36.127108,2.437,22.549,7.49,297.9224,0.12365,3.59291746598469,1,999.5764,0,NA
2019-08-15 11:55:46,9.3,11.8607,1.2311,14.8446,49.051,36.166181,2.4388,22.562,7.474,301.1011,0.12365,3.59789406566861,1,999.578,0,NA
2019-08-19 09:40:08,0.1,27.4585,2.9299,6.2597,37.5,39.347954,9.2171,116.636,8.788,316.4908,951.95,1.87383524095423,1,996.4073,0,NA
2019-08-19 09:40:08,1,27.4223,3.283,5.8501,37.498,39.317614,9.2978,117.581,8.763,319.2524,136.95,1.87512451481374,1,996.4214,0,NA
2019-08-19 09:40:08,1.6,25.8288,3.8733,5.8947,36.741,37.252242,9.1037,111.589,8.6,317.8877,51.242,1.89760170126995,1,996.8564,0,NA
2019-08-19 09:40:08,2.8,20.8074,6.2842,1.8335,47.552,43.245801,0.2047,2.274,8.076,322.2733,10.113,2.78921272230558,1,998.0686,0,NA
2019-08-19 09:40:08,3.8,16.2391,2.6752,2.3246,61.045,49.696138,0.153,1.541,7.701,323.9733,3.2506,4.06118436347544,1,998.9463,0,NA
2019-08-19 09:40:08,5,12.7096,1.7304,11.0218,49.574,37.061548,1.2601,11.795,7.47,320.3391,1.0607,3.55825511475894,1,999.4585,0,NA
2019-08-19 09:40:08,5.2,12.2239,1.2077,13.3215,49.713,36.968039,1.7279,16.101,7.457,322.764,0.7922,3.61488635659641,1,999.5176,0,NA
2019-08-19 09:40:08,5.5,12.107,1.0823,14.6393,49.759,36.885894,2.3689,22.016,7.428,324.9928,0.39069,3.62966696868271,1,999.5326,0,NA
2019-08-19 09:40:08,5.8,12.03,1.0283,14.7391,49.809,36.882336,2.6463,24.57,7.396,328.2453,0.14803,3.64097536469117,1,999.543,0,NA
2019-08-19 09:40:08,6,12.0122,0.975,14.8835,49.795,36.858191,2.6223,24.339,7.381,326.7205,0.12389,3.64159610349273,1,999.5458,0,NA
2019-08-19 09:40:08,6.2,12.0066,0.8538,14.8408,49.783,36.855547,2.6142,24.268,7.358,323.5811,0.12379,3.6411908148347,1,999.5474,0,NA
2019-08-19 09:40:08,8,12.0071,0.8614,15.119,49.733,36.794278,2.5311,23.483,7.188,326.6592,0.12378,3.637148973655,1,999.5557,0,NA
2019-08-19 09:40:08,9,11.9827,0.8017,14.8625,49.794,36.84148,2.4649,22.87,7.115,339.5928,0.1237,3.64421858708343,1,999.5631,0,NA
2019-08-19 09:40:08,9.3,12.0074,1.032,14.8847,49.765,36.850635,2.4669,22.904,7.076,331.4508,0.12367,3.63955161690133,1,999.5615,0,NA
2019-08-22 09:26:00,0.1,27.299,3.1847,6.739,38.32,40.088599,9.3775,118.336,9.029,193.8741,548.46,1.92366545986255,1,996.4519,0,NA
2019-08-22 09:26:00,1,27.2475,3.6492,6.7705,36.552,37.779203,9.4755,118.232,8.821,207.1073,90.401,1.83169779228963,1,996.4702,0,NA
2019-08-22 09:26:00,1.6,25.1758,4.5197,4.2883,37.337,37.085758,5.1032,61.391,8.517,216.044,33.441,1.95740317054898,1,997.0269,0,NA
2019-08-22 09:26:00,2.8,21.53,9.0609,1.584,44.448,40.949509,0.1882,2.114,7.873,210.5002,7.8158,2.55329295553128,1,997.9101,0,NA
2019-08-22 09:26:00,3.8,16.0575,2.6329,3.0602,62.12,50.154503,0.1651,1.65,7.462,186.1781,2.0778,4.15642280463974,1,998.9765,0,NA
2019-08-22 09:26:00,5,12.3384,1.3337,10.283,50.839,37.862471,1.2166,11.351,7.28,177.5025,0.53824,3.6911150118664,1,999.5036,0,NA
2019-08-22 09:26:00,5.2,12.1857,1.1734,13.8201,51.592,38.297911,1.2954,12.053,7.262,179.5889,0.39348,3.76465383064968,1,999.5225,0,NA
2019-08-22 09:26:00,5.5,12.0411,1.9871,15.6118,49.709,36.805457,1.8749,17.406,7.233,185.2792,0.17434,3.63212337594392,1,999.5403,0,NA
2019-08-22 09:26:00,5.8,12.0018,1.3399,14.1252,49.583,36.689254,2.2953,21.299,7.217,186.8794,0.1237,3.62607254975385,1,999.546,0,NA
2019-08-22 09:26:00,6,11.9916,0.6327,13.3384,49.661,36.74622,2.2377,20.764,7.205,187.6722,0.1238,3.63313139878515,1,999.5482,0,NA
2019-08-22 09:26:00,6.2,11.9907,0.6524,13.0854,49.697,36.764742,2.1081,19.557,7.193,190.104,0.12368,3.63601731179489,1,999.5493,0,NA
2019-08-22 09:26:00,8,11.8875,5.8245,14.8436,104.745,77.436841,0.0812,0.753,6.991,194.0419,0.12374,8.1109344585867,1,999.5757,0,NA
2019-08-22 09:26:00,9,11.7294,4.7206,2.3147,143.412,105.345092,0.099,0.913,6.676,182.1424,0.1236,11.4399382415601,1,999.6183,0,NA
2019-08-22 09:26:00,9.3,11.7812,4.7067,2.044,168.477,123.860261,0.0961,0.888,6.58,179.6526,0.12373,13.6068570267683,1,999.6297,0,NA
2019-09-04 10:12:19,0.1,24.8166,0.9851,8.3094,36.321,36.245878,8.0823,97.628,7.358,93.6028,874.86,1.91580520107374,1,997.1122,0,NA
2019-09-04 10:12:19,1,24.9429,1.3231,7.8053,37.199,37.136189,6.5968,79.71,7.233,97.9031,187.85,1.95955372737232,1,997.084,0,NA
2019-09-04 10:12:19,1.6,24.3801,2.1577,6.7699,37.473,36.853836,6.1965,73.851,7.188,99.3832,75.364,1.99908291020189,1,997.2291,0,NA
2019-09-04 10:12:19,2.8,23.2915,15.3082,2.32,37.884,36.455478,5.8495,68.345,6.902,98.3673,14.577,2.07121715013765,1,997.5014,0,NA
2019-09-04 10:12:19,3.8,21.0471,4.6324,7.5301,43.296,39.482509,6.4522,71.809,6.662,49.9876,2.6225,2.5105133252458,1,998.0201,0,NA
2019-09-04 10:12:19,5,16.4991,1.4072,0.9008,65.41,53.736557,6.9407,70.442,6.613,18.9907,0.21991,4.34446449577558,1,998.9107,0,NA
2019-09-04 10:12:19,5.2,16.1422,1.1788,1.3215,65.705,53.872015,6.912,70.026,6.603,23.5462,0.16806,4.40421912842881,1,998.9712,0,NA
2019-09-04 10:12:19,5.5,15.7417,0.958,2.6541,68.872,55.438873,7.6345,76.123,6.588,28.4482,0.13431,4.67840161213311,1,999.0378,0,NA
2019-09-04 10:12:19,5.8,14.5456,0.7427,5.7993,67.324,53.600628,7.3426,72.526,6.577,33.5826,0.12472,4.70595119558913,1,999.2224,0,NA
2019-09-04 10:12:19,6,14.9128,0.6052,9.8858,66.637,53.058211,7.5871,74.941,6.572,36.4117,0.12369,4.61125686572014,1,999.1681,0,NA
2019-09-04 10:12:19,6.2,14.8287,0.5875,11.0013,65.867,52.122951,7.7376,76.025,6.561,41.3624,0.12368,4.56394748291299,1,999.1811,0,NA
2019-09-04 10:12:19,8,13.8829,0.7273,11.4994,63.857,49.42436,7.1909,69.322,6.49,55.9398,0.12373,4.52307725670301,1,999.3241,0,NA
2019-09-04 10:12:19,9,13.3868,0.7482,11.0896,62.84,47.455548,7.0126,66.202,6.472,59.4444,0.12383,4.5034448407692,1,999.3951,0,NA
2019-09-04 10:12:19,9.3,12.5535,0.7317,11.7848,61.487,46.060827,6.7129,62.943,6.466,58.7569,0.12357,4.49678373170359,1,999.5014,0,NA
2019-09-11 09:39:12,0.1,24.5514,1.3849,4.8831,38.224,37.876196,8.0967,97.168,6.853,164.1595,687.83,2.03403365763879,NA,997.1798,0,NA
2019-09-11 09:39:12,1,24.5102,1.6319,4.8585,38.114,37.744975,7.9866,95.793,6.816,170.204,154.84,2.02962352518735,NA,997.1941,0,NA
2019-09-11 09:39:12,1.6,24.1495,1.7535,5.3133,38.457,37.617988,7.4508,88.364,6.685,172.5029,66.171,2.06515395955842,NA,997.287,0,NA
2019-09-11 09:39:12,2.8,21.0619,7.6599,1.6643,47.451,43.505928,0.1991,2.226,6.41,173.1639,15.299,2.76666923138048,NA,998.0138,0,NA
2019-09-11 09:39:12,3.8,17.591,4.7294,17.5056,79.408,67.199686,0.1512,1.574,6.191,79.1327,2.8043,5.20691773449772,NA,998.7186,0,NA
2019-09-11 09:39:12,5,12.5012,1.146,5.1523,54.403,40.774729,0.4115,3.861,6.151,13.5035,0.12366,3.95096095990217,NA,999.4854,0,NA
2019-09-11 09:39:12,5.2,12.4875,0.8495,9.6529,54.299,40.68481,0.4912,4.605,6.159,24.3596,0.12361,3.9443077676688,NA,999.488,0,NA
2019-09-11 09:39:12,5.5,12.4163,0.853,11.0831,54.356,40.656208,0.502,4.701,6.161,35.9009,0.1237,3.95613939848955,NA,999.4978,0,NA
2019-09-11 09:39:12,5.8,12.3653,0.7734,11.0035,54.353,40.613485,0.5514,5.159,6.155,46.8698,0.12369,3.9612220293358,NA,999.5053,0,NA
2019-09-11 09:39:12,6,12.3585,0.8977,11.0348,54.319,40.579647,0.5608,5.246,6.143,52.6256,0.12369,3.95927595252898,NA,999.5071,0,NA
2019-09-11 09:39:12,6.2,12.3415,0.86,11.2945,54.335,40.578285,0.5901,5.518,6.071,56.0639,0.1237,3.96228998962128,NA,999.51,0,NA
2019-09-11 09:39:12,8,12.2977,1.2561,11.0181,54.357,40.550802,0.5946,5.555,6.049,88.6495,0.12362,3.96849708917023,NA,999.5235,0,NA
2019-09-11 09:39:12,9,12.2913,1.0992,10.9986,54.352,40.537431,0.5751,5.373,6.026,95.1933,0.12374,3.96872284354702,NA,999.529,0,NA
2019-09-11 09:39:12,9.3,12.2892,1.1757,11.281,54.411,40.57823,0.5518,5.155,6.026,98.1335,0.1237,3.97352921743997,NA,999.5305,0,NA
2019-09-20 11:34:42,0.1,22.223,2.5014,5.8764,39.517,37.255767,4.6858,77.225,6.777,214.6765,145.13,2.21841117425833,0.049,NA,0,NA
2019-09-20 11:34:42,1,21.9174,3.0277,6.4737,39.08,36.66714,4.8717,79.829,6.551,221.8203,121.17,2.2075255858919,0.034,NA,0,NA
2019-09-20 11:34:42,1.6,21.8733,2.7778,5.9639,39.043,36.60424,4.8903,79.466,6.52,221.8149,40.572,2.20749377386633,0.033,NA,0,NA
2019-09-20 11:34:42,2.8,21.1269,2.5612,6.3506,43.58,40.126583,3.6285,47.456,6.531,223.3932,7.683,2.52343213879281,0.03,NA,0,NA
2019-09-20 11:34:42,3.8,17.026,3.4796,17.6234,93.902,78.191634,0.0987,1.504,6.182,161.5164,1.4377,6.3215332127704,0.056,NA,0,NA
2019-09-20 11:34:42,5,12.6148,1.5189,3.6851,56.204,42.300818,1.1678,15.164,6.184,30.3004,0.12367,4.07861180185256,0.032,NA,0,NA
2019-09-20 11:34:42,5.2,12.5867,0.8725,10.8346,56.08,42.154532,1.1089,15.08,6.202,47.8754,0.12372,4.07199782532566,0.046,NA,0,NA
2019-09-20 11:34:42,5.5,12.6017,0.6399,12.0182,56.015,42.117113,1.1256,15.14,6.194,68.5561,0.12366,4.06533269468545,0.035,NA,0,NA
2019-09-20 11:34:42,5.8,12.5752,0.7233,12.4313,56.025,42.108237,1.1253,15.176,6.144,79.9304,0.12371,4.06892966989073,0.076,NA,0,NA
2019-09-20 11:34:42,6,12.575,0.6478,12.2168,56.064,42.133645,1.1237,15.116,6.143,84.8149,0.12375,4.07196579355364,0.059,NA,0,NA
2019-09-20 11:34:42,6.2,12.5903,0.6368,12.3613,56.072,42.148633,1.1337,15.233,6.134,89.0716,0.12371,4.07093434760638,0.027,NA,0,NA
2019-09-20 11:34:42,8,12.5625,0.7103,12.8787,56.08,42.133529,1.1654,15.684,6.051,124.7977,0.12373,4.07443504886121,0.055,NA,0,NA
2019-09-20 11:34:42,9,12.5653,0.7809,12.2198,56.097,42.14875,1.1334,15.212,6.016,135.7266,0.12365,4.07539802285075,0.109,NA,0,NA
2019-09-20 11:34:42,9.3,12.5667,1.0522,12.1947,56.096,42.147391,1.1356,15.206,6.012,136.1954,0.12363,4.07515166345459,0.064,NA,0,NA
