"Date","Depth","TNinf_interp"
2015-03-16,0.1,133
2015-03-16,1,133
2015-03-16,1.6,133
2015-03-16,2.8,133
2015-03-16,3.8,133
2015-03-16,5,133
2015-03-16,5.2,133
2015-03-16,5.5,133
2015-03-16,5.8,133
2015-03-16,6,133
2015-03-16,6.2,133
2015-03-16,8,133
2015-03-16,9,133
2015-03-16,9.3,133
2015-03-31,0.1,156
2015-03-31,1,156
2015-03-31,1.6,156
2015-03-31,2.8,156
2015-03-31,3.8,156
2015-03-31,5,156
2015-03-31,5.2,156
2015-03-31,5.5,156
2015-03-31,5.8,156
2015-03-31,6,156
2015-03-31,6.2,156
2015-03-31,8,156
2015-03-31,9,156
2015-03-31,9.3,156
2015-04-07,0.1,187
2015-04-07,1,187
2015-04-07,1.6,187
2015-04-07,2.8,187
2015-04-07,3.8,187
2015-04-07,5,187
2015-04-07,5.2,187
2015-04-07,5.5,187
2015-04-07,5.8,187
2015-04-07,6,187
2015-04-07,6.2,187
2015-04-07,8,187
2015-04-07,9,187
2015-04-07,9.3,187
2015-04-13,0.1,185
2015-04-13,1,185
2015-04-13,1.6,185
2015-04-13,2.8,185
2015-04-13,3.8,185
2015-04-13,5,185
2015-04-13,5.2,185
2015-04-13,5.5,185
2015-04-13,5.8,185
2015-04-13,6,185
2015-04-13,6.2,185
2015-04-13,8,185
2015-04-13,9,185
2015-04-13,9.3,185
2015-04-16,0.1,184
2015-04-16,1,184
2015-04-16,1.6,184
2015-04-16,2.8,184
2015-04-16,3.8,184
2015-04-16,5,184
2015-04-16,5.2,184
2015-04-16,5.5,184
2015-04-16,5.8,184
2015-04-16,6,184
2015-04-16,6.2,184
2015-04-16,8,184
2015-04-16,9,184
2015-04-16,9.3,184
2015-04-19,0.1,183
2015-04-19,1,183
2015-04-19,1.6,183
2015-04-19,2.8,183
2015-04-19,3.8,183
2015-04-19,5,183
2015-04-19,5.2,183
2015-04-19,5.5,183
2015-04-19,5.8,183
2015-04-19,6,183
2015-04-19,6.2,183
2015-04-19,8,183
2015-04-19,9,183
2015-04-19,9.3,183
2015-04-21,0.1,182
2015-04-21,1,182
2015-04-21,1.6,182
2015-04-21,2.8,182
2015-04-21,3.8,182
2015-04-21,5,182
2015-04-21,5.2,182
2015-04-21,5.5,182
2015-04-21,5.8,182
2015-04-21,6,182
2015-04-21,6.2,182
2015-04-21,8,182
2015-04-21,9,182
2015-04-21,9.3,182
2015-04-25,0.1,174.5
2015-04-25,1,174.5
2015-04-25,1.6,174.5
2015-04-25,2.8,174.5
2015-04-25,3.8,174.5
2015-04-25,5,174.5
2015-04-25,5.2,174.5
2015-04-25,5.5,174.5
2015-04-25,5.8,174.5
2015-04-25,6,174.5
2015-04-25,6.2,174.5
2015-04-25,8,174.5
2015-04-25,9,174.5
2015-04-25,9.3,174.5
2015-04-28,0.1,167
2015-04-28,1,167
2015-04-28,1.6,167
2015-04-28,2.8,167
2015-04-28,3.8,167
2015-04-28,5,167
2015-04-28,5.2,167
2015-04-28,5.5,167
2015-04-28,5.8,167
2015-04-28,6,167
2015-04-28,6.2,167
2015-04-28,8,167
2015-04-28,9,167
2015-04-28,9.3,167
2015-05-01,0.1,165.5
2015-05-01,1,165.5
2015-05-01,1.6,165.5
2015-05-01,2.8,165.5
2015-05-01,3.8,165.5
2015-05-01,5,165.5
2015-05-01,5.2,165.5
2015-05-01,5.5,165.5
2015-05-01,5.8,165.5
2015-05-01,6,165.5
2015-05-01,6.2,165.5
2015-05-01,8,165.5
2015-05-01,9,165.5
2015-05-01,9.3,165.5
2015-05-05,0.1,164
2015-05-05,1,164
2015-05-05,1.6,164
2015-05-05,2.8,164
2015-05-05,3.8,164
2015-05-05,5,164
2015-05-05,5.2,164
2015-05-05,5.5,164
2015-05-05,5.8,164
2015-05-05,6,164
2015-05-05,6.2,164
2015-05-05,8,164
2015-05-05,9,164
2015-05-05,9.3,164
2015-05-07,0.1,166.5
2015-05-07,1,166.5
2015-05-07,1.6,166.5
2015-05-07,2.8,166.5
2015-05-07,3.8,166.5
2015-05-07,5,166.5
2015-05-07,5.2,166.5
2015-05-07,5.5,166.5
2015-05-07,5.8,166.5
2015-05-07,6,166.5
2015-05-07,6.2,166.5
2015-05-07,8,166.5
2015-05-07,9,166.5
2015-05-07,9.3,166.5
2015-05-11,0.1,169
2015-05-11,1,169
2015-05-11,1.6,169
2015-05-11,2.8,169
2015-05-11,3.8,169
2015-05-11,5,169
2015-05-11,5.2,169
2015-05-11,5.5,169
2015-05-11,5.8,169
2015-05-11,6,169
2015-05-11,6.2,169
2015-05-11,8,169
2015-05-11,9,169
2015-05-11,9.3,169
2015-05-14,0.1,171.5
2015-05-14,1,171.5
2015-05-14,1.6,171.5
2015-05-14,2.8,171.5
2015-05-14,3.8,171.5
2015-05-14,5,171.5
2015-05-14,5.2,171.5
2015-05-14,5.5,171.5
2015-05-14,5.8,171.5
2015-05-14,6,171.5
2015-05-14,6.2,171.5
2015-05-14,8,171.5
2015-05-14,9,171.5
2015-05-14,9.3,171.5
2015-05-18,0.1,174
2015-05-18,1,174
2015-05-18,1.6,174
2015-05-18,2.8,174
2015-05-18,3.8,174
2015-05-18,5,174
2015-05-18,5.2,174
2015-05-18,5.5,174
2015-05-18,5.8,174
2015-05-18,6,174
2015-05-18,6.2,174
2015-05-18,8,174
2015-05-18,9,174
2015-05-18,9.3,174
2015-05-21,0.1,172.5
2015-05-21,1,172.5
2015-05-21,1.6,172.5
2015-05-21,2.8,172.5
2015-05-21,3.8,172.5
2015-05-21,5,172.5
2015-05-21,5.2,172.5
2015-05-21,5.5,172.5
2015-05-21,5.8,172.5
2015-05-21,6,172.5
2015-05-21,6.2,172.5
2015-05-21,8,172.5
2015-05-21,9,172.5
2015-05-21,9.3,172.5
2015-05-25,0.1,171
2015-05-25,1,171
2015-05-25,1.6,171
2015-05-25,2.8,171
2015-05-25,3.8,171
2015-05-25,5,171
2015-05-25,5.2,171
2015-05-25,5.5,171
2015-05-25,5.8,171
2015-05-25,6,171
2015-05-25,6.2,171
2015-05-25,8,171
2015-05-25,9,171
2015-05-25,9.3,171
2015-05-28,0.1,173.5
2015-05-28,1,173.5
2015-05-28,1.6,173.5
2015-05-28,2.8,173.5
2015-05-28,3.8,173.5
2015-05-28,5,173.5
2015-05-28,5.2,173.5
2015-05-28,5.5,173.5
2015-05-28,5.8,173.5
2015-05-28,6,173.5
2015-05-28,6.2,173.5
2015-05-28,8,173.5
2015-05-28,9,173.5
2015-05-28,9.3,173.5
2015-06-08,0.1,176
2015-06-08,1,176
2015-06-08,1.6,176
2015-06-08,2.8,176
2015-06-08,3.8,176
2015-06-08,5,176
2015-06-08,5.2,176
2015-06-08,5.5,176
2015-06-08,5.8,176
2015-06-08,6,176
2015-06-08,6.2,176
2015-06-08,8,176
2015-06-08,9,176
2015-06-08,9.3,176
2015-06-11,0.1,170.5
2015-06-11,1,170.5
2015-06-11,1.6,170.5
2015-06-11,2.8,170.5
2015-06-11,3.8,170.5
2015-06-11,5,170.5
2015-06-11,5.2,170.5
2015-06-11,5.5,170.5
2015-06-11,5.8,170.5
2015-06-11,6,170.5
2015-06-11,6.2,170.5
2015-06-11,8,170.5
2015-06-11,9,170.5
2015-06-11,9.3,170.5
2015-06-15,0.1,165
2015-06-15,1,165
2015-06-15,1.6,165
2015-06-15,2.8,165
2015-06-15,3.8,165
2015-06-15,5,165
2015-06-15,5.2,165
2015-06-15,5.5,165
2015-06-15,5.8,165
2015-06-15,6,165
2015-06-15,6.2,165
2015-06-15,8,165
2015-06-15,9,165
2015-06-15,9.3,165
2015-06-18,0.1,168.666666666667
2015-06-18,1,168.666666666667
2015-06-18,1.6,168.666666666667
2015-06-18,2.8,168.666666666667
2015-06-18,3.8,168.666666666667
2015-06-18,5,168.666666666667
2015-06-18,5.2,168.666666666667
2015-06-18,5.5,168.666666666667
2015-06-18,5.8,168.666666666667
2015-06-18,6,168.666666666667
2015-06-18,6.2,168.666666666667
2015-06-18,8,168.666666666667
2015-06-18,9,168.666666666667
2015-06-18,9.3,168.666666666667
2015-06-19,0.1,172.333333333333
2015-06-19,1,172.333333333333
2015-06-19,1.6,172.333333333333
2015-06-19,2.8,172.333333333333
2015-06-19,3.8,172.333333333333
2015-06-19,5,172.333333333333
2015-06-19,5.2,172.333333333333
2015-06-19,5.5,172.333333333333
2015-06-19,5.8,172.333333333333
2015-06-19,6,172.333333333333
2015-06-19,6.2,172.333333333333
2015-06-19,8,172.333333333333
2015-06-19,9,172.333333333333
2015-06-19,9.3,172.333333333333
2015-06-22,0.1,176
2015-06-22,1,176
2015-06-22,1.6,176
2015-06-22,2.8,176
2015-06-22,3.8,176
2015-06-22,5,176
2015-06-22,5.2,176
2015-06-22,5.5,176
2015-06-22,5.8,176
2015-06-22,6,176
2015-06-22,6.2,176
2015-06-22,8,176
2015-06-22,9,176
2015-06-22,9.3,176
2015-06-23,0.1,177.333333333333
2015-06-23,1,177.333333333333
2015-06-23,1.6,177.333333333333
2015-06-23,2.8,177.333333333333
2015-06-23,3.8,177.333333333333
2015-06-23,5,177.333333333333
2015-06-23,5.2,177.333333333333
2015-06-23,5.5,177.333333333333
2015-06-23,5.8,177.333333333333
2015-06-23,6,177.333333333333
2015-06-23,6.2,177.333333333333
2015-06-23,8,177.333333333333
2015-06-23,9,177.333333333333
2015-06-23,9.3,177.333333333333
2015-06-25,0.1,178.666666666667
2015-06-25,1,178.666666666667
2015-06-25,1.6,178.666666666667
2015-06-25,2.8,178.666666666667
2015-06-25,3.8,178.666666666667
2015-06-25,5,178.666666666667
2015-06-25,5.2,178.666666666667
2015-06-25,5.5,178.666666666667
2015-06-25,5.8,178.666666666667
2015-06-25,6,178.666666666667
2015-06-25,6.2,178.666666666667
2015-06-25,8,178.666666666667
2015-06-25,9,178.666666666667
2015-06-25,9.3,178.666666666667
2015-06-29,0.1,180
2015-06-29,1,180
2015-06-29,1.6,180
2015-06-29,2.8,180
2015-06-29,3.8,180
2015-06-29,5,180
2015-06-29,5.2,180
2015-06-29,5.5,180
2015-06-29,5.8,180
2015-06-29,6,180
2015-06-29,6.2,180
2015-06-29,8,180
2015-06-29,9,180
2015-06-29,9.3,180
2015-07-02,0.1,190
2015-07-02,1,190
2015-07-02,1.6,190
2015-07-02,2.8,190
2015-07-02,3.8,190
2015-07-02,5,190
2015-07-02,5.2,190
2015-07-02,5.5,190
2015-07-02,5.8,190
2015-07-02,6,190
2015-07-02,6.2,190
2015-07-02,8,190
2015-07-02,9,190
2015-07-02,9.3,190
2015-07-06,0.1,200
2015-07-06,1,200
2015-07-06,1.6,200
2015-07-06,2.8,200
2015-07-06,3.8,200
2015-07-06,5,200
2015-07-06,5.2,200
2015-07-06,5.5,200
2015-07-06,5.8,200
2015-07-06,6,200
2015-07-06,6.2,200
2015-07-06,8,200
2015-07-06,9,200
2015-07-06,9.3,200
2015-07-09,0.1,211.5
2015-07-09,1,211.5
2015-07-09,1.6,211.5
2015-07-09,2.8,211.5
2015-07-09,3.8,211.5
2015-07-09,5,211.5
2015-07-09,5.2,211.5
2015-07-09,5.5,211.5
2015-07-09,5.8,211.5
2015-07-09,6,211.5
2015-07-09,6.2,211.5
2015-07-09,8,211.5
2015-07-09,9,211.5
2015-07-09,9.3,211.5
2015-07-13,0.1,223
2015-07-13,1,223
2015-07-13,1.6,223
2015-07-13,2.8,223
2015-07-13,3.8,223
2015-07-13,5,223
2015-07-13,5.2,223
2015-07-13,5.5,223
2015-07-13,5.8,223
2015-07-13,6,223
2015-07-13,6.2,223
2015-07-13,8,223
2015-07-13,9,223
2015-07-13,9.3,223
2015-07-16,0.1,207.5
2015-07-16,1,207.5
2015-07-16,1.6,207.5
2015-07-16,2.8,207.5
2015-07-16,3.8,207.5
2015-07-16,5,207.5
2015-07-16,5.2,207.5
2015-07-16,5.5,207.5
2015-07-16,5.8,207.5
2015-07-16,6,207.5
2015-07-16,6.2,207.5
2015-07-16,8,207.5
2015-07-16,9,207.5
2015-07-16,9.3,207.5
2015-07-20,0.1,192
2015-07-20,1,192
2015-07-20,1.6,192
2015-07-20,2.8,192
2015-07-20,3.8,192
2015-07-20,5,192
2015-07-20,5.2,192
2015-07-20,5.5,192
2015-07-20,5.8,192
2015-07-20,6,192
2015-07-20,6.2,192
2015-07-20,8,192
2015-07-20,9,192
2015-07-20,9.3,192
2015-07-23,0.1,248.5
2015-07-23,1,248.5
2015-07-23,1.6,248.5
2015-07-23,2.8,248.5
2015-07-23,3.8,248.5
2015-07-23,5,248.5
2015-07-23,5.2,248.5
2015-07-23,5.5,248.5
2015-07-23,5.8,248.5
2015-07-23,6,248.5
2015-07-23,6.2,248.5
2015-07-23,8,248.5
2015-07-23,9,248.5
2015-07-23,9.3,248.5
2015-07-27,0.1,305
2015-07-27,1,305
2015-07-27,1.6,305
2015-07-27,2.8,305
2015-07-27,3.8,305
2015-07-27,5,305
2015-07-27,5.2,305
2015-07-27,5.5,305
2015-07-27,5.8,305
2015-07-27,6,305
2015-07-27,6.2,305
2015-07-27,8,305
2015-07-27,9,305
2015-07-27,9.3,305
2015-07-30,0.1,262
2015-07-30,1,262
2015-07-30,1.6,262
2015-07-30,2.8,262
2015-07-30,3.8,262
2015-07-30,5,262
2015-07-30,5.2,262
2015-07-30,5.5,262
2015-07-30,5.8,262
2015-07-30,6,262
2015-07-30,6.2,262
2015-07-30,8,262
2015-07-30,9,262
2015-07-30,9.3,262
2015-08-03,0.1,219
2015-08-03,1,219
2015-08-03,1.6,219
2015-08-03,2.8,219
2015-08-03,3.8,219
2015-08-03,5,219
2015-08-03,5.2,219
2015-08-03,5.5,219
2015-08-03,5.8,219
2015-08-03,6,219
2015-08-03,6.2,219
2015-08-03,8,219
2015-08-03,9,219
2015-08-03,9.3,219
2015-08-08,0.1,216.566666666667
2015-08-08,1,216.566666666667
2015-08-08,1.6,216.566666666667
2015-08-08,2.8,216.566666666667
2015-08-08,3.8,216.566666666667
2015-08-08,5,216.566666666667
2015-08-08,5.2,216.566666666667
2015-08-08,5.5,216.566666666667
2015-08-08,5.8,216.566666666667
2015-08-08,6,216.566666666667
2015-08-08,6.2,216.566666666667
2015-08-08,8,216.566666666667
2015-08-08,9,216.566666666667
2015-08-08,9.3,216.566666666667
2015-08-15,0.1,214.133333333333
2015-08-15,1,214.133333333333
2015-08-15,1.6,214.133333333333
2015-08-15,2.8,214.133333333333
2015-08-15,3.8,214.133333333333
2015-08-15,5,214.133333333333
2015-08-15,5.2,214.133333333333
2015-08-15,5.5,214.133333333333
2015-08-15,5.8,214.133333333333
2015-08-15,6,214.133333333333
2015-08-15,6.2,214.133333333333
2015-08-15,8,214.133333333333
2015-08-15,9,214.133333333333
2015-08-15,9.3,214.133333333333
2015-08-22,0.1,211.7
2015-08-22,1,211.7
2015-08-22,1.6,211.7
2015-08-22,2.8,211.7
2015-08-22,3.8,211.7
2015-08-22,5,211.7
2015-08-22,5.2,211.7
2015-08-22,5.5,211.7
2015-08-22,5.8,211.7
2015-08-22,6,211.7
2015-08-22,6.2,211.7
2015-08-22,8,211.7
2015-08-22,9,211.7
2015-08-22,9.3,211.7
2015-08-31,0.1,209.266666666667
2015-08-31,1,209.266666666667
2015-08-31,1.6,209.266666666667
2015-08-31,2.8,209.266666666667
2015-08-31,3.8,209.266666666667
2015-08-31,5,209.266666666667
2015-08-31,5.2,209.266666666667
2015-08-31,5.5,209.266666666667
2015-08-31,5.8,209.266666666667
2015-08-31,6,209.266666666667
2015-08-31,6.2,209.266666666667
2015-08-31,8,209.266666666667
2015-08-31,9,209.266666666667
2015-08-31,9.3,209.266666666667
2015-09-04,0.1,206.833333333333
2015-09-04,1,206.833333333333
2015-09-04,1.6,206.833333333333
2015-09-04,2.8,206.833333333333
2015-09-04,3.8,206.833333333333
2015-09-04,5,206.833333333333
2015-09-04,5.2,206.833333333333
2015-09-04,5.5,206.833333333333
2015-09-04,5.8,206.833333333333
2015-09-04,6,206.833333333333
2015-09-04,6.2,206.833333333333
2015-09-04,8,206.833333333333
2015-09-04,9,206.833333333333
2015-09-04,9.3,206.833333333333
2015-09-07,0.1,204.4
2015-09-07,1,204.4
2015-09-07,1.6,204.4
2015-09-07,2.8,204.4
2015-09-07,3.8,204.4
2015-09-07,5,204.4
2015-09-07,5.2,204.4
2015-09-07,5.5,204.4
2015-09-07,5.8,204.4
2015-09-07,6,204.4
2015-09-07,6.2,204.4
2015-09-07,8,204.4
2015-09-07,9,204.4
2015-09-07,9.3,204.4
2015-09-14,0.1,181.2
2015-09-14,1,181.2
2015-09-14,1.6,181.2
2015-09-14,2.8,181.2
2015-09-14,3.8,181.2
2015-09-14,5,181.2
2015-09-14,5.2,181.2
2015-09-14,5.5,181.2
2015-09-14,5.8,181.2
2015-09-14,6,181.2
2015-09-14,6.2,181.2
2015-09-14,8,181.2
2015-09-14,9,181.2
2015-09-14,9.3,181.2
2015-09-18,0.1,321.15
2015-09-18,1,321.15
2015-09-18,1.6,321.15
2015-09-18,2.8,321.15
2015-09-18,3.8,321.15
2015-09-18,5,321.15
2015-09-18,5.2,321.15
2015-09-18,5.5,321.15
2015-09-18,5.8,321.15
2015-09-18,6,321.15
2015-09-18,6.2,321.15
2015-09-18,8,321.15
2015-09-18,9,321.15
2015-09-18,9.3,321.15
2015-09-21,0.1,461.1
2015-09-21,1,461.1
2015-09-21,1.6,461.1
2015-09-21,2.8,461.1
2015-09-21,3.8,461.1
2015-09-21,5,461.1
2015-09-21,5.2,461.1
2015-09-21,5.5,461.1
2015-09-21,5.8,461.1
2015-09-21,6,461.1
2015-09-21,6.2,461.1
2015-09-21,8,461.1
2015-09-21,9,461.1
2015-09-21,9.3,461.1
2015-09-28,0.1,148.5
2015-09-28,1,148.5
2015-09-28,1.6,148.5
2015-09-28,2.8,148.5
2015-09-28,3.8,148.5
2015-09-28,5,148.5
2015-09-28,5.2,148.5
2015-09-28,5.5,148.5
2015-09-28,5.8,148.5
2015-09-28,6,148.5
2015-09-28,6.2,148.5
2015-09-28,8,148.5
2015-09-28,9,148.5
2015-09-28,9.3,148.5
2015-10-02,0.1,164.25
2015-10-02,1,164.25
2015-10-02,1.6,164.25
2015-10-02,2.8,164.25
2015-10-02,3.8,164.25
2015-10-02,5,164.25
2015-10-02,5.2,164.25
2015-10-02,5.5,164.25
2015-10-02,5.8,164.25
2015-10-02,6,164.25
2015-10-02,6.2,164.25
2015-10-02,8,164.25
2015-10-02,9,164.25
2015-10-02,9.3,164.25
2015-10-05,0.1,180
2015-10-05,1,180
2015-10-05,1.6,180
2015-10-05,2.8,180
2015-10-05,3.8,180
2015-10-05,5,180
2015-10-05,5.2,180
2015-10-05,5.5,180
2015-10-05,5.8,180
2015-10-05,6,180
2015-10-05,6.2,180
2015-10-05,8,180
2015-10-05,9,180
2015-10-05,9.3,180
2015-10-12,0.1,166
2015-10-12,1,166
2015-10-12,1.6,166
2015-10-12,2.8,166
2015-10-12,3.8,166
2015-10-12,5,166
2015-10-12,5.2,166
2015-10-12,5.5,166
2015-10-12,5.8,166
2015-10-12,6,166
2015-10-12,6.2,166
2015-10-12,8,166
2015-10-12,9,166
2015-10-12,9.3,166
2015-10-19,0.1,152
2015-10-19,1,152
2015-10-19,1.6,152
2015-10-19,2.8,152
2015-10-19,3.8,152
2015-10-19,5,152
2015-10-19,5.2,152
2015-10-19,5.5,152
2015-10-19,5.8,152
2015-10-19,6,152
2015-10-19,6.2,152
2015-10-19,8,152
2015-10-19,9,152
2015-10-19,9.3,152
2015-10-23,0.1,155.666666666667
2015-10-23,1,155.666666666667
2015-10-23,1.6,155.666666666667
2015-10-23,2.8,155.666666666667
2015-10-23,3.8,155.666666666667
2015-10-23,5,155.666666666667
2015-10-23,5.2,155.666666666667
2015-10-23,5.5,155.666666666667
2015-10-23,5.8,155.666666666667
2015-10-23,6,155.666666666667
2015-10-23,6.2,155.666666666667
2015-10-23,8,155.666666666667
2015-10-23,9,155.666666666667
2015-10-23,9.3,155.666666666667
2015-10-30,0.1,159.333333333333
2015-10-30,1,159.333333333333
2015-10-30,1.6,159.333333333333
2015-10-30,2.8,159.333333333333
2015-10-30,3.8,159.333333333333
2015-10-30,5,159.333333333333
2015-10-30,5.2,159.333333333333
2015-10-30,5.5,159.333333333333
2015-10-30,5.8,159.333333333333
2015-10-30,6,159.333333333333
2015-10-30,6.2,159.333333333333
2015-10-30,8,159.333333333333
2015-10-30,9,159.333333333333
2015-10-30,9.3,159.333333333333
2015-12-07,0.1,163
2015-12-07,1,163
2015-12-07,1.6,163
2015-12-07,2.8,163
2015-12-07,3.8,163
2015-12-07,5,163
2015-12-07,5.2,163
2015-12-07,5.5,163
2015-12-07,5.8,163
2015-12-07,6,163
2015-12-07,6.2,163
2015-12-07,8,163
2015-12-07,9,163
2015-12-07,9.3,163
2016-05-12,0.1,167.25
2016-05-12,1,167.25
2016-05-12,1.6,167.25
2016-05-12,2.8,167.25
2016-05-12,3.8,167.25
2016-05-12,5,167.25
2016-05-12,5.2,167.25
2016-05-12,5.5,167.25
2016-05-12,5.8,167.25
2016-05-12,6,167.25
2016-05-12,6.2,167.25
2016-05-12,8,167.25
2016-05-12,9,167.25
2016-05-12,9.3,167.25
2016-05-16,0.1,171.5
2016-05-16,1,171.5
2016-05-16,1.6,171.5
2016-05-16,2.8,171.5
2016-05-16,3.8,171.5
2016-05-16,5,171.5
2016-05-16,5.2,171.5
2016-05-16,5.5,171.5
2016-05-16,5.8,171.5
2016-05-16,6,171.5
2016-05-16,6.2,171.5
2016-05-16,8,171.5
2016-05-16,9,171.5
2016-05-16,9.3,171.5
2016-05-19,0.1,175.75
2016-05-19,1,175.75
2016-05-19,1.6,175.75
2016-05-19,2.8,175.75
2016-05-19,3.8,175.75
2016-05-19,5,175.75
2016-05-19,5.2,175.75
2016-05-19,5.5,175.75
2016-05-19,5.8,175.75
2016-05-19,6,175.75
2016-05-19,6.2,175.75
2016-05-19,8,175.75
2016-05-19,9,175.75
2016-05-19,9.3,175.75
2016-05-23,0.1,180
2016-05-23,1,180
2016-05-23,1.6,180
2016-05-23,2.8,180
2016-05-23,3.8,180
2016-05-23,5,180
2016-05-23,5.2,180
2016-05-23,5.5,180
2016-05-23,5.8,180
2016-05-23,6,180
2016-05-23,6.2,180
2016-05-23,8,180
2016-05-23,9,180
2016-05-23,9.3,180
2016-05-26,0.1,189.333333333333
2016-05-26,1,189.333333333333
2016-05-26,1.6,189.333333333333
2016-05-26,2.8,189.333333333333
2016-05-26,3.8,189.333333333333
2016-05-26,5,189.333333333333
2016-05-26,5.2,189.333333333333
2016-05-26,5.5,189.333333333333
2016-05-26,5.8,189.333333333333
2016-05-26,6,189.333333333333
2016-05-26,6.2,189.333333333333
2016-05-26,8,189.333333333333
2016-05-26,9,189.333333333333
2016-05-26,9.3,189.333333333333
2016-05-29,0.1,198.666666666667
2016-05-29,1,198.666666666667
2016-05-29,1.6,198.666666666667
2016-05-29,2.8,198.666666666667
2016-05-29,3.8,198.666666666667
2016-05-29,5,198.666666666667
2016-05-29,5.2,198.666666666667
2016-05-29,5.5,198.666666666667
2016-05-29,5.8,198.666666666667
2016-05-29,6,198.666666666667
2016-05-29,6.2,198.666666666667
2016-05-29,8,198.666666666667
2016-05-29,9,198.666666666667
2016-05-29,9.3,198.666666666667
2016-05-30,0.1,208
2016-05-30,0.1,208
2016-05-30,0.1,222
2016-05-30,0.1,222
2016-05-30,0.1,208
2016-05-30,0.1,208
2016-05-30,0.1,222
2016-05-30,0.1,222
2016-05-30,1,208
2016-05-30,1,208
2016-05-30,1,222
2016-05-30,1,222
2016-05-30,1.6,208
2016-05-30,1.6,208
2016-05-30,1.6,222
2016-05-30,1.6,222
2016-05-30,1.6,208
2016-05-30,1.6,208
2016-05-30,1.6,222
2016-05-30,1.6,222
2016-05-30,2.8,208
2016-05-30,2.8,208
2016-05-30,2.8,222
2016-05-30,2.8,222
2016-05-30,3.8,208
2016-05-30,3.8,208
2016-05-30,3.8,222
2016-05-30,3.8,222
2016-05-30,3.8,208
2016-05-30,3.8,208
2016-05-30,3.8,222
2016-05-30,3.8,222
2016-05-30,5,208
2016-05-30,5,208
2016-05-30,5,222
2016-05-30,5,222
2016-05-30,5,208
2016-05-30,5,208
2016-05-30,5,222
2016-05-30,5,222
2016-05-30,5.2,208
2016-05-30,5.2,208
2016-05-30,5.2,222
2016-05-30,5.2,222
2016-05-30,5.5,208
2016-05-30,5.5,208
2016-05-30,5.5,222
2016-05-30,5.5,222
2016-05-30,5.8,208
2016-05-30,5.8,208
2016-05-30,5.8,222
2016-05-30,5.8,222
2016-05-30,6,208
2016-05-30,6,208
2016-05-30,6,222
2016-05-30,6,222
2016-05-30,6.2,208
2016-05-30,6.2,208
2016-05-30,6.2,222
2016-05-30,6.2,222
2016-05-30,6.2,208
2016-05-30,6.2,208
2016-05-30,6.2,222
2016-05-30,6.2,222
2016-05-30,8,208
2016-05-30,8,208
2016-05-30,8,222
2016-05-30,8,222
2016-05-30,8,208
2016-05-30,8,208
2016-05-30,8,222
2016-05-30,8,222
2016-05-30,9,208
2016-05-30,9,208
2016-05-30,9,222
2016-05-30,9,222
2016-05-30,9,208
2016-05-30,9,208
2016-05-30,9,222
2016-05-30,9,222
2016-05-30,9.3,208
2016-05-30,9.3,208
2016-05-30,9.3,222
2016-05-30,9.3,222
2016-05-31,0.1,167
2016-05-31,1,167
2016-05-31,1.6,167
2016-05-31,2.8,167
2016-05-31,3.8,167
2016-05-31,5,167
2016-05-31,5.2,167
2016-05-31,5.5,167
2016-05-31,5.8,167
2016-05-31,6,167
2016-05-31,6.2,167
2016-05-31,8,167
2016-05-31,9,167
2016-05-31,9.3,167
2016-06-01,0.1,176.5
2016-06-01,1,176.5
2016-06-01,1.6,176.5
2016-06-01,2.8,176.5
2016-06-01,3.8,176.5
2016-06-01,5,176.5
2016-06-01,5.2,176.5
2016-06-01,5.5,176.5
2016-06-01,5.8,176.5
2016-06-01,6,176.5
2016-06-01,6.2,176.5
2016-06-01,8,176.5
2016-06-01,9,176.5
2016-06-01,9.3,176.5
2016-06-02,0.1,186
2016-06-02,1,186
2016-06-02,1.6,186
2016-06-02,2.8,186
2016-06-02,3.8,186
2016-06-02,5,186
2016-06-02,5.2,186
2016-06-02,5.5,186
2016-06-02,5.8,186
2016-06-02,6,186
2016-06-02,6.2,186
2016-06-02,8,186
2016-06-02,9,186
2016-06-02,9.3,186
2016-06-03,0.1,195.5
2016-06-03,1,195.5
2016-06-03,1.6,195.5
2016-06-03,2.8,195.5
2016-06-03,3.8,195.5
2016-06-03,5,195.5
2016-06-03,5.2,195.5
2016-06-03,5.5,195.5
2016-06-03,5.8,195.5
2016-06-03,6,195.5
2016-06-03,6.2,195.5
2016-06-03,8,195.5
2016-06-03,9,195.5
2016-06-03,9.3,195.5
2016-06-06,0.1,205
2016-06-06,1,205
2016-06-06,1.6,205
2016-06-06,2.8,205
2016-06-06,3.8,205
2016-06-06,5,205
2016-06-06,5.2,205
2016-06-06,5.5,205
2016-06-06,5.8,205
2016-06-06,6,205
2016-06-06,6.2,205
2016-06-06,8,205
2016-06-06,9,205
2016-06-06,9.3,205
2016-06-07,0.1,197.75
2016-06-07,1,197.75
2016-06-07,1.6,197.75
2016-06-07,2.8,197.75
2016-06-07,3.8,197.75
2016-06-07,5,197.75
2016-06-07,5.2,197.75
2016-06-07,5.5,197.75
2016-06-07,5.8,197.75
2016-06-07,6,197.75
2016-06-07,6.2,197.75
2016-06-07,8,197.75
2016-06-07,9,197.75
2016-06-07,9.3,197.75
2016-06-08,0.1,190.5
2016-06-08,1,190.5
2016-06-08,1.6,190.5
2016-06-08,2.8,190.5
2016-06-08,3.8,190.5
2016-06-08,5,190.5
2016-06-08,5.2,190.5
2016-06-08,5.5,190.5
2016-06-08,5.8,190.5
2016-06-08,6,190.5
2016-06-08,6.2,190.5
2016-06-08,8,190.5
2016-06-08,9,190.5
2016-06-08,9.3,190.5
2016-06-09,0.1,183.25
2016-06-09,1,183.25
2016-06-09,1.6,183.25
2016-06-09,2.8,183.25
2016-06-09,3.8,183.25
2016-06-09,5,183.25
2016-06-09,5.2,183.25
2016-06-09,5.5,183.25
2016-06-09,5.8,183.25
2016-06-09,6,183.25
2016-06-09,6.2,183.25
2016-06-09,8,183.25
2016-06-09,9,183.25
2016-06-09,9.3,183.25
2016-06-13,0.1,176
2016-06-13,1,176
2016-06-13,1.6,176
2016-06-13,2.8,176
2016-06-13,3.8,176
2016-06-13,5,176
2016-06-13,5.2,176
2016-06-13,5.5,176
2016-06-13,5.8,176
2016-06-13,6,176
2016-06-13,6.2,176
2016-06-13,8,176
2016-06-13,9,176
2016-06-13,9.3,176
2016-06-20,0.1,254
2016-06-20,1,254
2016-06-20,1.6,254
2016-06-20,2.8,254
2016-06-20,3.8,254
2016-06-20,5,254
2016-06-20,5.2,254
2016-06-20,5.5,254
2016-06-20,5.8,254
2016-06-20,6,254
2016-06-20,6.2,254
2016-06-20,8,254
2016-06-20,9,254
2016-06-20,9.3,254
2016-06-23,0.1,233
2016-06-23,1,233
2016-06-23,1.6,233
2016-06-23,2.8,233
2016-06-23,3.8,233
2016-06-23,5,233
2016-06-23,5.2,233
2016-06-23,5.5,233
2016-06-23,5.8,233
2016-06-23,6,233
2016-06-23,6.2,233
2016-06-23,8,233
2016-06-23,9,233
2016-06-23,9.3,233
2016-06-26,0.1,212
2016-06-26,1,212
2016-06-26,1.6,212
2016-06-26,2.8,212
2016-06-26,3.8,212
2016-06-26,5,212
2016-06-26,5.2,212
2016-06-26,5.5,212
2016-06-26,5.8,212
2016-06-26,6,212
2016-06-26,6.2,212
2016-06-26,8,212
2016-06-26,9,212
2016-06-26,9.3,212
2016-06-27,0.1,191
2016-06-27,1,191
2016-06-27,1.6,191
2016-06-27,2.8,191
2016-06-27,3.8,191
2016-06-27,5,191
2016-06-27,5.2,191
2016-06-27,5.5,191
2016-06-27,5.8,191
2016-06-27,6,191
2016-06-27,6.2,191
2016-06-27,8,191
2016-06-27,9,191
2016-06-27,9.3,191
2016-06-28,0.1,223
2016-06-28,1,223
2016-06-28,1.6,223
2016-06-28,2.8,223
2016-06-28,3.8,223
2016-06-28,5,223
2016-06-28,5.2,223
2016-06-28,5.5,223
2016-06-28,5.8,223
2016-06-28,6,223
2016-06-28,6.2,223
2016-06-28,8,223
2016-06-28,9,223
2016-06-28,9.3,223
2016-06-30,0.1,194
2016-06-30,1,194
2016-06-30,1.6,194
2016-06-30,2.8,194
2016-06-30,3.8,194
2016-06-30,5,194
2016-06-30,5.2,194
2016-06-30,5.5,194
2016-06-30,5.8,194
2016-06-30,6,194
2016-06-30,6.2,194
2016-06-30,8,194
2016-06-30,9,194
2016-06-30,9.3,194
2016-07-05,0.1,179
2016-07-05,1,179
2016-07-05,1.6,179
2016-07-05,2.8,179
2016-07-05,3.8,179
2016-07-05,5,179
2016-07-05,5.2,179
2016-07-05,5.5,179
2016-07-05,5.8,179
2016-07-05,6,179
2016-07-05,6.2,179
2016-07-05,8,179
2016-07-05,9,179
2016-07-05,9.3,179
2016-07-07,0.1,161.5
2016-07-07,1,161.5
2016-07-07,1.6,161.5
2016-07-07,2.8,161.5
2016-07-07,3.8,161.5
2016-07-07,5,161.5
2016-07-07,5.2,161.5
2016-07-07,5.5,161.5
2016-07-07,5.8,161.5
2016-07-07,6,161.5
2016-07-07,6.2,161.5
2016-07-07,8,161.5
2016-07-07,9,161.5
2016-07-07,9.3,161.5
2016-07-11,0.1,144
2016-07-11,1,144
2016-07-11,1.6,144
2016-07-11,2.8,144
2016-07-11,3.8,144
2016-07-11,5,144
2016-07-11,5.2,144
2016-07-11,5.5,144
2016-07-11,5.8,144
2016-07-11,6,144
2016-07-11,6.2,144
2016-07-11,8,144
2016-07-11,9,144
2016-07-11,9.3,144
2016-07-14,0.1,312.5
2016-07-14,1,312.5
2016-07-14,1.6,312.5
2016-07-14,2.8,312.5
2016-07-14,3.8,312.5
2016-07-14,5,312.5
2016-07-14,5.2,312.5
2016-07-14,5.5,312.5
2016-07-14,5.8,312.5
2016-07-14,6,312.5
2016-07-14,6.2,312.5
2016-07-14,8,312.5
2016-07-14,9,312.5
2016-07-14,9.3,312.5
2016-07-18,0.1,481
2016-07-18,1,481
2016-07-18,1.6,481
2016-07-18,2.8,481
2016-07-18,3.8,481
2016-07-18,5,481
2016-07-18,5.2,481
2016-07-18,5.5,481
2016-07-18,5.8,481
2016-07-18,6,481
2016-07-18,6.2,481
2016-07-18,8,481
2016-07-18,9,481
2016-07-18,9.3,481
2016-07-21,0.1,402
2016-07-21,1,402
2016-07-21,1.6,402
2016-07-21,2.8,402
2016-07-21,3.8,402
2016-07-21,5,402
2016-07-21,5.2,402
2016-07-21,5.5,402
2016-07-21,5.8,402
2016-07-21,6,402
2016-07-21,6.2,402
2016-07-21,8,402
2016-07-21,9,402
2016-07-21,9.3,402
2016-07-24,0.1,323
2016-07-24,1,323
2016-07-24,1.6,323
2016-07-24,2.8,323
2016-07-24,3.8,323
2016-07-24,5,323
2016-07-24,5.2,323
2016-07-24,5.5,323
2016-07-24,5.8,323
2016-07-24,6,323
2016-07-24,6.2,323
2016-07-24,8,323
2016-07-24,9,323
2016-07-24,9.3,323
2016-07-25,0.1,244
2016-07-25,0.1,244
2016-07-25,1,244
2016-07-25,1.6,244
2016-07-25,2.8,244
2016-07-25,3.8,244
2016-07-25,5,244
2016-07-25,5.2,244
2016-07-25,5.5,244
2016-07-25,5.8,244
2016-07-25,6,244
2016-07-25,6.2,244
2016-07-25,8,244
2016-07-25,8,244
2016-07-25,9,244
2016-07-25,9.3,244
2016-07-26,0.1,235.333333333333
2016-07-26,1,235.333333333333
2016-07-26,1.6,235.333333333333
2016-07-26,2.8,235.333333333333
2016-07-26,3.8,235.333333333333
2016-07-26,5,235.333333333333
2016-07-26,5.2,235.333333333333
2016-07-26,5.5,235.333333333333
2016-07-26,5.8,235.333333333333
2016-07-26,6,235.333333333333
2016-07-26,6.2,235.333333333333
2016-07-26,8,235.333333333333
2016-07-26,9,235.333333333333
2016-07-26,9.3,235.333333333333
2016-07-28,0.1,226.666666666667
2016-07-28,1,226.666666666667
2016-07-28,1.6,226.666666666667
2016-07-28,2.8,226.666666666667
2016-07-28,3.8,226.666666666667
2016-07-28,5,226.666666666667
2016-07-28,5.2,226.666666666667
2016-07-28,5.5,226.666666666667
2016-07-28,5.8,226.666666666667
2016-07-28,6,226.666666666667
2016-07-28,6.2,226.666666666667
2016-07-28,8,226.666666666667
2016-07-28,9,226.666666666667
2016-07-28,9.3,226.666666666667
2016-08-01,0.1,218
2016-08-01,1,218
2016-08-01,1.6,218
2016-08-01,2.8,218
2016-08-01,3.8,218
2016-08-01,5,218
2016-08-01,5.2,218
2016-08-01,5.5,218
2016-08-01,5.8,218
2016-08-01,6,218
2016-08-01,6.2,218
2016-08-01,8,218
2016-08-01,9,218
2016-08-01,9.3,218
2016-08-08,0.1,222
2016-08-08,1,222
2016-08-08,1.6,222
2016-08-08,2.8,222
2016-08-08,3.8,222
2016-08-08,5,222
2016-08-08,5.2,222
2016-08-08,5.5,222
2016-08-08,5.8,222
2016-08-08,6,222
2016-08-08,6.2,222
2016-08-08,8,222
2016-08-08,9,222
2016-08-08,9.3,222
2016-08-11,0.1,224.5
2016-08-11,1,224.5
2016-08-11,1.6,224.5
2016-08-11,2.8,224.5
2016-08-11,3.8,224.5
2016-08-11,5,224.5
2016-08-11,5.2,224.5
2016-08-11,5.5,224.5
2016-08-11,5.8,224.5
2016-08-11,6,224.5
2016-08-11,6.2,224.5
2016-08-11,8,224.5
2016-08-11,9,224.5
2016-08-11,9.3,224.5
2016-08-15,0.1,227
2016-08-15,1,227
2016-08-15,1.6,227
2016-08-15,2.8,227
2016-08-15,3.8,227
2016-08-15,5,227
2016-08-15,5.2,227
2016-08-15,5.5,227
2016-08-15,5.8,227
2016-08-15,6,227
2016-08-15,6.2,227
2016-08-15,8,227
2016-08-15,9,227
2016-08-15,9.3,227
2016-08-18,0.1,199.933333333333
2016-08-18,1,199.933333333333
2016-08-18,1.6,199.933333333333
2016-08-18,2.8,199.933333333333
2016-08-18,3.8,199.933333333333
2016-08-18,5,199.933333333333
2016-08-18,5.2,199.933333333333
2016-08-18,5.5,199.933333333333
2016-08-18,5.8,199.933333333333
2016-08-18,6,199.933333333333
2016-08-18,6.2,199.933333333333
2016-08-18,8,199.933333333333
2016-08-18,9,199.933333333333
2016-08-18,9.3,199.933333333333
2016-08-23,0.1,172.866666666667
2016-08-23,1,172.866666666667
2016-08-23,1.6,172.866666666667
2016-08-23,2.8,172.866666666667
2016-08-23,3.8,172.866666666667
2016-08-23,5,172.866666666667
2016-08-23,5.2,172.866666666667
2016-08-23,5.5,172.866666666667
2016-08-23,5.8,172.866666666667
2016-08-23,6,172.866666666667
2016-08-23,6.2,172.866666666667
2016-08-23,8,172.866666666667
2016-08-23,9,172.866666666667
2016-08-23,9.3,172.866666666667
2016-08-26,0.1,145.8
2016-08-26,1,145.8
2016-08-26,1.6,145.8
2016-08-26,2.8,145.8
2016-08-26,3.8,145.8
2016-08-26,5,145.8
2016-08-26,5.2,145.8
2016-08-26,5.5,145.8
2016-08-26,5.8,145.8
2016-08-26,6,145.8
2016-08-26,6.2,145.8
2016-08-26,8,145.8
2016-08-26,9,145.8
2016-08-26,9.3,145.8
2016-09-02,0.1,267
2016-09-02,1,267
2016-09-02,1.6,267
2016-09-02,2.8,267
2016-09-02,3.8,267
2016-09-02,5,267
2016-09-02,5.2,267
2016-09-02,5.5,267
2016-09-02,5.8,267
2016-09-02,6,267
2016-09-02,6.2,267
2016-09-02,8,267
2016-09-02,9,267
2016-09-02,9.3,267
2016-09-06,0.1,305.5
2016-09-06,1,305.5
2016-09-06,1.6,305.5
2016-09-06,2.8,305.5
2016-09-06,3.8,305.5
2016-09-06,5,305.5
2016-09-06,5.2,305.5
2016-09-06,5.5,305.5
2016-09-06,5.8,305.5
2016-09-06,6,305.5
2016-09-06,6.2,305.5
2016-09-06,8,305.5
2016-09-06,9,305.5
2016-09-06,9.3,305.5
2016-09-09,0.1,344
2016-09-09,1,344
2016-09-09,1.6,344
2016-09-09,2.8,344
2016-09-09,3.8,344
2016-09-09,5,344
2016-09-09,5.2,344
2016-09-09,5.5,344
2016-09-09,5.8,344
2016-09-09,6,344
2016-09-09,6.2,344
2016-09-09,8,344
2016-09-09,9,344
2016-09-09,9.3,344
2016-09-16,0.1,335
2016-09-16,1,335
2016-09-16,1.6,335
2016-09-16,2.8,335
2016-09-16,3.8,335
2016-09-16,5,335
2016-09-16,5.2,335
2016-09-16,5.5,335
2016-09-16,5.8,335
2016-09-16,6,335
2016-09-16,6.2,335
2016-09-16,8,335
2016-09-16,9,335
2016-09-16,9.3,335
2016-09-17,0.1,326
2016-09-17,1,326
2016-09-17,1.6,326
2016-09-17,2.8,326
2016-09-17,3.8,326
2016-09-17,5,326
2016-09-17,5.2,326
2016-09-17,5.5,326
2016-09-17,5.8,326
2016-09-17,6,326
2016-09-17,6.2,326
2016-09-17,8,326
2016-09-17,9,326
2016-09-17,9.3,326
2016-09-22,0.1,317
2016-09-22,1,317
2016-09-22,1.6,317
2016-09-22,2.8,317
2016-09-22,3.8,317
2016-09-22,5,317
2016-09-22,5.2,317
2016-09-22,5.5,317
2016-09-22,5.8,317
2016-09-22,6,317
2016-09-22,6.2,317
2016-09-22,8,317
2016-09-22,9,317
2016-09-22,9.3,317
2016-09-27,0.1,308
2016-09-27,1,308
2016-09-27,1.6,308
2016-09-27,2.8,308
2016-09-27,3.8,308
2016-09-27,5,308
2016-09-27,5.2,308
2016-09-27,5.5,308
2016-09-27,5.8,308
2016-09-27,6,308
2016-09-27,6.2,308
2016-09-27,8,308
2016-09-27,9,308
2016-09-27,9.3,308
2016-09-30,0.1,299
2016-09-30,1,299
2016-09-30,1.6,299
2016-09-30,2.8,299
2016-09-30,3.8,299
2016-09-30,5,299
2016-09-30,5.2,299
2016-09-30,5.5,299
2016-09-30,5.8,299
2016-09-30,6,299
2016-09-30,6.2,299
2016-09-30,8,299
2016-09-30,9,299
2016-09-30,9.3,299
2016-10-05,0.1,275.666666666667
2016-10-05,1,275.666666666667
2016-10-05,1.6,275.666666666667
2016-10-05,2.8,275.666666666667
2016-10-05,3.8,275.666666666667
2016-10-05,5,275.666666666667
2016-10-05,5.2,275.666666666667
2016-10-05,5.5,275.666666666667
2016-10-05,5.8,275.666666666667
2016-10-05,6,275.666666666667
2016-10-05,6.2,275.666666666667
2016-10-05,8,275.666666666667
2016-10-05,9,275.666666666667
2016-10-05,9.3,275.666666666667
2016-10-06,0.1,252.333333333333
2016-10-06,1,252.333333333333
2016-10-06,1.6,252.333333333333
2016-10-06,2.8,252.333333333333
2016-10-06,3.8,252.333333333333
2016-10-06,5,252.333333333333
2016-10-06,5.2,252.333333333333
2016-10-06,5.5,252.333333333333
2016-10-06,5.8,252.333333333333
2016-10-06,6,252.333333333333
2016-10-06,6.2,252.333333333333
2016-10-06,8,252.333333333333
2016-10-06,9,252.333333333333
2016-10-06,9.3,252.333333333333
2016-10-07,0.1,229
2016-10-07,1,229
2016-10-07,1.6,229
2016-10-07,2.8,229
2016-10-07,3.8,229
2016-10-07,5,229
2016-10-07,5.2,229
2016-10-07,5.5,229
2016-10-07,5.8,229
2016-10-07,6,229
2016-10-07,6.2,229
2016-10-07,8,229
2016-10-07,9,229
2016-10-07,9.3,229
2016-10-11,0.1,205.9
2016-10-11,1,205.9
2016-10-11,1.6,205.9
2016-10-11,2.8,205.9
2016-10-11,3.8,205.9
2016-10-11,5,205.9
2016-10-11,5.2,205.9
2016-10-11,5.5,205.9
2016-10-11,5.8,205.9
2016-10-11,6,205.9
2016-10-11,6.2,205.9
2016-10-11,8,205.9
2016-10-11,9,205.9
2016-10-11,9.3,205.9
2016-10-14,0.1,182.8
2016-10-14,1,182.8
2016-10-14,1.6,182.8
2016-10-14,2.8,182.8
2016-10-14,3.8,182.8
2016-10-14,5,182.8
2016-10-14,5.2,182.8
2016-10-14,5.5,182.8
2016-10-14,5.8,182.8
2016-10-14,6,182.8
2016-10-14,6.2,182.8
2016-10-14,8,182.8
2016-10-14,9,182.8
2016-10-14,9.3,182.8
2016-10-20,0.1,180.833333333333
2016-10-20,1,180.833333333333
2016-10-20,1.6,180.833333333333
2016-10-20,2.8,180.833333333333
2016-10-20,3.8,180.833333333333
2016-10-20,5,180.833333333333
2016-10-20,5.2,180.833333333333
2016-10-20,5.5,180.833333333333
2016-10-20,5.8,180.833333333333
2016-10-20,6,180.833333333333
2016-10-20,6.2,180.833333333333
2016-10-20,8,180.833333333333
2016-10-20,9,180.833333333333
2016-10-20,9.3,180.833333333333
2016-10-27,0.1,178.866666666667
2016-10-27,1,178.866666666667
2016-10-27,1.6,178.866666666667
2016-10-27,2.8,178.866666666667
2016-10-27,3.8,178.866666666667
2016-10-27,5,178.866666666667
2016-10-27,5.2,178.866666666667
2016-10-27,5.5,178.866666666667
2016-10-27,5.8,178.866666666667
2016-10-27,6,178.866666666667
2016-10-27,6.2,178.866666666667
2016-10-27,8,178.866666666667
2016-10-27,9,178.866666666667
2016-10-27,9.3,178.866666666667
2016-10-31,0.1,176.9
2016-10-31,1,176.9
2016-10-31,1.6,176.9
2016-10-31,2.8,176.9
2016-10-31,3.8,176.9
2016-10-31,5,176.9
2016-10-31,5.2,176.9
2016-10-31,5.5,176.9
2016-10-31,5.8,176.9
2016-10-31,6,176.9
2016-10-31,6.2,176.9
2016-10-31,8,176.9
2016-10-31,9,176.9
2016-10-31,9.3,176.9
2016-11-04,0.1,174.933333333333
2016-11-04,1,174.933333333333
2016-11-04,1.6,174.933333333333
2016-11-04,2.8,174.933333333333
2016-11-04,3.8,174.933333333333
2016-11-04,5,174.933333333333
2016-11-04,5.2,174.933333333333
2016-11-04,5.5,174.933333333333
2016-11-04,5.8,174.933333333333
2016-11-04,6,174.933333333333
2016-11-04,6.2,174.933333333333
2016-11-04,8,174.933333333333
2016-11-04,9,174.933333333333
2016-11-04,9.3,174.933333333333
2016-11-11,0.1,172.966666666667
2016-11-11,1,172.966666666667
2016-11-11,1.6,172.966666666667
2016-11-11,2.8,172.966666666667
2016-11-11,3.8,172.966666666667
2016-11-11,5,172.966666666667
2016-11-11,5.2,172.966666666667
2016-11-11,5.5,172.966666666667
2016-11-11,5.8,172.966666666667
2016-11-11,6,172.966666666667
2016-11-11,6.2,172.966666666667
2016-11-11,8,172.966666666667
2016-11-11,9,172.966666666667
2016-11-11,9.3,172.966666666667
2016-12-02,0.1,171
2016-12-02,1,171
2016-12-02,1.6,171
2016-12-02,2.8,171
2016-12-02,3.8,171
2016-12-02,5,171
2016-12-02,5.2,171
2016-12-02,5.5,171
2016-12-02,5.8,171
2016-12-02,6,171
2016-12-02,6.2,171
2016-12-02,8,171
2016-12-02,9,171
2016-12-02,9.3,171
2017-03-12,0.1,177.133333333333
2017-03-12,1,177.133333333333
2017-03-12,1.6,177.133333333333
2017-03-12,2.8,177.133333333333
2017-03-12,3.8,177.133333333333
2017-03-12,5,177.133333333333
2017-03-12,5.2,177.133333333333
2017-03-12,5.5,177.133333333333
2017-03-12,5.8,177.133333333333
2017-03-12,6,177.133333333333
2017-03-12,6.2,177.133333333333
2017-03-12,8,177.133333333333
2017-03-12,9,177.133333333333
2017-03-12,9.3,177.133333333333
2017-03-26,0.1,183.266666666667
2017-03-26,1,183.266666666667
2017-03-26,1.6,183.266666666667
2017-03-26,2.8,183.266666666667
2017-03-26,3.8,183.266666666667
2017-03-26,5,183.266666666667
2017-03-26,5.2,183.266666666667
2017-03-26,5.5,183.266666666667
2017-03-26,5.8,183.266666666667
2017-03-26,6,183.266666666667
2017-03-26,6.2,183.266666666667
2017-03-26,8,183.266666666667
2017-03-26,9,183.266666666667
2017-03-26,9.3,183.266666666667
2017-04-09,0.1,189.4
2017-04-09,1,189.4
2017-04-09,1.6,189.4
2017-04-09,2.8,189.4
2017-04-09,3.8,189.4
2017-04-09,5,189.4
2017-04-09,5.2,189.4
2017-04-09,5.5,189.4
2017-04-09,5.8,189.4
2017-04-09,6,189.4
2017-04-09,6.2,189.4
2017-04-09,8,189.4
2017-04-09,9,189.4
2017-04-09,9.3,189.4
2017-04-16,0.1,195.533333333333
2017-04-16,1,195.533333333333
2017-04-16,1.6,195.533333333333
2017-04-16,2.8,195.533333333333
2017-04-16,3.8,195.533333333333
2017-04-16,5,195.533333333333
2017-04-16,5.2,195.533333333333
2017-04-16,5.5,195.533333333333
2017-04-16,5.8,195.533333333333
2017-04-16,6,195.533333333333
2017-04-16,6.2,195.533333333333
2017-04-16,8,195.533333333333
2017-04-16,9,195.533333333333
2017-04-16,9.3,195.533333333333
2017-04-23,0.1,201.666666666667
2017-04-23,1,201.666666666667
2017-04-23,1.6,201.666666666667
2017-04-23,2.8,201.666666666667
2017-04-23,3.8,201.666666666667
2017-04-23,5,201.666666666667
2017-04-23,5.2,201.666666666667
2017-04-23,5.5,201.666666666667
2017-04-23,5.8,201.666666666667
2017-04-23,6,201.666666666667
2017-04-23,6.2,201.666666666667
2017-04-23,8,201.666666666667
2017-04-23,9,201.666666666667
2017-04-23,9.3,201.666666666667
2017-04-30,0.1,207.8
2017-04-30,1,207.8
2017-04-30,1.6,207.8
2017-04-30,2.8,207.8
2017-04-30,3.8,207.8
2017-04-30,5,207.8
2017-04-30,5.2,207.8
2017-04-30,5.5,207.8
2017-04-30,5.8,207.8
2017-04-30,6,207.8
2017-04-30,6.2,207.8
2017-04-30,8,207.8
2017-04-30,9,207.8
2017-04-30,9.3,207.8
2017-05-04,0.1,213.933333333333
2017-05-04,1,213.933333333333
2017-05-04,1.6,213.933333333333
2017-05-04,2.8,213.933333333333
2017-05-04,3.8,213.933333333333
2017-05-04,5,213.933333333333
2017-05-04,5.2,213.933333333333
2017-05-04,5.5,213.933333333333
2017-05-04,5.8,213.933333333333
2017-05-04,6,213.933333333333
2017-05-04,6.2,213.933333333333
2017-05-04,8,213.933333333333
2017-05-04,9,213.933333333333
2017-05-04,9.3,213.933333333333
2017-05-07,0.1,220.066666666667
2017-05-07,1,220.066666666667
2017-05-07,1.6,220.066666666667
2017-05-07,2.8,220.066666666667
2017-05-07,3.8,220.066666666667
2017-05-07,5,220.066666666667
2017-05-07,5.2,220.066666666667
2017-05-07,5.5,220.066666666667
2017-05-07,5.8,220.066666666667
2017-05-07,6,220.066666666667
2017-05-07,6.2,220.066666666667
2017-05-07,8,220.066666666667
2017-05-07,9,220.066666666667
2017-05-07,9.3,220.066666666667
2017-05-09,0.1,226.2
2017-05-09,1,226.2
2017-05-09,1.6,226.2
2017-05-09,2.8,226.2
2017-05-09,3.8,226.2
2017-05-09,5,226.2
2017-05-09,5.2,226.2
2017-05-09,5.5,226.2
2017-05-09,5.8,226.2
2017-05-09,6,226.2
2017-05-09,6.2,226.2
2017-05-09,8,226.2
2017-05-09,9,226.2
2017-05-09,9.3,226.2
2017-05-14,0.1,232.333333333333
2017-05-14,1,232.333333333333
2017-05-14,1.6,232.333333333333
2017-05-14,2.8,232.333333333333
2017-05-14,3.8,232.333333333333
2017-05-14,5,232.333333333333
2017-05-14,5.2,232.333333333333
2017-05-14,5.5,232.333333333333
2017-05-14,5.8,232.333333333333
2017-05-14,6,232.333333333333
2017-05-14,6.2,232.333333333333
2017-05-14,8,232.333333333333
2017-05-14,9,232.333333333333
2017-05-14,9.3,232.333333333333
2017-06-28,0.1,238.466666666667
2017-06-28,1,238.466666666667
2017-06-28,1.6,238.466666666667
2017-06-28,2.8,238.466666666667
2017-06-28,3.8,238.466666666667
2017-06-28,5,238.466666666667
2017-06-28,5.2,238.466666666667
2017-06-28,5.5,238.466666666667
2017-06-28,5.8,238.466666666667
2017-06-28,6,238.466666666667
2017-06-28,6.2,238.466666666667
2017-06-28,8,238.466666666667
2017-06-28,9,238.466666666667
2017-06-28,9.3,238.466666666667
2017-07-04,0.1,244.6
2017-07-04,1,244.6
2017-07-04,1.6,244.6
2017-07-04,2.8,244.6
2017-07-04,3.8,244.6
2017-07-04,5,244.6
2017-07-04,5.2,244.6
2017-07-04,5.5,244.6
2017-07-04,5.8,244.6
2017-07-04,6,244.6
2017-07-04,6.2,244.6
2017-07-04,8,244.6
2017-07-04,9,244.6
2017-07-04,9.3,244.6
2017-07-06,0.1,250.733333333333
2017-07-06,1,250.733333333333
2017-07-06,1.6,250.733333333333
2017-07-06,2.8,250.733333333333
2017-07-06,3.8,250.733333333333
2017-07-06,5,250.733333333333
2017-07-06,5.2,250.733333333333
2017-07-06,5.5,250.733333333333
2017-07-06,5.8,250.733333333333
2017-07-06,6,250.733333333333
2017-07-06,6.2,250.733333333333
2017-07-06,8,250.733333333333
2017-07-06,9,250.733333333333
2017-07-06,9.3,250.733333333333
2017-07-09,0.1,256.866666666667
2017-07-09,1,256.866666666667
2017-07-09,1.6,256.866666666667
2017-07-09,2.8,256.866666666667
2017-07-09,3.8,256.866666666667
2017-07-09,5,256.866666666667
2017-07-09,5.2,256.866666666667
2017-07-09,5.5,256.866666666667
2017-07-09,5.8,256.866666666667
2017-07-09,6,256.866666666667
2017-07-09,6.2,256.866666666667
2017-07-09,8,256.866666666667
2017-07-09,9,256.866666666667
2017-07-09,9.3,256.866666666667
2017-07-10,0.1,263
2017-07-10,1,263
2017-07-10,1.6,263
2017-07-10,2.8,263
2017-07-10,3.8,263
2017-07-10,5,263
2017-07-10,5.2,263
2017-07-10,5.5,263
2017-07-10,5.8,263
2017-07-10,6,263
2017-07-10,6.2,263
2017-07-10,8,263
2017-07-10,9,263
2017-07-10,9.3,263
2017-07-11,0.1,262.666666666667
2017-07-11,1,262.666666666667
2017-07-11,1.6,262.666666666667
2017-07-11,2.8,262.666666666667
2017-07-11,3.8,262.666666666667
2017-07-11,5,262.666666666667
2017-07-11,5.2,262.666666666667
2017-07-11,5.5,262.666666666667
2017-07-11,5.8,262.666666666667
2017-07-11,6,262.666666666667
2017-07-11,6.2,262.666666666667
2017-07-11,8,262.666666666667
2017-07-11,9,262.666666666667
2017-07-11,9.3,262.666666666667
2017-07-12,0.1,262.333333333333
2017-07-12,1,262.333333333333
2017-07-12,1.6,262.333333333333
2017-07-12,2.8,262.333333333333
2017-07-12,3.8,262.333333333333
2017-07-12,5,262.333333333333
2017-07-12,5.2,262.333333333333
2017-07-12,5.5,262.333333333333
2017-07-12,5.8,262.333333333333
2017-07-12,6,262.333333333333
2017-07-12,6.2,262.333333333333
2017-07-12,8,262.333333333333
2017-07-12,9,262.333333333333
2017-07-12,9.3,262.333333333333
2017-08-06,0.1,262
2017-08-06,1,262
2017-08-06,1.6,262
2017-08-06,2.8,262
2017-08-06,3.8,262
2017-08-06,5,262
2017-08-06,5.2,262
2017-08-06,5.5,262
2017-08-06,5.8,262
2017-08-06,6,262
2017-08-06,6.2,262
2017-08-06,8,262
2017-08-06,9,262
2017-08-06,9.3,262
2017-08-09,0.1,261.666666666667
2017-08-09,1,261.666666666667
2017-08-09,1.6,261.666666666667
2017-08-09,2.8,261.666666666667
2017-08-09,3.8,261.666666666667
2017-08-09,5,261.666666666667
2017-08-09,5.2,261.666666666667
2017-08-09,5.5,261.666666666667
2017-08-09,5.8,261.666666666667
2017-08-09,6,261.666666666667
2017-08-09,6.2,261.666666666667
2017-08-09,8,261.666666666667
2017-08-09,9,261.666666666667
2017-08-09,9.3,261.666666666667
2017-08-13,0.1,261.333333333333
2017-08-13,1,261.333333333333
2017-08-13,1.6,261.333333333333
2017-08-13,2.8,261.333333333333
2017-08-13,3.8,261.333333333333
2017-08-13,5,261.333333333333
2017-08-13,5.2,261.333333333333
2017-08-13,5.5,261.333333333333
2017-08-13,5.8,261.333333333333
2017-08-13,6,261.333333333333
2017-08-13,6.2,261.333333333333
2017-08-13,8,261.333333333333
2017-08-13,9,261.333333333333
2017-08-13,9.3,261.333333333333
2017-08-16,0.1,261
2017-08-16,1,261
2017-08-16,1.6,261
2017-08-16,2.8,261
2017-08-16,3.8,261
2017-08-16,5,261
2017-08-16,5.2,261
2017-08-16,5.5,261
2017-08-16,5.8,261
2017-08-16,6,261
2017-08-16,6.2,261
2017-08-16,8,261
2017-08-16,9,261
2017-08-16,9.3,261
2017-08-20,0.1,260.666666666667
2017-08-20,1,260.666666666667
2017-08-20,1.6,260.666666666667
2017-08-20,2.8,260.666666666667
2017-08-20,3.8,260.666666666667
2017-08-20,5,260.666666666667
2017-08-20,5.2,260.666666666667
2017-08-20,5.5,260.666666666667
2017-08-20,5.8,260.666666666667
2017-08-20,6,260.666666666667
2017-08-20,6.2,260.666666666667
2017-08-20,8,260.666666666667
2017-08-20,9,260.666666666667
2017-08-20,9.3,260.666666666667
2017-08-27,0.1,260.333333333333
2017-08-27,1,260.333333333333
2017-08-27,1.6,260.333333333333
2017-08-27,2.8,260.333333333333
2017-08-27,3.8,260.333333333333
2017-08-27,5,260.333333333333
2017-08-27,5.2,260.333333333333
2017-08-27,5.5,260.333333333333
2017-08-27,5.8,260.333333333333
2017-08-27,6,260.333333333333
2017-08-27,6.2,260.333333333333
2017-08-27,8,260.333333333333
2017-08-27,9,260.333333333333
2017-08-27,9.3,260.333333333333
2017-09-03,0.1,260
2017-09-03,1,260
2017-09-03,1.6,260
2017-09-03,2.8,260
2017-09-03,3.8,260
2017-09-03,5,260
2017-09-03,5.2,260
2017-09-03,5.5,260
2017-09-03,5.8,260
2017-09-03,6,260
2017-09-03,6.2,260
2017-09-03,8,260
2017-09-03,9,260
2017-09-03,9.3,260
2017-09-10,0.1,259.666666666667
2017-09-10,1,259.666666666667
2017-09-10,1.6,259.666666666667
2017-09-10,2.8,259.666666666667
2017-09-10,3.8,259.666666666667
2017-09-10,5,259.666666666667
2017-09-10,5.2,259.666666666667
2017-09-10,5.5,259.666666666667
2017-09-10,5.8,259.666666666667
2017-09-10,6,259.666666666667
2017-09-10,6.2,259.666666666667
2017-09-10,8,259.666666666667
2017-09-10,9,259.666666666667
2017-09-10,9.3,259.666666666667
2017-09-17,0.1,259.333333333333
2017-09-17,1,259.333333333333
2017-09-17,1.6,259.333333333333
2017-09-17,2.8,259.333333333333
2017-09-17,3.8,259.333333333333
2017-09-17,5,259.333333333333
2017-09-17,5.2,259.333333333333
2017-09-17,5.5,259.333333333333
2017-09-17,5.8,259.333333333333
2017-09-17,6,259.333333333333
2017-09-17,6.2,259.333333333333
2017-09-17,8,259.333333333333
2017-09-17,9,259.333333333333
2017-09-17,9.3,259.333333333333
2017-09-18,0.1,259
2017-09-18,1,259
2017-09-18,1.6,259
2017-09-18,2.8,259
2017-09-18,3.8,259
2017-09-18,5,259
2017-09-18,5.2,259
2017-09-18,5.5,259
2017-09-18,5.8,259
2017-09-18,6,259
2017-09-18,6.2,259
2017-09-18,8,259
2017-09-18,9,259
2017-09-18,9.3,259
2017-09-24,0.1,230.25
2017-09-24,1,230.25
2017-09-24,1.6,230.25
2017-09-24,2.8,230.25
2017-09-24,3.8,230.25
2017-09-24,5,230.25
2017-09-24,5.2,230.25
2017-09-24,5.5,230.25
2017-09-24,5.8,230.25
2017-09-24,6,230.25
2017-09-24,6.2,230.25
2017-09-24,8,230.25
2017-09-24,9,230.25
2017-09-24,9.3,230.25
2017-10-08,0.1,201.5
2017-10-08,1,201.5
2017-10-08,1.6,201.5
2017-10-08,2.8,201.5
2017-10-08,3.8,201.5
2017-10-08,5,201.5
2017-10-08,5.2,201.5
2017-10-08,5.5,201.5
2017-10-08,5.8,201.5
2017-10-08,6,201.5
2017-10-08,6.2,201.5
2017-10-08,8,201.5
2017-10-08,9,201.5
2017-10-08,9.3,201.5
2017-10-15,0.1,172.75
2017-10-15,1,172.75
2017-10-15,1.6,172.75
2017-10-15,2.8,172.75
2017-10-15,3.8,172.75
2017-10-15,5,172.75
2017-10-15,5.2,172.75
2017-10-15,5.5,172.75
2017-10-15,5.8,172.75
2017-10-15,6,172.75
2017-10-15,6.2,172.75
2017-10-15,8,172.75
2017-10-15,9,172.75
2017-10-15,9.3,172.75
2017-10-16,0.1,144
2017-10-16,1,144
2017-10-16,1.6,144
2017-10-16,2.8,144
2017-10-16,3.8,144
2017-10-16,5,144
2017-10-16,5.2,144
2017-10-16,5.5,144
2017-10-16,5.8,144
2017-10-16,6,144
2017-10-16,6.2,144
2017-10-16,8,144
2017-10-16,9,144
2017-10-16,9.3,144
