"Date","Depth","TP_interp"
2013-03-07,0.1,27
2013-03-07,1,32.3
2013-03-07,1.6,30.7
2013-03-07,2.8,35.6
2013-03-07,3.8,27
2013-03-07,5,35.6
2013-03-07,5.2,NA
2013-03-07,5.5,NA
2013-03-07,5.8,NA
2013-03-07,6,NA
2013-03-07,6.2,42.2
2013-03-07,8,47.9
2013-03-07,9,NA
2013-03-07,9.3,NA
2013-04-04,0.1,27
2013-04-04,1,32.3
2013-04-04,1.6,30.7
2013-04-04,2.8,35.6
2013-04-04,3.8,27
2013-04-04,5,35.6
2013-04-04,5.2,NA
2013-04-04,5.5,NA
2013-04-04,5.8,NA
2013-04-04,6,NA
2013-04-04,6.2,42.2
2013-04-04,8,47.9
2013-04-04,9,NA
2013-04-04,9.3,NA
2013-04-11,0.1,27
2013-04-11,1,31.1
2013-04-11,1.6,60.3
2013-04-11,2.8,45.2
2013-04-11,3.8,27
2013-04-11,5,30.1
2013-04-11,5.2,NA
2013-04-11,5.5,NA
2013-04-11,5.8,NA
2013-04-11,6,NA
2013-04-11,6.2,52.2
2013-04-11,8,41.1
2013-04-11,9,NA
2013-04-11,9.3,NA
2013-04-18,0.1,26
2013-04-18,1,32.1
2013-04-18,1.6,36.1
2013-04-18,2.8,24.8
2013-04-18,3.8,35
2013-04-18,5,26.4
2013-04-18,5.2,NA
2013-04-18,5.5,NA
2013-04-18,5.8,NA
2013-04-18,6,NA
2013-04-18,6.2,24
2013-04-18,8,30.3
2013-04-18,9,NA
2013-04-18,9.3,NA
2013-04-25,0.1,27.9
2013-04-25,1,27.9
2013-04-25,1.6,31.1
2013-04-25,2.8,49.8
2013-04-25,3.8,24
2013-04-25,5,24
2013-04-25,5.2,NA
2013-04-25,5.5,NA
2013-04-25,5.8,NA
2013-04-25,6,NA
2013-04-25,6.2,33.4
2013-04-25,8,39.6
2013-04-25,9,NA
2013-04-25,9.3,NA
2013-04-30,0.1,31.9
2013-04-30,1,49.35
2013-04-30,1.6,38.75
2013-04-30,2.8,36.7
2013-04-30,3.8,21.2
2013-04-30,5,23.8
2013-04-30,5.2,NA
2013-04-30,5.5,NA
2013-04-30,5.8,NA
2013-04-30,6,NA
2013-04-30,6.2,25.9
2013-04-30,8,34.25
2013-04-30,9,NA
2013-04-30,9.3,NA
2013-05-02,0.1,35.9
2013-05-02,1,70.8
2013-05-02,1.6,46.4
2013-05-02,2.8,23.6
2013-05-02,3.8,18.4
2013-05-02,5,23.6
2013-05-02,5.2,NA
2013-05-02,5.5,NA
2013-05-02,5.8,NA
2013-05-02,6,NA
2013-05-02,6.2,18.4
2013-05-02,8,28.9
2013-05-02,9,NA
2013-05-02,9.3,NA
2013-05-09,0.1,21.9
2013-05-09,1,20.2
2013-05-09,1.6,26.3
2013-05-09,2.8,31.5
2013-05-09,3.8,21.9
2013-05-09,5,35.9
2013-05-09,5.2,NA
2013-05-09,5.5,NA
2013-05-09,5.8,NA
2013-05-09,6,NA
2013-05-09,6.2,28
2013-05-09,8,24.5
2013-05-09,9,NA
2013-05-09,9.3,NA
2013-05-14,0.1,22.3
2013-05-14,1,22.3
2013-05-14,1.6,26.6333333333333
2013-05-14,2.8,27.0333333333333
2013-05-14,3.8,32.0666666666667
2013-05-14,5,31.9333333333333
2013-05-14,5.2,NA
2013-05-14,5.5,NA
2013-05-14,5.8,NA
2013-05-14,6,NA
2013-05-14,6.2,28.9
2013-05-14,8,24.0333333333333
2013-05-14,9,NA
2013-05-14,9.3,NA
2013-05-15,0.1,22.7
2013-05-15,1,24.4
2013-05-15,1.6,26.9666666666667
2013-05-15,2.8,22.5666666666667
2013-05-15,3.8,42.2333333333333
2013-05-15,5,27.9666666666667
2013-05-15,5.2,NA
2013-05-15,5.5,NA
2013-05-15,5.8,NA
2013-05-15,6,NA
2013-05-15,6.2,29.8
2013-05-15,8,23.5666666666667
2013-05-15,9,NA
2013-05-15,9.3,NA
2013-05-16,0.1,23.1
2013-05-16,1,26.5
2013-05-16,1.6,27.3
2013-05-16,2.8,18.1
2013-05-16,3.8,52.4
2013-05-16,5,24
2013-05-16,5.2,NA
2013-05-16,5.5,NA
2013-05-16,5.8,NA
2013-05-16,6,NA
2013-05-16,6.2,30.7
2013-05-16,8,23.1
2013-05-16,9,NA
2013-05-16,9.3,NA
2013-05-21,0.1,24.35
2013-05-21,1,25.25
2013-05-21,1.6,24.4
2013-05-21,2.8,23.1
2013-05-21,3.8,36.5
2013-05-21,5,24.4
2013-05-21,5.2,NA
2013-05-21,5.5,NA
2013-05-21,5.8,NA
2013-05-21,6,NA
2013-05-21,6.2,30.25
2013-05-21,8,21
2013-05-21,9,NA
2013-05-21,9.3,NA
2013-05-23,0.1,25.6
2013-05-23,1,24
2013-05-23,1.6,21.5
2013-05-23,2.8,28.1
2013-05-23,3.8,20.6
2013-05-23,5,24.8
2013-05-23,5.2,NA
2013-05-23,5.5,NA
2013-05-23,5.8,NA
2013-05-23,6,NA
2013-05-23,6.2,29.8
2013-05-23,8,18.9
2013-05-23,9,NA
2013-05-23,9.3,NA
2013-05-30,0.1,22.3
2013-05-30,1,34.9
2013-05-30,1.6,23.8
2013-05-30,2.8,26.2
2013-05-30,3.8,32.6
2013-05-30,5,27
2013-05-30,5.2,NA
2013-05-30,5.5,NA
2013-05-30,5.8,NA
2013-05-30,6,NA
2013-05-30,6.2,25.4
2013-05-30,8,30.2
2013-05-30,9,NA
2013-05-30,9.3,NA
2013-06-04,0.1,25.3
2013-06-04,1,30.35
2013-06-04,1.6,32.65
2013-06-04,2.8,29.7
2013-06-04,3.8,30
2013-06-04,5,24.35
2013-06-04,5.2,NA
2013-06-04,5.5,NA
2013-06-04,5.8,NA
2013-06-04,6,NA
2013-06-04,6.2,28.9
2013-06-04,8,32.95
2013-06-04,9,NA
2013-06-04,9.3,NA
2013-06-06,0.1,28.3
2013-06-06,1,25.8
2013-06-06,1.6,41.5
2013-06-06,2.8,33.2
2013-06-06,3.8,27.4
2013-06-06,5,21.7
2013-06-06,5.2,NA
2013-06-06,5.5,NA
2013-06-06,5.8,NA
2013-06-06,6,NA
2013-06-06,6.2,32.4
2013-06-06,8,35.7
2013-06-06,9,NA
2013-06-06,9.3,NA
2013-06-13,0.1,21.7
2013-06-13,1,31.65
2013-06-13,1.6,21.7
2013-06-13,2.8,36.15
2013-06-13,3.8,22.5
2013-06-13,5,23.4
2013-06-13,5.2,NA
2013-06-13,5.5,NA
2013-06-13,5.8,NA
2013-06-13,6,NA
2013-06-13,6.2,19.1
2013-06-13,8,18.3
2013-06-13,9,NA
2013-06-13,9.3,NA
2013-06-20,0.1,36.7
2013-06-20,1,37.5
2013-06-20,1.6,37.5
2013-06-20,2.8,39.1
2013-06-20,3.8,38.3
2013-06-20,5,31.9
2013-06-20,5.2,NA
2013-06-20,5.5,NA
2013-06-20,5.8,NA
2013-06-20,6,NA
2013-06-20,6.2,39.1
2013-06-20,8,38.3
2013-06-20,9,NA
2013-06-20,9.3,NA
2013-06-25,0.1,29.95
2013-06-25,1,33.9
2013-06-25,1.6,33.15
2013-06-25,2.8,30.75
2013-06-25,3.8,39.7333333333333
2013-06-25,5,27.55
2013-06-25,5.2,NA
2013-06-25,5.5,NA
2013-06-25,5.8,NA
2013-06-25,6,NA
2013-06-25,6.2,33.15
2013-06-25,8,54.95
2013-06-25,9,NA
2013-06-25,9.3,NA
2013-06-27,0.1,23.2
2013-06-27,1,30.3
2013-06-27,1.6,28.8
2013-06-27,2.8,22.4
2013-06-27,3.8,41.1666666666667
2013-06-27,5,23.2
2013-06-27,5.2,NA
2013-06-27,5.5,NA
2013-06-27,5.8,NA
2013-06-27,6,NA
2013-06-27,6.2,27.2
2013-06-27,8,71.6
2013-06-27,9,NA
2013-06-27,9.3,NA
2013-07-03,0.1,38.9
2013-07-03,1,48
2013-07-03,1.6,49.9
2013-07-03,2.8,74.4
2013-07-03,3.8,42.6
2013-07-03,5,45.3
2013-07-03,5.2,NA
2013-07-03,5.5,NA
2013-07-03,5.8,NA
2013-07-03,6,NA
2013-07-03,6.2,33.5
2013-07-03,8,35.3
2013-07-03,9,NA
2013-07-03,9.3,NA
2013-07-11,0.1,55.5
2013-07-11,1,118.8
2013-07-11,1.6,42.2
2013-07-11,2.8,28
2013-07-11,3.8,24.7
2013-07-11,5,20.5
2013-07-11,5.2,NA
2013-07-11,5.5,NA
2013-07-11,5.8,NA
2013-07-11,6,NA
2013-07-11,6.2,23
2013-07-11,8,23.8
2013-07-11,9,NA
2013-07-11,9.3,NA
2013-07-15,0.1,29.3
2013-07-15,1,35.9
2013-07-15,1.6,27.7
2013-07-15,2.8,28.5
2013-07-15,3.8,21.1
2013-07-15,5,21.9
2013-07-15,5.2,NA
2013-07-15,5.5,NA
2013-07-15,5.8,NA
2013-07-15,6,NA
2013-07-15,6.2,17
2013-07-15,8,21.1
2013-07-15,9,NA
2013-07-15,9.3,NA
2013-07-18,0.1,30.9
2013-07-18,1,36.65
2013-07-18,1.6,41.55
2013-07-18,2.8,59.1
2013-07-18,3.8,31.3
2013-07-18,5,23.95
2013-07-18,5.2,NA
2013-07-18,5.5,NA
2013-07-18,5.8,NA
2013-07-18,6,NA
2013-07-18,6.2,34.15
2013-07-18,8,29.65
2013-07-18,9,NA
2013-07-18,9.3,NA
2013-07-22,0.1,32.5
2013-07-22,1,37.4
2013-07-22,1.6,55.4
2013-07-22,2.8,89.7
2013-07-22,3.8,41.5
2013-07-22,5,26
2013-07-22,5.2,NA
2013-07-22,5.5,NA
2013-07-22,5.8,NA
2013-07-22,6,NA
2013-07-22,6.2,51.3
2013-07-22,8,38.2
2013-07-22,9,NA
2013-07-22,9.3,NA
2013-07-25,0.1,36.2
2013-07-25,1,70.7
2013-07-25,1.6,62.5
2013-07-25,2.8,23
2013-07-25,3.8,45.2
2013-07-25,5,62.6
2013-07-25,5.2,NA
2013-07-25,5.5,NA
2013-07-25,5.8,NA
2013-07-25,6,NA
2013-07-25,6.2,32.6
2013-07-25,8,98
2013-07-25,9,NA
2013-07-25,9.3,NA
2013-07-29,0.1,23.9
2013-07-29,1,36.2
2013-07-29,1.6,76.4
2013-07-29,2.8,52.6
2013-07-29,3.8,38.6
2013-07-29,5,35.4
2013-07-29,5.2,NA
2013-07-29,5.5,NA
2013-07-29,5.8,NA
2013-07-29,6,NA
2013-07-29,6.2,40.3
2013-07-29,8,22.2
2013-07-29,9,NA
2013-07-29,9.3,NA
2013-08-01,0.1,51
2013-08-01,1,51
2013-08-01,1.6,51.9
2013-08-01,2.8,68.5
2013-08-01,3.8,38.6
2013-08-01,5,40.2
2013-08-01,5.2,NA
2013-08-01,5.5,NA
2013-08-01,5.8,NA
2013-08-01,6,NA
2013-08-01,6.2,68.5
2013-08-01,8,53.5
2013-08-01,9,NA
2013-08-01,9.3,NA
2013-08-08,0.1,43.7
2013-08-08,1,25.7
2013-08-08,1.6,24.1
2013-08-08,2.8,25.7
2013-08-08,3.8,56.8
2013-08-08,5,34.7
2013-08-08,5.2,NA
2013-08-08,5.5,NA
2013-08-08,5.8,NA
2013-08-08,6,NA
2013-08-08,6.2,36.4
2013-08-08,8,26.5
2013-08-08,9,NA
2013-08-08,9.3,NA
2013-08-12,0.1,23.5
2013-08-12,1,20.7
2013-08-12,1.6,22.1
2013-08-12,2.8,22.8
2013-08-12,3.8,22.1
2013-08-12,5,15.9
2013-08-12,5.2,NA
2013-08-12,5.5,NA
2013-08-12,5.8,NA
2013-08-12,6,NA
2013-08-12,6.2,13.8
2013-08-12,8,15.9
2013-08-12,9,NA
2013-08-12,9.3,NA
2013-08-28,0.1,19.8
2013-08-28,1,21
2013-08-28,1.6,19.6
2013-08-28,2.8,33.6
2013-08-28,3.8,25.05
2013-08-28,5,19.2
2013-08-28,5.2,NA
2013-08-28,5.5,NA
2013-08-28,5.8,NA
2013-08-28,6,NA
2013-08-28,6.2,16.35
2013-08-28,8,21.9
2013-08-28,9,NA
2013-08-28,9.3,NA
2013-09-18,0.1,16.1
2013-09-18,1,16.1
2013-09-18,1.6,17.1
2013-09-18,2.8,17.1
2013-09-18,3.8,28
2013-09-18,5,19.8
2013-09-18,5.2,NA
2013-09-18,5.5,NA
2013-09-18,5.8,NA
2013-09-18,6,NA
2013-09-18,6.2,18.9
2013-09-18,8,17.1
2013-09-18,9,NA
2013-09-18,9.3,NA
2013-09-25,0.1,27.1
2013-09-25,1,17.1
2013-09-25,1.6,20.7
2013-09-25,2.8,21.6
2013-09-25,3.8,25.3
2013-09-25,5,18.9
2013-09-25,5.2,NA
2013-09-25,5.5,NA
2013-09-25,5.8,NA
2013-09-25,6,NA
2013-09-25,6.2,30.8
2013-09-25,8,18.9
2013-09-25,9,NA
2013-09-25,9.3,NA
2013-10-16,0.1,24.5
2013-10-16,1,22.6
2013-10-16,1.6,20.8
2013-10-16,2.8,20.8
2013-10-16,3.8,21.7
2013-10-16,5,19.8
2013-10-16,5.2,NA
2013-10-16,5.5,NA
2013-10-16,5.8,NA
2013-10-16,6,NA
2013-10-16,6.2,16.1
2013-10-16,8,18
2013-10-16,9,NA
2013-10-16,9.3,NA
2013-10-23,0.1,36
2013-10-23,1,23.55
2013-10-23,1.6,36.9
2013-10-23,2.8,19.2
2013-10-23,3.8,16.4
2013-10-23,5,17.4
2013-10-23,5.2,NA
2013-10-23,5.5,NA
2013-10-23,5.8,NA
2013-10-23,6,NA
2013-10-23,6.2,15.5
2013-10-23,8,13.6
2013-10-23,9,NA
2013-10-23,9.3,NA
2013-10-30,0.1,28
2013-10-30,1,24.5
2013-10-30,1.6,25.3
2013-10-30,2.8,19.2
2013-10-30,3.8,19.2
2013-10-30,5,20.1
2013-10-30,5.2,NA
2013-10-30,5.5,NA
2013-10-30,5.8,NA
2013-10-30,6,NA
2013-10-30,6.2,17.4
2013-10-30,8,20.1
2013-10-30,9,NA
2013-10-30,9.3,NA
2013-11-06,0.1,11.2
2013-11-06,1,13
2013-11-06,1.6,20.9
2013-11-06,2.8,19.2
2013-11-06,3.8,13
2013-11-06,5,12.1
2013-11-06,5.2,NA
2013-11-06,5.5,NA
2013-11-06,5.8,NA
2013-11-06,6,NA
2013-11-06,6.2,11.2
2013-11-06,8,15.6
2013-11-06,9,NA
2013-11-06,9.3,NA
2013-11-20,0.1,12.0333333333333
2013-11-20,1,14.0666666666667
2013-11-20,1.6,18.4333333333333
2013-11-20,2.8,17.7666666666667
2013-11-20,3.8,13.2
2013-11-20,5,12.3333333333333
2013-11-20,5.2,NA
2013-11-20,5.5,NA
2013-11-20,5.8,NA
2013-11-20,6,NA
2013-11-20,6.2,12.4333333333333
2013-11-20,8,13.4333333333333
2013-11-20,9,NA
2013-11-20,9.3,NA
2013-12-04,0.1,12.8666666666667
2013-12-04,1,15.1333333333333
2013-12-04,1.6,15.9666666666667
2013-12-04,2.8,16.3333333333333
2013-12-04,3.8,13.4
2013-12-04,5,12.5666666666667
2013-12-04,5.2,NA
2013-12-04,5.5,NA
2013-12-04,5.8,NA
2013-12-04,6,NA
2013-12-04,6.2,13.6666666666667
2013-12-04,8,11.2666666666667
2013-12-04,9,NA
2013-12-04,9.3,NA
2014-05-05,0.1,13.7
2014-05-05,1,16.2
2014-05-05,1.6,13.5
2014-05-05,2.8,14.9
2014-05-05,3.8,13.6
2014-05-05,5,12.8
2014-05-05,5.2,NA
2014-05-05,5.5,NA
2014-05-05,5.8,NA
2014-05-05,6,NA
2014-05-05,6.2,14.9
2014-05-05,8,9.1
2014-05-05,9,10.8
2014-05-05,9.3,NA
2014-05-06,0.1,13.4833333333333
2014-05-06,1,15.9666666666667
2014-05-06,1.6,13.2
2014-05-06,2.8,14.3
2014-05-06,3.8,13.4333333333333
2014-05-06,5,12.75
2014-05-06,5.2,NA
2014-05-06,5.5,NA
2014-05-06,5.8,NA
2014-05-06,6,NA
2014-05-06,6.2,13.9166666666667
2014-05-06,8,9.15
2014-05-06,9,11.6666666666667
2014-05-06,9.3,NA
2014-05-07,0.1,13.2666666666667
2014-05-07,1,15.7333333333333
2014-05-07,1.6,12.9
2014-05-07,2.8,13.7
2014-05-07,3.8,13.2666666666667
2014-05-07,5,12.7
2014-05-07,5.2,NA
2014-05-07,5.5,NA
2014-05-07,5.8,NA
2014-05-07,6,NA
2014-05-07,6.2,12.9333333333333
2014-05-07,8,9.2
2014-05-07,9,12.5333333333333
2014-05-07,9.3,NA
2014-05-08,0.1,13.05
2014-05-08,1,15.5
2014-05-08,1.6,12.6
2014-05-08,2.8,13.1
2014-05-08,3.8,13.1
2014-05-08,5,12.65
2014-05-08,5.2,NA
2014-05-08,5.5,NA
2014-05-08,5.8,NA
2014-05-08,6,NA
2014-05-08,6.2,11.95
2014-05-08,8,9.25
2014-05-08,9,13.4
2014-05-08,9.3,NA
2014-05-09,0.1,12.8333333333333
2014-05-09,1,15.2666666666667
2014-05-09,1.6,12.3
2014-05-09,2.8,12.5
2014-05-09,3.8,12.9333333333333
2014-05-09,5,12.6
2014-05-09,5.2,NA
2014-05-09,5.5,NA
2014-05-09,5.8,NA
2014-05-09,6,NA
2014-05-09,6.2,10.9666666666667
2014-05-09,8,9.3
2014-05-09,9,14.2666666666667
2014-05-09,9.3,NA
2014-05-10,0.1,12.6166666666667
2014-05-10,1,15.0333333333333
2014-05-10,1.6,12
2014-05-10,2.8,11.9
2014-05-10,3.8,12.7666666666667
2014-05-10,5,12.55
2014-05-10,5.2,NA
2014-05-10,5.5,NA
2014-05-10,5.8,NA
2014-05-10,6,NA
2014-05-10,6.2,9.98333333333333
2014-05-10,8,9.35
2014-05-10,9,15.1333333333333
2014-05-10,9.3,NA
2014-05-12,0.1,12.4
2014-05-12,1,14.8
2014-05-12,1.6,11.7
2014-05-12,2.8,11.3
2014-05-12,3.8,12.6
2014-05-12,5,12.5
2014-05-12,5.2,NA
2014-05-12,5.5,NA
2014-05-12,5.8,NA
2014-05-12,6,NA
2014-05-12,6.2,9
2014-05-12,8,9.4
2014-05-12,9,16
2014-05-12,9.3,NA
2014-05-14,0.1,12
2014-05-14,1,15.0333333333333
2014-05-14,1.6,12.6333333333333
2014-05-14,2.8,13.4
2014-05-14,3.8,12.0666666666667
2014-05-14,5,12.2
2014-05-14,5.2,NA
2014-05-14,5.5,NA
2014-05-14,5.8,NA
2014-05-14,6,NA
2014-05-14,6.2,9.6
2014-05-14,8,9.6
2014-05-14,9,14.2
2014-05-14,9.3,NA
2014-05-15,0.1,11.6
2014-05-15,1,15.2666666666667
2014-05-15,1.6,13.5666666666667
2014-05-15,2.8,15.5
2014-05-15,3.8,11.5333333333333
2014-05-15,5,11.9
2014-05-15,5.2,NA
2014-05-15,5.5,NA
2014-05-15,5.8,NA
2014-05-15,6,NA
2014-05-15,6.2,10.2
2014-05-15,8,9.8
2014-05-15,9,12.4
2014-05-15,9.3,NA
2014-05-19,0.1,11.2
2014-05-19,1,15.5
2014-05-19,1.6,14.5
2014-05-19,2.8,17.6
2014-05-19,3.8,11
2014-05-19,5,11.6
2014-05-19,5.2,NA
2014-05-19,5.5,NA
2014-05-19,5.8,NA
2014-05-19,6,NA
2014-05-19,6.2,10.8
2014-05-19,8,10
2014-05-19,9,10.6
2014-05-19,9.3,NA
2014-05-22,0.1,11
2014-05-22,1,13.55
2014-05-22,1.6,13.9
2014-05-22,2.8,15.85
2014-05-22,3.8,11.25
2014-05-22,5,11.35
2014-05-22,5.2,NA
2014-05-22,5.5,NA
2014-05-22,5.8,NA
2014-05-22,6,NA
2014-05-22,6.2,10.65
2014-05-22,8,10.25
2014-05-22,9,10.7
2014-05-22,9.3,NA
2014-05-26,0.1,10.8
2014-05-26,1,11.6
2014-05-26,1.6,13.3
2014-05-26,2.8,14.1
2014-05-26,3.8,11.5
2014-05-26,5,11.1
2014-05-26,5.2,NA
2014-05-26,5.5,NA
2014-05-26,5.8,NA
2014-05-26,6,NA
2014-05-26,6.2,10.5
2014-05-26,8,10.5
2014-05-26,9,10.8
2014-05-26,9.3,NA
2014-05-28,0.1,10.85
2014-05-28,1,13.4
2014-05-28,1.6,12.7
2014-05-28,2.8,16.15
2014-05-28,3.8,13.4
2014-05-28,5,11.2
2014-05-28,5.2,NA
2014-05-28,5.5,NA
2014-05-28,5.8,NA
2014-05-28,6,NA
2014-05-28,6.2,11.6
2014-05-28,8,9.95
2014-05-28,9,14
2014-05-28,9.3,NA
2014-06-02,0.1,10.9
2014-06-02,1,15.2
2014-06-02,1.6,12.1
2014-06-02,2.8,18.2
2014-06-02,3.8,15.3
2014-06-02,5,11.3
2014-06-02,5.2,NA
2014-06-02,5.5,NA
2014-06-02,5.8,NA
2014-06-02,6,NA
2014-06-02,6.2,12.7
2014-06-02,8,9.4
2014-06-02,9,17.2
2014-06-02,9.3,NA
2014-06-03,0.1,11.78
2014-06-03,1,14.68
2014-06-03,1.6,11.96
2014-06-03,2.8,17.16
2014-06-03,3.8,14.5
2014-06-03,5,10.94
2014-06-03,5.2,NA
2014-06-03,5.5,NA
2014-06-03,5.8,NA
2014-06-03,6,NA
2014-06-03,6.2,12.38
2014-06-03,8,10.98
2014-06-03,9,18.72
2014-06-03,9.3,NA
2014-06-04,0.1,12.66
2014-06-04,1,14.16
2014-06-04,1.6,11.82
2014-06-04,2.8,16.12
2014-06-04,3.8,13.7
2014-06-04,5,10.58
2014-06-04,5.2,NA
2014-06-04,5.5,NA
2014-06-04,5.8,NA
2014-06-04,6,NA
2014-06-04,6.2,12.06
2014-06-04,8,12.56
2014-06-04,9,20.24
2014-06-04,9.3,NA
2014-06-05,0.1,13.54
2014-06-05,1,13.64
2014-06-05,1.6,11.68
2014-06-05,2.8,15.08
2014-06-05,3.8,12.9
2014-06-05,5,10.22
2014-06-05,5.2,NA
2014-06-05,5.5,NA
2014-06-05,5.8,NA
2014-06-05,6,NA
2014-06-05,6.2,11.74
2014-06-05,8,14.14
2014-06-05,9,21.76
2014-06-05,9.3,NA
2014-06-06,0.1,14.42
2014-06-06,1,13.12
2014-06-06,1.6,11.54
2014-06-06,2.8,14.04
2014-06-06,3.8,12.1
2014-06-06,5,9.86
2014-06-06,5.2,NA
2014-06-06,5.5,NA
2014-06-06,5.8,NA
2014-06-06,6,NA
2014-06-06,6.2,11.42
2014-06-06,8,15.72
2014-06-06,9,23.28
2014-06-06,9.3,NA
2014-06-09,0.1,15.3
2014-06-09,1,12.6
2014-06-09,1.6,11.4
2014-06-09,2.8,13
2014-06-09,3.8,11.3
2014-06-09,5,9.5
2014-06-09,5.2,NA
2014-06-09,5.5,NA
2014-06-09,5.8,NA
2014-06-09,6,NA
2014-06-09,6.2,11.1
2014-06-09,8,17.3
2014-06-09,9,24.8
2014-06-09,9.3,NA
2014-06-12,0.1,15.1
2014-06-12,1,12.75
2014-06-12,1.6,12.95
2014-06-12,2.8,12.35
2014-06-12,3.8,14
2014-06-12,5,9.2
2014-06-12,5.2,NA
2014-06-12,5.5,NA
2014-06-12,5.8,NA
2014-06-12,6,NA
2014-06-12,6.2,12.15
2014-06-12,8,15.4
2014-06-12,9,19.95
2014-06-12,9.3,NA
2014-06-16,0.1,14.9
2014-06-16,1,12.9
2014-06-16,1.6,14.5
2014-06-16,2.8,11.7
2014-06-16,3.8,16.7
2014-06-16,5,8.9
2014-06-16,5.2,NA
2014-06-16,5.5,NA
2014-06-16,5.8,NA
2014-06-16,6,NA
2014-06-16,6.2,13.2
2014-06-16,8,13.5
2014-06-16,9,15.1
2014-06-16,9.3,NA
2014-06-19,0.1,14.4
2014-06-19,1,14.4
2014-06-19,1.6,17.6
2014-06-19,2.8,21.45
2014-06-19,3.8,19.55
2014-06-19,5,15.05
2014-06-19,5.2,NA
2014-06-19,5.5,NA
2014-06-19,5.8,NA
2014-06-19,6,NA
2014-06-19,6.2,16.75
2014-06-19,8,13.8
2014-06-19,9,16.25
2014-06-19,9.3,NA
2014-06-23,0.1,13.9
2014-06-23,1,15.9
2014-06-23,1.6,20.7
2014-06-23,2.8,31.2
2014-06-23,3.8,22.4
2014-06-23,5,21.2
2014-06-23,5.2,NA
2014-06-23,5.5,NA
2014-06-23,5.8,NA
2014-06-23,6,NA
2014-06-23,6.2,20.3
2014-06-23,8,14.1
2014-06-23,9,17.4
2014-06-23,9.3,NA
2014-06-25,0.1,18.85
2014-06-25,1,18.4
2014-06-25,1.6,19.75
2014-06-25,2.8,27.35
2014-06-25,3.8,22.45
2014-06-25,5,20.75
2014-06-25,5.2,NA
2014-06-25,5.5,NA
2014-06-25,5.8,NA
2014-06-25,6,NA
2014-06-25,6.2,18.8
2014-06-25,8,16.95
2014-06-25,9,19
2014-06-25,9.3,NA
2014-06-29,0.1,23.8
2014-06-29,1,20.9
2014-06-29,1.6,18.8
2014-06-29,2.8,23.5
2014-06-29,3.8,22.5
2014-06-29,5,20.3
2014-06-29,5.2,NA
2014-06-29,5.5,NA
2014-06-29,5.8,NA
2014-06-29,6,NA
2014-06-29,6.2,17.3
2014-06-29,8,19.8
2014-06-29,9,20.6
2014-06-29,9.3,NA
2014-06-30,0.1,18.9
2014-06-30,1,18.4
2014-06-30,1.6,17
2014-06-30,2.8,16.9
2014-06-30,3.8,23
2014-06-30,5,22
2014-06-30,5.2,NA
2014-06-30,5.5,NA
2014-06-30,5.8,NA
2014-06-30,6,NA
2014-06-30,6.2,16.9
2014-06-30,8,21
2014-06-30,9,11
2014-06-30,9.3,NA
2014-07-01,0.1,19.3333333333333
2014-07-01,1,17.9666666666667
2014-07-01,1.6,16.5666666666667
2014-07-01,2.8,18.3
2014-07-01,3.8,18
2014-07-01,5,19.1
2014-07-01,5.2,NA
2014-07-01,5.5,NA
2014-07-01,5.8,NA
2014-07-01,6,NA
2014-07-01,6.2,17.3
2014-07-01,8,21.4333333333333
2014-07-01,9,15.1666666666667
2014-07-01,9.3,NA
2014-07-02,0.1,19.7666666666667
2014-07-02,1,17.5333333333333
2014-07-02,1.6,16.1333333333333
2014-07-02,2.8,19.7
2014-07-02,3.8,13
2014-07-02,5,16.2
2014-07-02,5.2,NA
2014-07-02,5.5,NA
2014-07-02,5.8,NA
2014-07-02,6,NA
2014-07-02,6.2,17.7
2014-07-02,8,21.8666666666667
2014-07-02,9,19.3333333333333
2014-07-02,9.3,NA
2014-07-07,0.1,20.2
2014-07-07,1,17.1
2014-07-07,1.6,15.7
2014-07-07,2.8,21.1
2014-07-07,3.8,8
2014-07-07,5,13.3
2014-07-07,5.2,NA
2014-07-07,5.5,NA
2014-07-07,5.8,NA
2014-07-07,6,NA
2014-07-07,6.2,18.1
2014-07-07,8,22.3
2014-07-07,9,23.5
2014-07-07,9.3,NA
2014-07-09,0.1,17.65
2014-07-09,1,18.2
2014-07-09,1.6,20.05
2014-07-09,2.8,21.1
2014-07-09,3.8,14.65
2014-07-09,5,18.7
2014-07-09,5.2,NA
2014-07-09,5.5,NA
2014-07-09,5.8,NA
2014-07-09,6,NA
2014-07-09,6.2,21.15
2014-07-09,8,23.95
2014-07-09,9,25.6
2014-07-09,9.3,NA
2014-07-14,0.1,15.1
2014-07-14,1,19.3
2014-07-14,1.6,24.4
2014-07-14,2.8,21.1
2014-07-14,3.8,21.3
2014-07-14,5,24.1
2014-07-14,5.2,NA
2014-07-14,5.5,NA
2014-07-14,5.8,NA
2014-07-14,6,NA
2014-07-14,6.2,24.2
2014-07-14,8,25.6
2014-07-14,9,27.7
2014-07-14,9.3,NA
2014-07-16,0.1,13.1
2014-07-16,1,16.75
2014-07-16,1.6,18.85
2014-07-16,2.8,26.8
2014-07-16,3.8,18.7
2014-07-16,5,20.6
2014-07-16,5.2,NA
2014-07-16,5.5,NA
2014-07-16,5.8,NA
2014-07-16,6,NA
2014-07-16,6.2,19.8
2014-07-16,8,20.3
2014-07-16,9,22.35
2014-07-16,9.3,NA
2014-07-21,0.1,11.1
2014-07-21,1,14.2
2014-07-21,1.6,13.3
2014-07-21,2.8,32.5
2014-07-21,3.8,16.1
2014-07-21,5,17.1
2014-07-21,5.2,NA
2014-07-21,5.5,NA
2014-07-21,5.8,NA
2014-07-21,6,NA
2014-07-21,6.2,15.4
2014-07-21,8,15
2014-07-21,9,17
2014-07-21,9.3,NA
2014-07-23,0.1,12.45
2014-07-23,1,14.15
2014-07-23,1.6,13.35
2014-07-23,2.8,24.25
2014-07-23,3.8,15.8
2014-07-23,5,16.3
2014-07-23,5.2,NA
2014-07-23,5.5,NA
2014-07-23,5.8,NA
2014-07-23,6,NA
2014-07-23,6.2,17.95
2014-07-23,8,16.3
2014-07-23,9,17.9
2014-07-23,9.3,NA
2014-07-28,0.1,13.8
2014-07-28,1,14.1
2014-07-28,1.6,13.4
2014-07-28,2.8,16
2014-07-28,3.8,15.5
2014-07-28,5,15.5
2014-07-28,5.2,NA
2014-07-28,5.5,NA
2014-07-28,5.8,NA
2014-07-28,6,NA
2014-07-28,6.2,20.5
2014-07-28,8,17.6
2014-07-28,9,18.8
2014-07-28,9.3,NA
2014-07-30,0.1,14.1333333333333
2014-07-30,1,13.7
2014-07-30,1.6,13.3666666666667
2014-07-30,2.8,15.9666666666667
2014-07-30,3.8,16.4
2014-07-30,5,18.6
2014-07-30,5.2,NA
2014-07-30,5.5,NA
2014-07-30,5.8,NA
2014-07-30,6,NA
2014-07-30,6.2,18.2
2014-07-30,8,18.4333333333333
2014-07-30,9,25.9333333333333
2014-07-30,9.3,NA
2014-08-02,0.1,14.4666666666667
2014-08-02,1,13.3
2014-08-02,1.6,13.3333333333333
2014-08-02,2.8,15.9333333333333
2014-08-02,3.8,17.3
2014-08-02,5,21.7
2014-08-02,5.2,NA
2014-08-02,5.5,NA
2014-08-02,5.8,NA
2014-08-02,6,NA
2014-08-02,6.2,15.9
2014-08-02,8,19.2666666666667
2014-08-02,9,33.0666666666667
2014-08-02,9.3,NA
2014-08-04,0.1,14.8
2014-08-04,1,12.9
2014-08-04,1.6,13.3
2014-08-04,2.8,15.9
2014-08-04,3.8,18.2
2014-08-04,5,24.8
2014-08-04,5.2,NA
2014-08-04,5.5,NA
2014-08-04,5.8,NA
2014-08-04,6,NA
2014-08-04,6.2,13.6
2014-08-04,8,20.1
2014-08-04,9,40.2
2014-08-04,9.3,NA
2014-08-06,0.1,14.4
2014-08-06,1,13.65
2014-08-06,1.6,13.825
2014-08-06,2.8,16.425
2014-08-06,3.8,17.7
2014-08-06,5,22
2014-08-06,5.2,NA
2014-08-06,5.5,NA
2014-08-06,5.8,NA
2014-08-06,6,NA
2014-08-06,6.2,13.925
2014-08-06,8,19.8
2014-08-06,9,35.35
2014-08-06,9.3,NA
2014-08-09,0.1,14
2014-08-09,1,14.4
2014-08-09,1.6,14.35
2014-08-09,2.8,16.95
2014-08-09,3.8,17.2
2014-08-09,5,19.2
2014-08-09,5.2,NA
2014-08-09,5.5,NA
2014-08-09,5.8,NA
2014-08-09,6,NA
2014-08-09,6.2,14.25
2014-08-09,8,19.5
2014-08-09,9,30.5
2014-08-09,9.3,NA
2014-08-10,0.1,13.6
2014-08-10,1,15.15
2014-08-10,1.6,14.875
2014-08-10,2.8,17.475
2014-08-10,3.8,16.7
2014-08-10,5,16.4
2014-08-10,5.2,NA
2014-08-10,5.5,NA
2014-08-10,5.8,NA
2014-08-10,6,NA
2014-08-10,6.2,14.575
2014-08-10,8,19.2
2014-08-10,9,25.65
2014-08-10,9.3,NA
2014-08-11,0.1,13.2
2014-08-11,1,15.9
2014-08-11,1.6,15.4
2014-08-11,2.8,18
2014-08-11,3.8,16.2
2014-08-11,5,13.6
2014-08-11,5.2,NA
2014-08-11,5.5,NA
2014-08-11,5.8,NA
2014-08-11,6,NA
2014-08-11,6.2,14.9
2014-08-11,8,18.9
2014-08-11,9,20.8
2014-08-11,9.3,NA
2014-08-13,0.1,13.05
2014-08-13,1,14.4
2014-08-13,1.6,16.7
2014-08-13,2.8,19.7
2014-08-13,3.8,20.15
2014-08-13,5,15.65
2014-08-13,5.2,NA
2014-08-13,5.5,NA
2014-08-13,5.8,NA
2014-08-13,6,NA
2014-08-13,6.2,15.75
2014-08-13,8,21.35
2014-08-13,9,17.95
2014-08-13,9.3,NA
2014-08-18,0.1,12.9
2014-08-18,1,12.9
2014-08-18,1.6,18
2014-08-18,2.8,21.4
2014-08-18,3.8,24.1
2014-08-18,5,17.7
2014-08-18,5.2,NA
2014-08-18,5.5,NA
2014-08-18,5.8,NA
2014-08-18,6,NA
2014-08-18,6.2,16.6
2014-08-18,8,23.8
2014-08-18,9,15.1
2014-08-18,9.3,NA
2014-08-19,0.1,12.9333333333333
2014-08-19,1,12.8
2014-08-19,1.6,14.1
2014-08-19,2.8,23.5
2014-08-19,3.8,23.0666666666667
2014-08-19,5,15.5333333333333
2014-08-19,5.2,NA
2014-08-19,5.5,NA
2014-08-19,5.8,NA
2014-08-19,6,NA
2014-08-19,6.2,16.8666666666667
2014-08-19,8,21.9333333333333
2014-08-19,9,14.6333333333333
2014-08-19,9.3,NA
2014-08-21,0.1,12.9666666666667
2014-08-21,1,12.7
2014-08-21,1.6,10.2
2014-08-21,2.8,25.6
2014-08-21,3.8,22.0333333333333
2014-08-21,5,13.3666666666667
2014-08-21,5.2,NA
2014-08-21,5.5,NA
2014-08-21,5.8,NA
2014-08-21,6,NA
2014-08-21,6.2,17.1333333333333
2014-08-21,8,20.0666666666667
2014-08-21,9,14.1666666666667
2014-08-21,9.3,NA
2014-08-25,0.1,13
2014-08-25,1,12.6
2014-08-25,1.6,6.3
2014-08-25,2.8,27.7
2014-08-25,3.8,21
2014-08-25,5,11.2
2014-08-25,5.2,NA
2014-08-25,5.5,NA
2014-08-25,5.8,NA
2014-08-25,6,NA
2014-08-25,6.2,17.4
2014-08-25,8,18.2
2014-08-25,9,13.7
2014-08-25,9.3,NA
2014-09-03,0.1,13
2014-09-03,1,18.7
2014-09-03,1.6,10.6
2014-09-03,2.8,19.8
2014-09-03,3.8,21.8
2014-09-03,5,21.7
2014-09-03,5.2,NA
2014-09-03,5.5,NA
2014-09-03,5.8,NA
2014-09-03,6,NA
2014-09-03,6.2,16.9
2014-09-03,8,1.2
2014-09-03,9,20.9
2014-09-03,9.3,NA
2014-09-08,0.1,20.5
2014-09-08,1,11.6
2014-09-08,1.6,10.9
2014-09-08,2.8,15.4
2014-09-08,3.8,20.5
2014-09-08,5,13.2
2014-09-08,5.2,NA
2014-09-08,5.5,NA
2014-09-08,5.8,NA
2014-09-08,6,NA
2014-09-08,6.2,14.7
2014-09-08,8,14
2014-09-08,9,12.1
2014-09-08,9.3,NA
2014-09-15,0.1,20.4
2014-09-15,1,16.6
2014-09-15,1.6,18.1
2014-09-15,2.8,17.8
2014-09-15,3.8,17.7
2014-09-15,5,28.7
2014-09-15,5.2,NA
2014-09-15,5.5,NA
2014-09-15,5.8,NA
2014-09-15,6,NA
2014-09-15,6.2,22.5
2014-09-15,8,14.5
2014-09-15,9,18.8
2014-09-15,9.3,NA
2014-09-22,0.1,14.9
2014-09-22,1,12.6
2014-09-22,1.6,13.4
2014-09-22,2.8,10.4
2014-09-22,3.8,13.6
2014-09-22,5,25.3
2014-09-22,5.2,NA
2014-09-22,5.5,NA
2014-09-22,5.8,NA
2014-09-22,6,NA
2014-09-22,6.2,13.4
2014-09-22,8,12.2
2014-09-22,9,10.7
2014-09-22,9.3,NA
2014-09-29,0.1,15.5
2014-09-29,1,14.4
2014-09-29,1.6,14.4
2014-09-29,2.8,24
2014-09-29,3.8,18
2014-09-29,5,25
2014-09-29,5.2,NA
2014-09-29,5.5,NA
2014-09-29,5.8,NA
2014-09-29,6,NA
2014-09-29,6.2,18.5
2014-09-29,8,15.5
2014-09-29,9,17.3
2014-09-29,9.3,NA
2014-10-04,0.1,15.6
2014-10-04,1,16.3
2014-10-04,1.6,15.55
2014-10-04,2.8,20.6
2014-10-04,3.8,17.6
2014-10-04,5,21.75
2014-10-04,5.2,NA
2014-10-04,5.5,NA
2014-10-04,5.8,NA
2014-10-04,6,NA
2014-10-04,6.2,18.95
2014-10-04,8,20.3
2014-10-04,9,16.15
2014-10-04,9.3,NA
2014-10-15,0.1,15.7
2014-10-15,1,18.2
2014-10-15,1.6,16.7
2014-10-15,2.8,17.2
2014-10-15,3.8,17.2
2014-10-15,5,18.5
2014-10-15,5.2,NA
2014-10-15,5.5,NA
2014-10-15,5.8,NA
2014-10-15,6,NA
2014-10-15,6.2,19.4
2014-10-15,8,25.1
2014-10-15,9,15
2014-10-15,9.3,NA
2014-10-23,0.1,10
2014-10-23,1,18
2014-10-23,1.6,13.1
2014-10-23,2.8,14.6
2014-10-23,3.8,16
2014-10-23,5,14.8
2014-10-23,5.2,NA
2014-10-23,5.5,NA
2014-10-23,5.8,NA
2014-10-23,6,NA
2014-10-23,6.2,21.9
2014-10-23,8,21.6
2014-10-23,9,22.3
2014-10-23,9.3,NA
2014-11-10,0.1,22.2
2014-11-10,1,18.9
2014-11-10,1.6,21.1
2014-11-10,2.8,21.2
2014-11-10,3.8,21.2
2014-11-10,5,23.4
2014-11-10,5.2,NA
2014-11-10,5.5,NA
2014-11-10,5.8,NA
2014-11-10,6,NA
2014-11-10,6.2,18.6
2014-11-10,8,17
2014-11-10,9,23.2
2014-11-10,9.3,NA
2014-12-10,0.1,15.9
2014-12-10,1,13.4
2014-12-10,1.6,15.6
2014-12-10,2.8,18.9
2014-12-10,3.8,14.5
2014-12-10,5,13.4
2014-12-10,5.2,NA
2014-12-10,5.5,NA
2014-12-10,5.8,NA
2014-12-10,6,NA
2014-12-10,6.2,11.7
2014-12-10,8,18
2014-12-10,9,9.4
2014-12-10,9.3,NA
2015-03-16,0.1,16.9
2015-03-16,1,13.825
2015-03-16,1.6,15.8
2015-03-16,2.8,18.2
2015-03-16,3.8,14.5
2015-03-16,5,12.5
2015-03-16,5.2,NA
2015-03-16,5.5,NA
2015-03-16,5.8,NA
2015-03-16,6,NA
2015-03-16,6.2,15.8
2015-03-16,8,13.7
2015-03-16,9,14.9
2015-03-16,9.3,NA
2015-03-31,0.1,18.4
2015-03-31,1,14.25
2015-03-31,1.6,16
2015-03-31,2.8,17.5
2015-03-31,3.8,14
2015-03-31,5,14.9
2015-03-31,5.2,NA
2015-03-31,5.5,NA
2015-03-31,5.8,NA
2015-03-31,6,NA
2015-03-31,6.2,14.4
2015-03-31,8,13.5
2015-03-31,9,14.2
2015-03-31,9.3,NA
2015-04-07,0.1,32.6
2015-04-07,1,14.675
2015-04-07,1.6,11.9
2015-04-07,2.8,16.8
2015-04-07,3.8,17.6
2015-04-07,5,18.2
2015-04-07,5.2,NA
2015-04-07,5.5,NA
2015-04-07,5.8,NA
2015-04-07,6,NA
2015-04-07,6.2,13.9
2015-04-07,8,12.2
2015-04-07,9,12.7
2015-04-07,9.3,NA
2015-04-13,0.1,16.3
2015-04-13,1,15.1
2015-04-13,1.6,17.2
2015-04-13,2.8,16.1
2015-04-13,3.8,16.7
2015-04-13,5,15.9
2015-04-13,5.2,NA
2015-04-13,5.5,NA
2015-04-13,5.8,NA
2015-04-13,6,NA
2015-04-13,6.2,13.2
2015-04-13,8,16
2015-04-13,9,16
2015-04-13,9.3,NA
2015-04-16,0.1,17.2
2015-04-16,1,16.3
2015-04-16,1.6,16.8
2015-04-16,2.8,15.6
2015-04-16,3.8,12.5
2015-04-16,5,15.2
2015-04-16,5.2,NA
2015-04-16,5.5,NA
2015-04-16,5.8,NA
2015-04-16,6,NA
2015-04-16,6.2,18.7
2015-04-16,8,13.5
2015-04-16,9,13.3
2015-04-16,9.3,NA
2015-04-19,0.1,17.9
2015-04-19,1,18.5
2015-04-19,1.6,18.7
2015-04-19,2.8,18.3
2015-04-19,3.8,17.4
2015-04-19,5,14.6
2015-04-19,5.2,NA
2015-04-19,5.5,NA
2015-04-19,5.8,NA
2015-04-19,6,NA
2015-04-19,6.2,13.7
2015-04-19,8,12.5
2015-04-19,9,16.2
2015-04-19,9.3,NA
2015-04-21,0.1,17.8
2015-04-21,1,17.7666666666667
2015-04-21,1.6,18.6
2015-04-21,2.8,18.9
2015-04-21,3.8,14.7
2015-04-21,5,14.7
2015-04-21,5.2,NA
2015-04-21,5.5,NA
2015-04-21,5.8,NA
2015-04-21,6,NA
2015-04-21,6.2,13.2
2015-04-21,8,12.6
2015-04-21,9,8.7
2015-04-21,9.3,NA
2015-04-25,0.1,11.2
2015-04-25,1,17.0333333333333
2015-04-25,1.6,13.3
2015-04-25,2.8,17.4
2015-04-25,3.8,16.5
2015-04-25,5,12.3
2015-04-25,5.2,NA
2015-04-25,5.5,NA
2015-04-25,5.8,NA
2015-04-25,6,NA
2015-04-25,6.2,7.7
2015-04-25,8,17.8
2015-04-25,9,62
2015-04-25,9.3,NA
2015-04-28,0.1,15.4
2015-04-28,1,16.3
2015-04-28,1.6,12.5
2015-04-28,2.8,15.1
2015-04-28,3.8,19.8
2015-04-28,5,15.3
2015-04-28,5.2,NA
2015-04-28,5.5,NA
2015-04-28,5.8,NA
2015-04-28,6,NA
2015-04-28,6.2,15.4
2015-04-28,8,24.6
2015-04-28,9,13.6
2015-04-28,9.3,NA
2015-05-01,0.1,15.7
2015-05-01,1,14.4
2015-05-01,1.6,15.4
2015-05-01,2.8,17.7
2015-05-01,3.8,31.6
2015-05-01,5,13.2
2015-05-01,5.2,NA
2015-05-01,5.5,NA
2015-05-01,5.8,NA
2015-05-01,6,NA
2015-05-01,6.2,14.4
2015-05-01,8,14
2015-05-01,9,14.1
2015-05-01,9.3,NA
2015-05-05,0.1,12.1
2015-05-05,1,12.5
2015-05-05,1.6,10.9
2015-05-05,2.8,15.2
2015-05-05,3.8,16.7
2015-05-05,5,14.5
2015-05-05,5.2,NA
2015-05-05,5.5,NA
2015-05-05,5.8,NA
2015-05-05,6,NA
2015-05-05,6.2,15.2
2015-05-05,8,13
2015-05-05,9,12.2
2015-05-05,9.3,NA
2015-05-07,0.1,11.65
2015-05-07,1,NA
2015-05-07,1.6,11.85
2015-05-07,2.8,NA
2015-05-07,3.8,16.75
2015-05-07,5,15.65
2015-05-07,5.2,NA
2015-05-07,5.5,NA
2015-05-07,5.8,NA
2015-05-07,6,NA
2015-05-07,6.2,12.95
2015-05-07,8,22
2015-05-07,9,15
2015-05-07,9.3,NA
2015-05-11,0.1,11.2
2015-05-11,1,NA
2015-05-11,1.6,12.8
2015-05-11,2.8,NA
2015-05-11,3.8,16.8
2015-05-11,5,16.8
2015-05-11,5.2,NA
2015-05-11,5.5,NA
2015-05-11,5.8,NA
2015-05-11,6,NA
2015-05-11,6.2,10.7
2015-05-11,8,31
2015-05-11,9,17.8
2015-05-11,9.3,NA
2015-05-14,0.1,12.35
2015-05-14,1,NA
2015-05-14,1.6,14.7
2015-05-14,2.8,NA
2015-05-14,3.8,16.25
2015-05-14,5,18.45
2015-05-14,5.2,NA
2015-05-14,5.5,NA
2015-05-14,5.8,NA
2015-05-14,6,NA
2015-05-14,6.2,15.05
2015-05-14,8,32.55
2015-05-14,9,16.45
2015-05-14,9.3,NA
2015-05-18,0.1,13.5
2015-05-18,1,NA
2015-05-18,1.6,16.6
2015-05-18,2.8,NA
2015-05-18,3.8,15.7
2015-05-18,5,20.1
2015-05-18,5.2,NA
2015-05-18,5.5,NA
2015-05-18,5.8,NA
2015-05-18,6,NA
2015-05-18,6.2,19.4
2015-05-18,8,34.1
2015-05-18,9,15.1
2015-05-18,9.3,NA
2015-05-21,0.1,13.2
2015-05-21,1,NA
2015-05-21,1.6,15.25
2015-05-21,2.8,NA
2015-05-21,3.8,14.95
2015-05-21,5,19.55
2015-05-21,5.2,NA
2015-05-21,5.5,NA
2015-05-21,5.8,NA
2015-05-21,6,NA
2015-05-21,6.2,26.9
2015-05-21,8,31.55
2015-05-21,9,17.9
2015-05-21,9.3,NA
2015-05-25,0.1,12.9
2015-05-25,1,NA
2015-05-25,1.6,13.9
2015-05-25,2.8,NA
2015-05-25,3.8,14.2
2015-05-25,5,19
2015-05-25,5.2,NA
2015-05-25,5.5,NA
2015-05-25,5.8,NA
2015-05-25,6,NA
2015-05-25,6.2,34.4
2015-05-25,8,29
2015-05-25,9,20.7
2015-05-25,9.3,NA
2015-05-28,0.1,13.95
2015-05-28,1,NA
2015-05-28,1.6,15.55
2015-05-28,2.8,NA
2015-05-28,3.8,18.7
2015-05-28,5,18.4
2015-05-28,5.2,NA
2015-05-28,5.5,NA
2015-05-28,5.8,NA
2015-05-28,6,NA
2015-05-28,6.2,25.85
2015-05-28,8,27.55
2015-05-28,9,21.15
2015-05-28,9.3,NA
2015-06-08,0.1,15
2015-06-08,1,NA
2015-06-08,1.6,17.2
2015-06-08,2.8,NA
2015-06-08,3.8,23.2
2015-06-08,5,17.8
2015-06-08,5.2,NA
2015-06-08,5.5,NA
2015-06-08,5.8,NA
2015-06-08,6,NA
2015-06-08,6.2,17.3
2015-06-08,8,26.1
2015-06-08,9,21.6
2015-06-08,9.3,NA
2015-06-11,0.1,13.85
2015-06-11,1,NA
2015-06-11,1.6,14.6
2015-06-11,2.8,NA
2015-06-11,3.8,19.75
2015-06-11,5,18.9
2015-06-11,5.2,NA
2015-06-11,5.5,NA
2015-06-11,5.8,NA
2015-06-11,6,NA
2015-06-11,6.2,17
2015-06-11,8,21.35
2015-06-11,9,26.7
2015-06-11,9.3,NA
2015-06-15,0.1,12.7
2015-06-15,1,NA
2015-06-15,1.6,12
2015-06-15,2.8,NA
2015-06-15,3.8,16.3
2015-06-15,5,20
2015-06-15,5.2,NA
2015-06-15,5.5,NA
2015-06-15,5.8,NA
2015-06-15,6,NA
2015-06-15,6.2,16.7
2015-06-15,8,16.6
2015-06-15,9,31.8
2015-06-15,9.3,NA
2015-06-18,0.1,12.2
2015-06-18,1,NA
2015-06-18,1.6,12.9
2015-06-18,2.8,NA
2015-06-18,3.8,16.4333333333333
2015-06-18,5,21.9333333333333
2015-06-18,5.2,NA
2015-06-18,5.5,NA
2015-06-18,5.8,NA
2015-06-18,6,NA
2015-06-18,6.2,18.0333333333333
2015-06-18,8,18.0666666666667
2015-06-18,9,32.9333333333333
2015-06-18,9.3,NA
2015-06-19,0.1,11.7
2015-06-19,1,NA
2015-06-19,1.6,13.8
2015-06-19,2.8,NA
2015-06-19,3.8,16.5666666666667
2015-06-19,5,23.8666666666667
2015-06-19,5.2,NA
2015-06-19,5.5,NA
2015-06-19,5.8,NA
2015-06-19,6,NA
2015-06-19,6.2,19.3666666666667
2015-06-19,8,19.5333333333333
2015-06-19,9,34.0666666666667
2015-06-19,9.3,NA
2015-06-22,0.1,11.2
2015-06-22,1,NA
2015-06-22,1.6,14.7
2015-06-22,2.8,NA
2015-06-22,3.8,16.7
2015-06-22,5,25.8
2015-06-22,5.2,NA
2015-06-22,5.5,NA
2015-06-22,5.8,NA
2015-06-22,6,NA
2015-06-22,6.2,20.7
2015-06-22,8,21
2015-06-22,9,35.2
2015-06-22,9.3,NA
2015-06-23,0.1,12
2015-06-23,1,NA
2015-06-23,1.6,14.8666666666667
2015-06-23,2.8,NA
2015-06-23,3.8,16.0666666666667
2015-06-23,5,20.6
2015-06-23,5.2,NA
2015-06-23,5.5,NA
2015-06-23,5.8,NA
2015-06-23,6,NA
2015-06-23,6.2,20.5
2015-06-23,8,20.4
2015-06-23,9,29.8666666666667
2015-06-23,9.3,NA
2015-06-25,0.1,12.8
2015-06-25,1,NA
2015-06-25,1.6,15.0333333333333
2015-06-25,2.8,NA
2015-06-25,3.8,15.4333333333333
2015-06-25,5,15.4
2015-06-25,5.2,NA
2015-06-25,5.5,NA
2015-06-25,5.8,NA
2015-06-25,6,NA
2015-06-25,6.2,20.3
2015-06-25,8,19.8
2015-06-25,9,24.5333333333333
2015-06-25,9.3,NA
2015-06-29,0.1,13.6
2015-06-29,1,NA
2015-06-29,1.6,15.2
2015-06-29,2.8,NA
2015-06-29,3.8,14.8
2015-06-29,5,10.2
2015-06-29,5.2,NA
2015-06-29,5.5,NA
2015-06-29,5.8,NA
2015-06-29,6,NA
2015-06-29,6.2,20.1
2015-06-29,8,19.2
2015-06-29,9,19.2
2015-06-29,9.3,NA
2015-07-02,0.1,13.6
2015-07-02,1,NA
2015-07-02,1.6,14.65
2015-07-02,2.8,NA
2015-07-02,3.8,17
2015-07-02,5,13.25
2015-07-02,5.2,NA
2015-07-02,5.5,NA
2015-07-02,5.8,NA
2015-07-02,6,NA
2015-07-02,6.2,19.9
2015-07-02,8,15.9
2015-07-02,9,16.5
2015-07-02,9.3,NA
2015-07-06,0.1,13.6
2015-07-06,1,NA
2015-07-06,1.6,14.1
2015-07-06,2.8,NA
2015-07-06,3.8,19.2
2015-07-06,5,16.3
2015-07-06,5.2,NA
2015-07-06,5.5,NA
2015-07-06,5.8,NA
2015-07-06,6,NA
2015-07-06,6.2,19.7
2015-07-06,8,12.6
2015-07-06,9,13.8
2015-07-06,9.3,NA
2015-07-09,0.1,16
2015-07-09,1,NA
2015-07-09,1.6,13.1
2015-07-09,2.8,NA
2015-07-09,3.8,15.5
2015-07-09,5,13.9
2015-07-09,5.2,NA
2015-07-09,5.5,NA
2015-07-09,5.8,NA
2015-07-09,6,NA
2015-07-09,6.2,16
2015-07-09,8,10.45
2015-07-09,9,11.35
2015-07-09,9.3,NA
2015-07-13,0.1,18.4
2015-07-13,1,NA
2015-07-13,1.6,12.1
2015-07-13,2.8,NA
2015-07-13,3.8,11.8
2015-07-13,5,11.5
2015-07-13,5.2,NA
2015-07-13,5.5,NA
2015-07-13,5.8,NA
2015-07-13,6,NA
2015-07-13,6.2,12.3
2015-07-13,8,8.3
2015-07-13,9,8.9
2015-07-13,9.3,NA
2015-07-16,0.1,17.15
2015-07-16,1,NA
2015-07-16,1.6,17.6
2015-07-16,2.8,NA
2015-07-16,3.8,19.6
2015-07-16,5,14.9
2015-07-16,5.2,NA
2015-07-16,5.5,NA
2015-07-16,5.8,NA
2015-07-16,6,NA
2015-07-16,6.2,18.8
2015-07-16,8,12.45
2015-07-16,9,12.7
2015-07-16,9.3,NA
2015-07-20,0.1,15.9
2015-07-20,1,NA
2015-07-20,1.6,23.1
2015-07-20,2.8,NA
2015-07-20,3.8,27.4
2015-07-20,5,18.3
2015-07-20,5.2,NA
2015-07-20,5.5,NA
2015-07-20,5.8,NA
2015-07-20,6,NA
2015-07-20,6.2,25.3
2015-07-20,8,16.6
2015-07-20,9,16.5
2015-07-20,9.3,NA
2015-07-23,0.1,15.575
2015-07-23,1,NA
2015-07-23,1.6,19.05
2015-07-23,2.8,NA
2015-07-23,3.8,26.15
2015-07-23,5,20.75
2015-07-23,5.2,NA
2015-07-23,5.5,NA
2015-07-23,5.8,NA
2015-07-23,6,NA
2015-07-23,6.2,21.5
2015-07-23,8,17.15
2015-07-23,9,15.85
2015-07-23,9.3,NA
2015-07-27,0.1,15.25
2015-07-27,1,NA
2015-07-27,1.6,15
2015-07-27,2.8,NA
2015-07-27,3.8,24.9
2015-07-27,5,23.2
2015-07-27,5.2,NA
2015-07-27,5.5,NA
2015-07-27,5.8,NA
2015-07-27,6,NA
2015-07-27,6.2,17.7
2015-07-27,8,17.7
2015-07-27,9,15.2
2015-07-27,9.3,NA
2015-07-30,0.1,14.925
2015-07-30,1,NA
2015-07-30,1.6,16.4
2015-07-30,2.8,NA
2015-07-30,3.8,38.3
2015-07-30,5,24.85
2015-07-30,5.2,NA
2015-07-30,5.5,NA
2015-07-30,5.8,NA
2015-07-30,6,NA
2015-07-30,6.2,18.1
2015-07-30,8,17.25
2015-07-30,9,14.85
2015-07-30,9.3,NA
2015-08-03,0.1,14.6
2015-08-03,1,NA
2015-08-03,1.6,17.8
2015-08-03,2.8,NA
2015-08-03,3.8,51.7
2015-08-03,5,26.5
2015-08-03,5.2,NA
2015-08-03,5.5,NA
2015-08-03,5.8,NA
2015-08-03,6,NA
2015-08-03,6.2,18.5
2015-08-03,8,16.8
2015-08-03,9,14.5
2015-08-03,9.3,NA
2015-08-08,0.1,17.4
2015-08-08,1,NA
2015-08-08,1.6,20.45
2015-08-08,2.8,NA
2015-08-08,3.8,46
2015-08-08,5,17.6
2015-08-08,5.2,NA
2015-08-08,5.5,NA
2015-08-08,5.8,NA
2015-08-08,6,NA
2015-08-08,6.2,22.5
2015-08-08,8,15.55
2015-08-08,9,15.05
2015-08-08,9.3,NA
2015-08-31,0.1,20.2
2015-08-31,1,NA
2015-08-31,1.6,23.1
2015-08-31,2.8,NA
2015-08-31,3.8,40.3
2015-08-31,5,8.7
2015-08-31,5.2,NA
2015-08-31,5.5,NA
2015-08-31,5.8,NA
2015-08-31,6,NA
2015-08-31,6.2,26.5
2015-08-31,8,14.3
2015-08-31,9,15.6
2015-08-31,9.3,NA
2015-09-04,0.1,22.75
2015-09-04,1,NA
2015-09-04,1.6,23.6
2015-09-04,2.8,NA
2015-09-04,3.8,34.6
2015-09-04,5,20.3
2015-09-04,5.2,NA
2015-09-04,5.5,NA
2015-09-04,5.8,NA
2015-09-04,6,NA
2015-09-04,6.2,24.7
2015-09-04,8,17.35
2015-09-04,9,16.25
2015-09-04,9.3,NA
2015-09-07,0.1,25.3
2015-09-07,1,NA
2015-09-07,1.6,24.1
2015-09-07,2.8,NA
2015-09-07,3.8,28.9
2015-09-07,5,31.9
2015-09-07,5.2,NA
2015-09-07,5.5,NA
2015-09-07,5.8,NA
2015-09-07,6,NA
2015-09-07,6.2,22.9
2015-09-07,8,20.4
2015-09-07,9,16.9
2015-09-07,9.3,NA
2015-09-14,0.1,24.8
2015-09-14,1,NA
2015-09-14,1.6,20
2015-09-14,2.8,NA
2015-09-14,3.8,24.4
2015-09-14,5,4.9
2015-09-14,5.2,NA
2015-09-14,5.5,NA
2015-09-14,5.8,NA
2015-09-14,6,NA
2015-09-14,6.2,23.2
2015-09-14,8,7.6
2015-09-14,9,13.6
2015-09-14,9.3,NA
2015-09-18,0.1,24.85
2015-09-18,1,NA
2015-09-18,1.6,22.15
2015-09-18,2.8,NA
2015-09-18,3.8,20.5
2015-09-18,5,16.45
2015-09-18,5.2,NA
2015-09-18,5.5,NA
2015-09-18,5.8,NA
2015-09-18,6,NA
2015-09-18,6.2,21.05
2015-09-18,8,16.25
2015-09-18,9,15.25
2015-09-18,9.3,NA
2015-09-21,0.1,24.9
2015-09-21,1,NA
2015-09-21,1.6,24.3
2015-09-21,2.8,NA
2015-09-21,3.8,16.6
2015-09-21,5,28
2015-09-21,5.2,NA
2015-09-21,5.5,NA
2015-09-21,5.8,NA
2015-09-21,6,NA
2015-09-21,6.2,18.9
2015-09-21,8,24.9
2015-09-21,9,16.9
2015-09-21,9.3,NA
2015-09-28,0.1,18.9
2015-09-28,1,NA
2015-09-28,1.6,22.1
2015-09-28,2.8,NA
2015-09-28,3.8,16.5
2015-09-28,5,21.2
2015-09-28,5.2,NA
2015-09-28,5.5,NA
2015-09-28,5.8,NA
2015-09-28,6,NA
2015-09-28,6.2,18
2015-09-28,8,11.9
2015-09-28,9,12.9
2015-09-28,9.3,NA
2015-10-02,0.1,17.35
2015-10-02,1,NA
2015-10-02,1.6,18.9
2015-10-02,2.8,NA
2015-10-02,3.8,16.75
2015-10-02,5,19.75
2015-10-02,5.2,NA
2015-10-02,5.5,NA
2015-10-02,5.8,NA
2015-10-02,6,NA
2015-10-02,6.2,18
2015-10-02,8,13.5
2015-10-02,9,14.85
2015-10-02,9.3,NA
2015-10-05,0.1,15.8
2015-10-05,1,NA
2015-10-05,1.6,15.7
2015-10-05,2.8,NA
2015-10-05,3.8,17
2015-10-05,5,18.3
2015-10-05,5.2,NA
2015-10-05,5.5,NA
2015-10-05,5.8,NA
2015-10-05,6,NA
2015-10-05,6.2,18
2015-10-05,8,15.1
2015-10-05,9,16.8
2015-10-05,9.3,NA
2015-10-19,0.1,14.7
2015-10-19,1,NA
2015-10-19,1.6,19
2015-10-19,2.8,NA
2015-10-19,3.8,14.2
2015-10-19,5,13.6
2015-10-19,5.2,NA
2015-10-19,5.5,NA
2015-10-19,5.8,NA
2015-10-19,6,NA
2015-10-19,6.2,16.1
2015-10-19,8,15.8
2015-10-19,9,13.9
2015-10-19,9.3,NA
2015-10-23,0.1,14.25
2015-10-23,1,NA
2015-10-23,1.6,16.3
2015-10-23,2.8,NA
2015-10-23,3.8,14
2015-10-23,5,13.75
2015-10-23,5.2,NA
2015-10-23,5.5,NA
2015-10-23,5.8,NA
2015-10-23,6,NA
2015-10-23,6.2,16.9
2015-10-23,8,14.85
2015-10-23,9,13.6
2015-10-23,9.3,NA
2015-12-07,0.1,13.8
2015-12-07,1,NA
2015-12-07,1.6,13.6
2015-12-07,2.8,NA
2015-12-07,3.8,13.8
2015-12-07,5,13.9
2015-12-07,5.2,NA
2015-12-07,5.5,NA
2015-12-07,5.8,NA
2015-12-07,6,NA
2015-12-07,6.2,17.7
2015-12-07,8,13.9
2015-12-07,9,13.3
2015-12-07,9.3,NA
2016-05-12,0.1,14.3
2016-05-12,1,NA
2016-05-12,1.6,12.9
2016-05-12,2.8,NA
2016-05-12,3.8,16.35
2016-05-12,5,17.85
2016-05-12,5.2,NA
2016-05-12,5.5,NA
2016-05-12,5.8,NA
2016-05-12,6,NA
2016-05-12,6.2,16.7
2016-05-12,8,14.3
2016-05-12,9,12.7
2016-05-12,9.3,NA
2016-05-16,0.1,14.8
2016-05-16,1,NA
2016-05-16,1.6,12.2
2016-05-16,2.8,NA
2016-05-16,3.8,18.9
2016-05-16,5,21.8
2016-05-16,5.2,NA
2016-05-16,5.5,NA
2016-05-16,5.8,NA
2016-05-16,6,NA
2016-05-16,6.2,15.7
2016-05-16,8,14.7
2016-05-16,9,12.1
2016-05-16,9.3,NA
2016-05-19,0.1,15.2
2016-05-19,1,NA
2016-05-19,1.6,12
2016-05-19,2.8,NA
2016-05-19,3.8,19.45
2016-05-19,5,21.15
2016-05-19,5.2,NA
2016-05-19,5.5,NA
2016-05-19,5.8,NA
2016-05-19,6,NA
2016-05-19,6.2,15.7
2016-05-19,8,18.55
2016-05-19,9,15.9
2016-05-19,9.3,NA
2016-05-23,0.1,15.6
2016-05-23,1,NA
2016-05-23,1.6,11.8
2016-05-23,2.8,NA
2016-05-23,3.8,20
2016-05-23,5,20.5
2016-05-23,5.2,NA
2016-05-23,5.5,NA
2016-05-23,5.8,NA
2016-05-23,6,NA
2016-05-23,6.2,15.7
2016-05-23,8,22.4
2016-05-23,9,19.7
2016-05-23,9.3,NA
2016-05-26,0.1,16.2666666666667
2016-05-26,1,NA
2016-05-26,1.6,12.5666666666667
2016-05-26,2.8,NA
2016-05-26,3.8,18.2666666666667
2016-05-26,5,19.6
2016-05-26,5.2,NA
2016-05-26,5.5,NA
2016-05-26,5.8,NA
2016-05-26,6,NA
2016-05-26,6.2,15.7
2016-05-26,8,20.5333333333333
2016-05-26,9,19.7
2016-05-26,9.3,NA
2016-05-29,0.1,16.9333333333333
2016-05-29,1,NA
2016-05-29,1.6,13.3333333333333
2016-05-29,2.8,NA
2016-05-29,3.8,16.5333333333333
2016-05-29,5,18.7
2016-05-29,5.2,NA
2016-05-29,5.5,NA
2016-05-29,5.8,NA
2016-05-29,6,NA
2016-05-29,6.2,15.7
2016-05-29,8,18.6666666666667
2016-05-29,9,19.7
2016-05-29,9.3,NA
2016-05-30,0.1,17.6
2016-05-30,0.1,17.6
2016-05-30,0.1,17.6
2016-05-30,0.1,17.6
2016-05-30,0.1,19.1
2016-05-30,0.1,19.1
2016-05-30,0.1,19.1
2016-05-30,0.1,19.1
2016-05-30,1,NA
2016-05-30,1,NA
2016-05-30,1,NA
2016-05-30,1,NA
2016-05-30,1.6,14.1
2016-05-30,1.6,14.1
2016-05-30,1.6,14.1
2016-05-30,1.6,14.1
2016-05-30,1.6,20.2
2016-05-30,1.6,20.2
2016-05-30,1.6,20.2
2016-05-30,1.6,20.2
2016-05-30,2.8,NA
2016-05-30,2.8,NA
2016-05-30,2.8,NA
2016-05-30,2.8,NA
2016-05-30,3.8,14.8
2016-05-30,3.8,14.8
2016-05-30,3.8,14.8
2016-05-30,3.8,14.8
2016-05-30,3.8,19.7
2016-05-30,3.8,19.7
2016-05-30,3.8,19.7
2016-05-30,3.8,19.7
2016-05-30,5,17.8
2016-05-30,5,17.8
2016-05-30,5,17.8
2016-05-30,5,17.8
2016-05-30,5,25.7
2016-05-30,5,25.7
2016-05-30,5,25.7
2016-05-30,5,25.7
2016-05-30,5.2,NA
2016-05-30,5.2,NA
2016-05-30,5.2,NA
2016-05-30,5.2,NA
2016-05-30,5.5,NA
2016-05-30,5.5,NA
2016-05-30,5.5,NA
2016-05-30,5.5,NA
2016-05-30,5.8,NA
2016-05-30,5.8,NA
2016-05-30,5.8,NA
2016-05-30,5.8,NA
2016-05-30,6,NA
2016-05-30,6,NA
2016-05-30,6,NA
2016-05-30,6,NA
2016-05-30,6.2,15.7
2016-05-30,6.2,15.7
2016-05-30,6.2,15.7
2016-05-30,6.2,15.7
2016-05-30,6.2,15.4
2016-05-30,6.2,15.4
2016-05-30,6.2,15.4
2016-05-30,6.2,15.4
2016-05-30,8,16.8
2016-05-30,8,16.8
2016-05-30,8,16.8
2016-05-30,8,16.8
2016-05-30,8,21.5
2016-05-30,8,21.5
2016-05-30,8,21.5
2016-05-30,8,21.5
2016-05-30,9,19.7
2016-05-30,9,19.7
2016-05-30,9,19.7
2016-05-30,9,19.7
2016-05-30,9,20.3
2016-05-30,9,20.3
2016-05-30,9,20.3
2016-05-30,9,20.3
2016-05-30,9.3,NA
2016-05-30,9.3,NA
2016-05-30,9.3,NA
2016-05-30,9.3,NA
2016-05-31,0.1,18.9
2016-05-31,1,NA
2016-05-31,1.6,26.4
2016-05-31,2.8,NA
2016-05-31,3.8,19.2
2016-05-31,5,17.7
2016-05-31,5.2,NA
2016-05-31,5.5,NA
2016-05-31,5.8,NA
2016-05-31,6,NA
2016-05-31,6.2,20.4
2016-05-31,8,18.6
2016-05-31,9,29.1
2016-05-31,9.3,NA
2016-06-01,0.1,19.5
2016-06-01,1,NA
2016-06-01,1.6,21.75
2016-06-01,2.8,NA
2016-06-01,3.8,23.85
2016-06-01,5,16.8
2016-06-01,5.2,NA
2016-06-01,5.5,NA
2016-06-01,5.8,NA
2016-06-01,6,NA
2016-06-01,6.2,20.05
2016-06-01,8,17.15
2016-06-01,9,24.05
2016-06-01,9.3,NA
2016-06-02,0.1,20.1
2016-06-02,1,NA
2016-06-02,1.6,17.1
2016-06-02,2.8,NA
2016-06-02,3.8,28.5
2016-06-02,5,15.9
2016-06-02,5.2,NA
2016-06-02,5.5,NA
2016-06-02,5.8,NA
2016-06-02,6,NA
2016-06-02,6.2,19.7
2016-06-02,8,15.7
2016-06-02,9,19
2016-06-02,9.3,NA
2016-06-03,0.1,20.15
2016-06-03,1,NA
2016-06-03,1.6,19.15
2016-06-03,2.8,NA
2016-06-03,3.8,23.85
2016-06-03,5,19.05
2016-06-03,5.2,NA
2016-06-03,5.5,NA
2016-06-03,5.8,NA
2016-06-03,6,14.9
2016-06-03,6.2,18.7
2016-06-03,8,16.5
2016-06-03,9,19.05
2016-06-03,9.3,NA
2016-06-06,0.1,20.2
2016-06-06,1,NA
2016-06-06,1.6,21.2
2016-06-06,2.8,NA
2016-06-06,3.8,19.2
2016-06-06,5,22.2
2016-06-06,5.2,NA
2016-06-06,5.5,NA
2016-06-06,5.8,NA
2016-06-06,6,NA
2016-06-06,6.2,17.7
2016-06-06,8,17.3
2016-06-06,9,19.1
2016-06-06,9.3,NA
2016-06-07,0.1,19.9
2016-06-07,1,NA
2016-06-07,1.6,20.325
2016-06-07,2.8,NA
2016-06-07,3.8,19.025
2016-06-07,5,20.85
2016-06-07,5.2,NA
2016-06-07,5.5,NA
2016-06-07,5.8,NA
2016-06-07,6,NA
2016-06-07,6.2,17.4
2016-06-07,8,16.95
2016-06-07,9,18.625
2016-06-07,9.3,NA
2016-06-08,0.1,19.6
2016-06-08,1,NA
2016-06-08,1.6,19.45
2016-06-08,2.8,NA
2016-06-08,3.8,18.85
2016-06-08,5,19.5
2016-06-08,5.2,NA
2016-06-08,5.5,NA
2016-06-08,5.8,NA
2016-06-08,6,NA
2016-06-08,6.2,17.1
2016-06-08,8,16.6
2016-06-08,9,18.15
2016-06-08,9.3,NA
2016-06-09,0.1,19.3
2016-06-09,1,NA
2016-06-09,1.6,18.575
2016-06-09,2.8,NA
2016-06-09,3.8,18.675
2016-06-09,5,18.15
2016-06-09,5.2,NA
2016-06-09,5.5,NA
2016-06-09,5.8,NA
2016-06-09,6,NA
2016-06-09,6.2,16.8
2016-06-09,8,16.25
2016-06-09,9,17.675
2016-06-09,9.3,NA
2016-06-13,0.1,19
2016-06-13,1,NA
2016-06-13,1.6,17.7
2016-06-13,2.8,NA
2016-06-13,3.8,18.5
2016-06-13,5,16.8
2016-06-13,5.2,NA
2016-06-13,5.5,NA
2016-06-13,5.8,NA
2016-06-13,6,NA
2016-06-13,6.2,16.5
2016-06-13,8,15.9
2016-06-13,9,17.2
2016-06-13,9.3,NA
2016-06-20,0.1,23.3
2016-06-20,1,NA
2016-06-20,1.6,26.4
2016-06-20,2.8,NA
2016-06-20,3.8,28
2016-06-20,5,19.875
2016-06-20,5.2,NA
2016-06-20,5.5,NA
2016-06-20,5.8,NA
2016-06-20,6,NA
2016-06-20,6.2,20.1
2016-06-20,8,16
2016-06-20,9,18.7
2016-06-20,9.3,NA
2016-06-23,0.1,22.5666666666667
2016-06-23,1,NA
2016-06-23,1.6,24.9
2016-06-23,2.8,NA
2016-06-23,3.8,28.0333333333333
2016-06-23,5,22.95
2016-06-23,5.2,NA
2016-06-23,5.5,NA
2016-06-23,5.8,NA
2016-06-23,6,NA
2016-06-23,6.2,19.9
2016-06-23,8,17.3
2016-06-23,9,19.3333333333333
2016-06-23,9.3,NA
2016-06-26,0.1,21.8333333333333
2016-06-26,1,NA
2016-06-26,1.6,23.4
2016-06-26,2.8,NA
2016-06-26,3.8,28.0666666666667
2016-06-26,5,26.025
2016-06-26,5.2,NA
2016-06-26,5.5,NA
2016-06-26,5.8,NA
2016-06-26,6,NA
2016-06-26,6.2,19.7
2016-06-26,8,18.6
2016-06-26,9,19.9666666666667
2016-06-26,9.3,NA
2016-06-27,0.1,21.1
2016-06-27,1,NA
2016-06-27,1.6,21.9
2016-06-27,2.8,NA
2016-06-27,3.8,28.1
2016-06-27,5,29.1
2016-06-27,5.2,NA
2016-06-27,5.5,NA
2016-06-27,5.8,NA
2016-06-27,6,NA
2016-06-27,6.2,19.5
2016-06-27,8,19.9
2016-06-27,9,20.6
2016-06-27,9.3,NA
2016-06-28,0.1,23.2
2016-06-28,1,NA
2016-06-28,1.6,24.6
2016-06-28,2.8,NA
2016-06-28,3.8,19.1
2016-06-28,5,19.6
2016-06-28,5.2,NA
2016-06-28,5.5,NA
2016-06-28,5.8,NA
2016-06-28,6,NA
2016-06-28,6.2,24.1
2016-06-28,8,18.1
2016-06-28,9,14.6
2016-06-28,9.3,NA
2016-06-30,0.1,19.1
2016-06-30,1,NA
2016-06-30,1.6,19.5
2016-06-30,2.8,NA
2016-06-30,3.8,18.3
2016-06-30,5,19.9
2016-06-30,5.2,NA
2016-06-30,5.5,NA
2016-06-30,5.8,NA
2016-06-30,6,NA
2016-06-30,6.2,23.4
2016-06-30,8,21.1
2016-06-30,9,20.6
2016-06-30,9.3,NA
2016-07-05,0.1,16.7
2016-07-05,1,NA
2016-07-05,1.6,20.1
2016-07-05,2.8,NA
2016-07-05,3.8,18.2
2016-07-05,5,17.1
2016-07-05,5.2,NA
2016-07-05,5.5,NA
2016-07-05,5.8,NA
2016-07-05,6,NA
2016-07-05,6.2,15.7
2016-07-05,8,18.5
2016-07-05,9,18.2
2016-07-05,9.3,NA
2016-07-07,0.1,17.1
2016-07-07,1,NA
2016-07-07,1.6,20
2016-07-07,2.8,NA
2016-07-07,3.8,16.8
2016-07-07,5,18.9
2016-07-07,5.2,NA
2016-07-07,5.5,NA
2016-07-07,5.8,NA
2016-07-07,6,NA
2016-07-07,6.2,19.5
2016-07-07,8,20.2
2016-07-07,9,20
2016-07-07,9.3,NA
2016-07-11,0.1,17.5
2016-07-11,1,NA
2016-07-11,1.6,19.9
2016-07-11,2.8,NA
2016-07-11,3.8,15.4
2016-07-11,5,20.7
2016-07-11,5.2,NA
2016-07-11,5.5,29.2
2016-07-11,5.8,NA
2016-07-11,6,NA
2016-07-11,6.2,23.3
2016-07-11,8,21.9
2016-07-11,9,21.8
2016-07-11,9.3,NA
2016-07-14,0.1,19.5
2016-07-14,1,NA
2016-07-14,1.6,21.45
2016-07-14,2.8,NA
2016-07-14,3.8,19.6
2016-07-14,5,20.85
2016-07-14,5.2,NA
2016-07-14,5.5,27.1333333333333
2016-07-14,5.8,NA
2016-07-14,6,NA
2016-07-14,6.2,22.6
2016-07-14,8,22.95
2016-07-14,9,21.15
2016-07-14,9.3,NA
2016-07-18,0.1,21.5
2016-07-18,1,NA
2016-07-18,1.6,23
2016-07-18,2.8,NA
2016-07-18,3.8,23.8
2016-07-18,5,21
2016-07-18,5.2,NA
2016-07-18,5.5,25.0666666666667
2016-07-18,5.8,NA
2016-07-18,6,NA
2016-07-18,6.2,21.9
2016-07-18,8,24
2016-07-18,9,20.5
2016-07-18,9.3,NA
2016-07-21,0.1,20.6
2016-07-21,1,NA
2016-07-21,1.6,22.5
2016-07-21,2.8,NA
2016-07-21,3.8,22.0666666666667
2016-07-21,5,22.1666666666667
2016-07-21,5.2,NA
2016-07-21,5.5,23
2016-07-21,5.8,NA
2016-07-21,6,NA
2016-07-21,6.2,23.4
2016-07-21,8,24.3666666666667
2016-07-21,9,22.2666666666667
2016-07-21,9.3,NA
2016-07-24,0.1,19.7
2016-07-24,1,NA
2016-07-24,1.6,22
2016-07-24,2.8,NA
2016-07-24,3.8,20.3333333333333
2016-07-24,5,23.3333333333333
2016-07-24,5.2,NA
2016-07-24,5.5,26.7
2016-07-24,5.8,NA
2016-07-24,6,NA
2016-07-24,6.2,24.9
2016-07-24,8,24.7333333333333
2016-07-24,9,24.0333333333333
2016-07-24,9.3,NA
2016-07-25,0.1,18.8
2016-07-25,0.1,20.6
2016-07-25,1,NA
2016-07-25,1.6,21.5
2016-07-25,2.8,NA
2016-07-25,3.8,18.6
2016-07-25,5,24.5
2016-07-25,5.2,24
2016-07-25,5.5,30.4
2016-07-25,5.8,NA
2016-07-25,6,NA
2016-07-25,6.2,26.4
2016-07-25,8,25.1
2016-07-25,8,22.4
2016-07-25,9,25.8
2016-07-25,9.3,NA
2016-07-26,0.1,19.7
2016-07-26,1,NA
2016-07-26,1.6,19.8666666666667
2016-07-26,2.8,NA
2016-07-26,3.8,19.1
2016-07-26,5,22.8666666666667
2016-07-26,5.2,NA
2016-07-26,5.5,30.4
2016-07-26,5.8,NA
2016-07-26,6,NA
2016-07-26,6.2,24.7
2016-07-26,8,22.4333333333333
2016-07-26,9,24.9333333333333
2016-07-26,9.3,NA
2016-07-28,0.1,18.8
2016-07-28,1,NA
2016-07-28,1.6,18.2333333333333
2016-07-28,2.8,NA
2016-07-28,3.8,19.6
2016-07-28,5,21.2333333333333
2016-07-28,5.2,NA
2016-07-28,5.5,30.4
2016-07-28,5.8,NA
2016-07-28,6,NA
2016-07-28,6.2,23
2016-07-28,8,22.4666666666667
2016-07-28,9,24.0666666666667
2016-07-28,9.3,NA
2016-08-01,0.1,17.9
2016-08-01,1,NA
2016-08-01,1.6,16.6
2016-08-01,2.8,NA
2016-08-01,3.8,20.1
2016-08-01,5,19.6
2016-08-01,5.2,NA
2016-08-01,5.5,30.4
2016-08-01,5.8,22.1
2016-08-01,6,NA
2016-08-01,6.2,41.9
2016-08-01,8,22.5
2016-08-01,9,23.2
2016-08-01,9.3,NA
2016-08-08,0.1,22
2016-08-08,1,NA
2016-08-08,1.6,32.1
2016-08-08,2.8,NA
2016-08-08,3.8,35.3
2016-08-08,5,45.6
2016-08-08,5.2,NA
2016-08-08,5.5,30.4
2016-08-08,5.8,NA
2016-08-08,6,NA
2016-08-08,6.2,28.6
2016-08-08,8,41.2
2016-08-08,9,26.7
2016-08-08,9.3,NA
2016-08-11,0.1,22
2016-08-11,1,NA
2016-08-11,1.6,26.95
2016-08-11,2.8,NA
2016-08-11,3.8,30.85
2016-08-11,5,51.4
2016-08-11,5.2,NA
2016-08-11,5.5,30.4
2016-08-11,5.8,NA
2016-08-11,6,NA
2016-08-11,6.2,24.8
2016-08-11,8,31.45
2016-08-11,9,23.05
2016-08-11,9.3,NA
2016-08-15,0.1,22
2016-08-15,1,NA
2016-08-15,1.6,21.8
2016-08-15,2.8,NA
2016-08-15,3.8,26.4
2016-08-15,5,57.2
2016-08-15,5.2,NA
2016-08-15,5.5,30.4
2016-08-15,5.8,NA
2016-08-15,6,NA
2016-08-15,6.2,21
2016-08-15,8,21.7
2016-08-15,9,19.4
2016-08-15,9.3,NA
2016-08-18,0.1,25.2
2016-08-18,1,NA
2016-08-18,1.6,22.6333333333333
2016-08-18,2.8,NA
2016-08-18,3.8,29.0333333333333
2016-08-18,5,51.8
2016-08-18,5.2,NA
2016-08-18,5.5,NA
2016-08-18,5.8,NA
2016-08-18,6,NA
2016-08-18,6.2,26.9666666666667
2016-08-18,8,21.3666666666667
2016-08-18,9,20.2
2016-08-18,9.3,NA
2016-08-23,0.1,28.4
2016-08-23,1,NA
2016-08-23,1.6,23.4666666666667
2016-08-23,2.8,NA
2016-08-23,3.8,31.6666666666667
2016-08-23,5,46.4
2016-08-23,5.2,NA
2016-08-23,5.5,NA
2016-08-23,5.8,NA
2016-08-23,6,NA
2016-08-23,6.2,32.9333333333333
2016-08-23,8,21.0333333333333
2016-08-23,9,21
2016-08-23,9.3,NA
2016-08-26,0.1,31.6
2016-08-26,1,NA
2016-08-26,1.6,24.3
2016-08-26,2.8,NA
2016-08-26,3.8,34.3
2016-08-26,5,41
2016-08-26,5.2,NA
2016-08-26,5.5,NA
2016-08-26,5.8,NA
2016-08-26,6,NA
2016-08-26,6.2,38.9
2016-08-26,8,20.7
2016-08-26,9,21.8
2016-08-26,9.3,NA
2016-09-02,0.1,25.4
2016-09-02,1,NA
2016-09-02,1.6,30
2016-09-02,2.8,NA
2016-09-02,3.8,40.6
2016-09-02,5,37.4
2016-09-02,5.2,NA
2016-09-02,5.5,NA
2016-09-02,5.8,NA
2016-09-02,6,NA
2016-09-02,6.2,32.9
2016-09-02,8,19.5
2016-09-02,9,20.1666666666667
2016-09-02,9.3,NA
2016-09-06,0.1,25.45
2016-09-06,1,NA
2016-09-06,1.6,28.4
2016-09-06,2.8,NA
2016-09-06,3.8,36.7
2016-09-06,5,33.8
2016-09-06,5.2,NA
2016-09-06,5.5,NA
2016-09-06,5.8,NA
2016-09-06,6,NA
2016-09-06,6.2,30.25
2016-09-06,8,20.4
2016-09-06,9,18.5333333333333
2016-09-06,9.3,NA
2016-09-09,0.1,25.5
2016-09-09,1,NA
2016-09-09,1.6,26.8
2016-09-09,2.8,NA
2016-09-09,3.8,32.8
2016-09-09,5,30.2
2016-09-09,5.2,NA
2016-09-09,5.5,NA
2016-09-09,5.8,NA
2016-09-09,6,NA
2016-09-09,6.2,27.6
2016-09-09,8,21.3
2016-09-09,9,16.9
2016-09-09,9.3,NA
2016-09-16,0.1,26.025
2016-09-16,1,NA
2016-09-16,1.6,27.225
2016-09-16,2.8,NA
2016-09-16,3.8,31.375
2016-09-16,5,30.125
2016-09-16,5.2,NA
2016-09-16,5.5,NA
2016-09-16,5.8,NA
2016-09-16,6,NA
2016-09-16,6.2,30.475
2016-09-16,8,20.9
2016-09-16,9,17.9
2016-09-16,9.3,NA
2016-09-17,0.1,26.55
2016-09-17,1,NA
2016-09-17,1.6,27.65
2016-09-17,2.8,NA
2016-09-17,3.8,29.95
2016-09-17,5,30.05
2016-09-17,5.2,NA
2016-09-17,5.5,NA
2016-09-17,5.8,NA
2016-09-17,6,NA
2016-09-17,6.2,33.35
2016-09-17,8,20.5
2016-09-17,9,18.9
2016-09-17,9.3,NA
2016-09-27,0.1,27.075
2016-09-27,1,NA
2016-09-27,1.6,28.075
2016-09-27,2.8,NA
2016-09-27,3.8,28.525
2016-09-27,5,29.975
2016-09-27,5.2,NA
2016-09-27,5.5,NA
2016-09-27,5.8,NA
2016-09-27,6,NA
2016-09-27,6.2,36.225
2016-09-27,8,20.1
2016-09-27,9,19.9
2016-09-27,9.3,NA
2016-09-30,0.1,27.6
2016-09-30,1,NA
2016-09-30,1.6,28.5
2016-09-30,2.8,NA
2016-09-30,3.8,27.1
2016-09-30,5,29.9
2016-09-30,5.2,NA
2016-09-30,5.5,NA
2016-09-30,5.8,NA
2016-09-30,6,NA
2016-09-30,6.2,39.1
2016-09-30,8,19.7
2016-09-30,9,20.9
2016-09-30,9.3,NA
2016-10-05,0.1,28.1
2016-10-05,1,NA
2016-10-05,1.6,27.9
2016-10-05,2.8,NA
2016-10-05,3.8,26.8333333333333
2016-10-05,5,26.3
2016-10-05,5.2,NA
2016-10-05,5.5,NA
2016-10-05,5.8,NA
2016-10-05,6,NA
2016-10-05,6.2,35.1666666666667
2016-10-05,8,22.6666666666667
2016-10-05,9,27.8
2016-10-05,9.3,NA
2016-10-06,0.1,27.75
2016-10-06,1,NA
2016-10-06,1.6,27.3
2016-10-06,2.8,NA
2016-10-06,3.8,26.5666666666667
2016-10-06,5,26.85
2016-10-06,5.2,NA
2016-10-06,5.5,NA
2016-10-06,5.8,NA
2016-10-06,6,NA
2016-10-06,6.2,31.2333333333333
2016-10-06,8,25.6333333333333
2016-10-06,9,28.75
2016-10-06,9.3,NA
2016-10-07,0.1,27.4
2016-10-07,1,NA
2016-10-07,1.6,26.7
2016-10-07,2.8,NA
2016-10-07,3.8,26.3
2016-10-07,5,27.4
2016-10-07,5.2,NA
2016-10-07,5.5,NA
2016-10-07,5.8,NA
2016-10-07,6,NA
2016-10-07,6.2,27.3
2016-10-07,8,28.6
2016-10-07,9,29.7
2016-10-07,9.3,NA
2016-10-11,0.1,27.3
2016-10-11,1,NA
2016-10-11,1.6,28.3
2016-10-11,2.8,NA
2016-10-11,3.8,25.75
2016-10-11,5,27.7
2016-10-11,5.2,NA
2016-10-11,5.5,NA
2016-10-11,5.8,NA
2016-10-11,6,NA
2016-10-11,6.2,26.55
2016-10-11,8,27.4
2016-10-11,9,27.1
2016-10-11,9.3,NA
2016-10-14,0.1,27.2
2016-10-14,1,NA
2016-10-14,1.6,29.9
2016-10-14,2.8,NA
2016-10-14,3.8,25.2
2016-10-14,5,28
2016-10-14,5.2,NA
2016-10-14,5.5,NA
2016-10-14,5.8,NA
2016-10-14,6,NA
2016-10-14,6.2,25.8
2016-10-14,8,26.2
2016-10-14,9,24.5
2016-10-14,9.3,NA
2016-11-04,0.1,25.6
2016-11-04,1,NA
2016-11-04,1.6,25.3
2016-11-04,2.8,NA
2016-11-04,3.8,20.8
2016-11-04,5,23.8
2016-11-04,5.2,NA
2016-11-04,5.5,NA
2016-11-04,5.8,NA
2016-11-04,6,NA
2016-11-04,6.2,18.8
2016-11-04,8,22.5
2016-11-04,9,25.4
2016-11-04,9.3,NA
2016-11-11,0.1,23.5
2016-11-11,1,NA
2016-11-11,1.6,23.8
2016-11-11,2.8,NA
2016-11-11,3.8,22.1
2016-11-11,5,21.75
2016-11-11,5.2,NA
2016-11-11,5.5,NA
2016-11-11,5.8,NA
2016-11-11,6,NA
2016-11-11,6.2,19.6
2016-11-11,8,21.45
2016-11-11,9,21.25
2016-11-11,9.3,NA
2016-12-02,0.1,21.4
2016-12-02,1,NA
2016-12-02,1.6,22.3
2016-12-02,2.8,NA
2016-12-02,3.8,23.4
2016-12-02,5,19.7
2016-12-02,5.2,NA
2016-12-02,5.5,NA
2016-12-02,5.8,NA
2016-12-02,6,NA
2016-12-02,6.2,20.4
2016-12-02,8,20.4
2016-12-02,9,17.1
2016-12-02,9.3,NA
2017-03-12,0.1,21.3533333333333
2017-03-12,1,NA
2017-03-12,1.6,22.08
2017-03-12,2.8,NA
2017-03-12,3.8,22.86
2017-03-12,5,19.22
2017-03-12,5.2,NA
2017-03-12,5.5,NA
2017-03-12,5.8,NA
2017-03-12,6,NA
2017-03-12,6.2,19.94
2017-03-12,8,19.92
2017-03-12,9,16.9866666666667
2017-03-12,9.3,NA
2017-03-26,0.1,21.3066666666667
2017-03-26,1,NA
2017-03-26,1.6,21.86
2017-03-26,2.8,NA
2017-03-26,3.8,22.32
2017-03-26,5,18.74
2017-03-26,5.2,NA
2017-03-26,5.5,NA
2017-03-26,5.8,NA
2017-03-26,6,NA
2017-03-26,6.2,19.48
2017-03-26,8,19.44
2017-03-26,9,16.8733333333333
2017-03-26,9.3,NA
2017-04-09,0.1,21.26
2017-04-09,1,NA
2017-04-09,1.6,21.64
2017-04-09,2.8,NA
2017-04-09,3.8,21.78
2017-04-09,5,18.26
2017-04-09,5.2,NA
2017-04-09,5.5,NA
2017-04-09,5.8,NA
2017-04-09,6,NA
2017-04-09,6.2,19.02
2017-04-09,8,18.96
2017-04-09,9,16.76
2017-04-09,9.3,NA
2017-04-16,0.1,21.2133333333333
2017-04-16,1,NA
2017-04-16,1.6,21.42
2017-04-16,2.8,NA
2017-04-16,3.8,21.24
2017-04-16,5,17.78
2017-04-16,5.2,NA
2017-04-16,5.5,NA
2017-04-16,5.8,NA
2017-04-16,6,NA
2017-04-16,6.2,18.56
2017-04-16,8,18.48
2017-04-16,9,16.6466666666667
2017-04-16,9.3,NA
2017-04-23,0.1,21.1666666666667
2017-04-23,1,NA
2017-04-23,1.6,21.2
2017-04-23,2.8,NA
2017-04-23,3.8,20.7
2017-04-23,5,17.3
2017-04-23,5.2,NA
2017-04-23,5.5,NA
2017-04-23,5.8,NA
2017-04-23,6,NA
2017-04-23,6.2,18.1
2017-04-23,8,18
2017-04-23,9,16.5333333333333
2017-04-23,9.3,NA
2017-04-30,0.1,21.12
2017-04-30,1,NA
2017-04-30,1.6,20.98
2017-04-30,2.8,NA
2017-04-30,3.8,20.16
2017-04-30,5,16.82
2017-04-30,5.2,NA
2017-04-30,5.5,NA
2017-04-30,5.8,NA
2017-04-30,6,NA
2017-04-30,6.2,17.64
2017-04-30,8,17.52
2017-04-30,9,16.42
2017-04-30,9.3,NA
2017-05-04,0.1,21.0733333333333
2017-05-04,1,NA
2017-05-04,1.6,20.76
2017-05-04,2.8,NA
2017-05-04,3.8,19.62
2017-05-04,5,16.34
2017-05-04,5.2,NA
2017-05-04,5.5,NA
2017-05-04,5.8,NA
2017-05-04,6,NA
2017-05-04,6.2,17.18
2017-05-04,8,17.04
2017-05-04,9,16.3066666666667
2017-05-04,9.3,NA
2017-05-07,0.1,21.0266666666667
2017-05-07,1,NA
2017-05-07,1.6,20.54
2017-05-07,2.8,NA
2017-05-07,3.8,19.08
2017-05-07,5,15.86
2017-05-07,5.2,NA
2017-05-07,5.5,NA
2017-05-07,5.8,NA
2017-05-07,6,NA
2017-05-07,6.2,16.72
2017-05-07,8,16.56
2017-05-07,9,16.1933333333333
2017-05-07,9.3,NA
2017-05-09,0.1,20.98
2017-05-09,1,NA
2017-05-09,1.6,20.32
2017-05-09,2.8,NA
2017-05-09,3.8,18.54
2017-05-09,5,15.38
2017-05-09,5.2,NA
2017-05-09,5.5,NA
2017-05-09,5.8,NA
2017-05-09,6,NA
2017-05-09,6.2,16.26
2017-05-09,8,16.08
2017-05-09,9,16.08
2017-05-09,9.3,NA
2017-05-14,0.1,20.9333333333333
2017-05-14,1,NA
2017-05-14,1.6,20.1
2017-05-14,2.8,NA
2017-05-14,3.8,18
2017-05-14,5,14.9
2017-05-14,5.2,NA
2017-05-14,5.5,NA
2017-05-14,5.8,NA
2017-05-14,6,NA
2017-05-14,6.2,15.8
2017-05-14,8,15.6
2017-05-14,9,15.9666666666667
2017-05-14,9.3,NA
2017-06-28,0.1,20.8866666666667
2017-06-28,1,NA
2017-06-28,1.6,19.88
2017-06-28,2.8,NA
2017-06-28,3.8,17.46
2017-06-28,5,14.42
2017-06-28,5.2,NA
2017-06-28,5.5,NA
2017-06-28,5.8,NA
2017-06-28,6,NA
2017-06-28,6.2,15.34
2017-06-28,8,15.12
2017-06-28,9,15.8533333333333
2017-06-28,9.3,NA
2017-07-04,0.1,20.84
2017-07-04,1,NA
2017-07-04,1.6,19.66
2017-07-04,2.8,NA
2017-07-04,3.8,16.92
2017-07-04,5,13.94
2017-07-04,5.2,NA
2017-07-04,5.5,NA
2017-07-04,5.8,NA
2017-07-04,6,NA
2017-07-04,6.2,14.88
2017-07-04,8,14.64
2017-07-04,9,15.74
2017-07-04,9.3,NA
2017-07-06,0.1,20.7933333333333
2017-07-06,1,NA
2017-07-06,1.6,19.44
2017-07-06,2.8,NA
2017-07-06,3.8,16.38
2017-07-06,5,13.46
2017-07-06,5.2,NA
2017-07-06,5.5,NA
2017-07-06,5.8,NA
2017-07-06,6,NA
2017-07-06,6.2,14.42
2017-07-06,8,14.16
2017-07-06,9,15.6266666666667
2017-07-06,9.3,NA
2017-07-09,0.1,20.7466666666667
2017-07-09,1,NA
2017-07-09,1.6,19.22
2017-07-09,2.8,NA
2017-07-09,3.8,15.84
2017-07-09,5,12.98
2017-07-09,5.2,NA
2017-07-09,5.5,NA
2017-07-09,5.8,NA
2017-07-09,6,NA
2017-07-09,6.2,13.96
2017-07-09,8,13.68
2017-07-09,9,15.5133333333333
2017-07-09,9.3,NA
2017-07-10,0.1,20.7
2017-07-10,1,NA
2017-07-10,1.6,19
2017-07-10,2.8,NA
2017-07-10,3.8,15.3
2017-07-10,5,12.5
2017-07-10,5.2,NA
2017-07-10,5.5,NA
2017-07-10,5.8,NA
2017-07-10,6,NA
2017-07-10,6.2,13.5
2017-07-10,8,13.2
2017-07-10,9,15.4
2017-07-10,9.3,NA
2017-07-11,0.1,20.825
2017-07-11,1,NA
2017-07-11,1.6,19.3666666666667
2017-07-11,2.8,NA
2017-07-11,3.8,15.9833333333333
2017-07-11,5,13.6166666666667
2017-07-11,5.2,NA
2017-07-11,5.5,NA
2017-07-11,5.8,NA
2017-07-11,6,NA
2017-07-11,6.2,14.575
2017-07-11,8,13.3083333333333
2017-07-11,9,16.75
2017-07-11,9.3,NA
2017-07-12,0.1,20.95
2017-07-12,1,NA
2017-07-12,1.6,19.7333333333333
2017-07-12,2.8,NA
2017-07-12,3.8,16.6666666666667
2017-07-12,5,14.7333333333333
2017-07-12,5.2,NA
2017-07-12,5.5,NA
2017-07-12,5.8,NA
2017-07-12,6,NA
2017-07-12,6.2,15.65
2017-07-12,8,13.4166666666667
2017-07-12,9,18.1
2017-07-12,9.3,NA
2017-08-06,0.1,21.075
2017-08-06,1,NA
2017-08-06,1.6,20.1
2017-08-06,2.8,NA
2017-08-06,3.8,17.35
2017-08-06,5,15.85
2017-08-06,5.2,NA
2017-08-06,5.5,NA
2017-08-06,5.8,NA
2017-08-06,6,NA
2017-08-06,6.2,16.725
2017-08-06,8,13.525
2017-08-06,9,19.45
2017-08-06,9.3,NA
2017-08-09,0.1,21.2
2017-08-09,1,NA
2017-08-09,1.6,20.4666666666667
2017-08-09,2.8,NA
2017-08-09,3.8,18.0333333333333
2017-08-09,5,16.9666666666667
2017-08-09,5.2,NA
2017-08-09,5.5,NA
2017-08-09,5.8,NA
2017-08-09,6,NA
2017-08-09,6.2,17.8
2017-08-09,8,13.6333333333333
2017-08-09,9,20.8
2017-08-09,9.3,NA
2017-08-13,0.1,21.325
2017-08-13,1,NA
2017-08-13,1.6,20.8333333333333
2017-08-13,2.8,NA
2017-08-13,3.8,18.7166666666667
2017-08-13,5,18.0833333333333
2017-08-13,5.2,NA
2017-08-13,5.5,NA
2017-08-13,5.8,NA
2017-08-13,6,NA
2017-08-13,6.2,18.875
2017-08-13,8,13.7416666666667
2017-08-13,9,22.15
2017-08-13,9.3,NA
2017-08-16,0.1,21.45
2017-08-16,1,NA
2017-08-16,1.6,21.2
2017-08-16,2.8,NA
2017-08-16,3.8,19.4
2017-08-16,5,19.2
2017-08-16,5.2,NA
2017-08-16,5.5,NA
2017-08-16,5.8,NA
2017-08-16,6,NA
2017-08-16,6.2,19.95
2017-08-16,8,13.85
2017-08-16,9,23.5
2017-08-16,9.3,NA
2017-08-20,0.1,21.575
2017-08-20,1,NA
2017-08-20,1.6,21.5666666666667
2017-08-20,2.8,NA
2017-08-20,3.8,20.0833333333333
2017-08-20,5,20.3166666666667
2017-08-20,5.2,NA
2017-08-20,5.5,NA
2017-08-20,5.8,NA
2017-08-20,6,NA
2017-08-20,6.2,21.025
2017-08-20,8,13.9583333333333
2017-08-20,9,24.85
2017-08-20,9.3,NA
2017-08-27,0.1,21.7
2017-08-27,1,NA
2017-08-27,1.6,21.9333333333333
2017-08-27,2.8,NA
2017-08-27,3.8,20.7666666666667
2017-08-27,5,21.4333333333333
2017-08-27,5.2,NA
2017-08-27,5.5,NA
2017-08-27,5.8,NA
2017-08-27,6,NA
2017-08-27,6.2,22.1
2017-08-27,8,14.0666666666667
2017-08-27,9,26.2
2017-08-27,9.3,NA
2017-09-03,0.1,21.825
2017-09-03,1,NA
2017-09-03,1.6,22.3
2017-09-03,2.8,NA
2017-09-03,3.8,21.45
2017-09-03,5,22.55
2017-09-03,5.2,NA
2017-09-03,5.5,NA
2017-09-03,5.8,NA
2017-09-03,6,NA
2017-09-03,6.2,23.175
2017-09-03,8,14.175
2017-09-03,9,27.55
2017-09-03,9.3,NA
2017-09-10,0.1,21.95
2017-09-10,1,NA
2017-09-10,1.6,22.6666666666667
2017-09-10,2.8,NA
2017-09-10,3.8,22.1333333333333
2017-09-10,5,23.6666666666667
2017-09-10,5.2,NA
2017-09-10,5.5,NA
2017-09-10,5.8,NA
2017-09-10,6,NA
2017-09-10,6.2,24.25
2017-09-10,8,14.2833333333333
2017-09-10,9,28.9
2017-09-10,9.3,NA
2017-09-17,0.1,22.075
2017-09-17,1,NA
2017-09-17,1.6,23.0333333333333
2017-09-17,2.8,NA
2017-09-17,3.8,22.8166666666667
2017-09-17,5,24.7833333333333
2017-09-17,5.2,NA
2017-09-17,5.5,NA
2017-09-17,5.8,NA
2017-09-17,6,NA
2017-09-17,6.2,25.325
2017-09-17,8,14.3916666666667
2017-09-17,9,30.25
2017-09-17,9.3,NA
2017-09-18,0.1,22.2
2017-09-18,1,NA
2017-09-18,1.6,23.4
2017-09-18,2.8,NA
2017-09-18,3.8,23.5
2017-09-18,5,25.9
2017-09-18,5.2,NA
2017-09-18,5.5,NA
2017-09-18,5.8,NA
2017-09-18,6,NA
2017-09-18,6.2,26.4
2017-09-18,8,14.5
2017-09-18,9,31.6
2017-09-18,9.3,NA
2017-09-24,0.1,21.925
2017-09-24,1,NA
2017-09-24,1.6,24.6
2017-09-24,2.8,NA
2017-09-24,3.8,24.275
2017-09-24,5,27.925
2017-09-24,5.2,NA
2017-09-24,5.5,NA
2017-09-24,5.8,NA
2017-09-24,6,NA
2017-09-24,6.2,26.575
2017-09-24,8,15.35
2017-09-24,9,28.2
2017-09-24,9.3,NA
2017-10-08,0.1,21.65
2017-10-08,1,NA
2017-10-08,1.6,25.8
2017-10-08,2.8,NA
2017-10-08,3.8,25.05
2017-10-08,5,29.95
2017-10-08,5.2,NA
2017-10-08,5.5,NA
2017-10-08,5.8,NA
2017-10-08,6,NA
2017-10-08,6.2,26.75
2017-10-08,8,16.2
2017-10-08,9,24.8
2017-10-08,9.3,NA
2017-10-15,0.1,21.375
2017-10-15,1,NA
2017-10-15,1.6,27
2017-10-15,2.8,NA
2017-10-15,3.8,25.825
2017-10-15,5,31.975
2017-10-15,5.2,NA
2017-10-15,5.5,NA
2017-10-15,5.8,NA
2017-10-15,6,NA
2017-10-15,6.2,26.925
2017-10-15,8,17.05
2017-10-15,9,21.4
2017-10-15,9.3,NA
2017-10-16,0.1,21.1
2017-10-16,1,NA
2017-10-16,1.6,28.2
2017-10-16,2.8,NA
2017-10-16,3.8,26.6
2017-10-16,5,34
2017-10-16,5.2,NA
2017-10-16,5.5,NA
2017-10-16,5.8,NA
2017-10-16,6,NA
2017-10-16,6.2,27.1
2017-10-16,8,17.9
2017-10-16,9,18
2017-10-16,9.3,NA
2017-12-10,0.1,21.1
2017-12-10,1,NA
2017-12-10,1.6,28.2
2017-12-10,2.8,NA
2017-12-10,3.8,26.6
2017-12-10,5,34
2017-12-10,5.2,NA
2017-12-10,5.5,NA
2017-12-10,5.8,NA
2017-12-10,6,NA
2017-12-10,6.2,27.1
2017-12-10,8,17.9
2017-12-10,9,18
2017-12-10,9.3,NA
