"Date","Depth","Chla_log","Chla_ARlag1_log","Temp_C","DO_mgL","SpCond_uScm","Turb_NTU_log","Kd","TP_log","TN_log","NH4_log","NO3NO2_log","SRP_log","DOC_log","TP_inf_log","TN_inf_log","NH4_inf_log","DOC_inf_log","NO3NO2_inf","SRP_inf","NH4NO3_SRP_inf","mean_flow","NO3NO2_load","SRP_load","TN_TP_log","NH4NO3NO2_SRP_log","TN_TP_inf_log","TN_load_log","TP_load_log","NH4_load_log","DOC_load_log","mean_wrt_log","flow_max_log","flow_min","flow_median","Temp_inf_mean","Temp_inf_max","Temp_inf_min","RelHum_max_log","AirTemp_max_log","AirTemp_mean_log","AirTemp_median_log","Rain_sum_log","WindSpeed_max_log","WindSpeed_mean_log","WindSpeed_median_log","RelHum_mean","RelHum_median","ShortWave_max","ShortWave_mean","week_julian","week_series","week_cum"
"2013-05-02",1,-1.18580550037049,NA,16.7174,9.00548,37.32666982,-0.00471107973011922,NA,4.25985900069967,NA,NA,NA,NA,NA,NA,NA,NA,NA,NA,NA,NA,NA,NA,NA,NA,NA,NA,NA,NA,NA,NA,NA,NA,NA,NA,NA,NA,NA,4.57504238317042,2.94074725576509,2.70110929173647,2.69631432734566,-9.94430954705638,1.63253222442229,1.37225703656933,1.38774275544024,81.4064546679167,82.477547885,593.4249878,201.298415940542,17,1,1
"2013-05-09",1,0.0194103935198234,-1.18580550037049,14.4946,8.75546,36.69257048,0.951580652652603,NA,3.00568260440716,NA,NA,NA,NA,NA,NA,NA,NA,NA,NA,NA,NA,NA,NA,NA,NA,NA,NA,NA,NA,NA,NA,NA,NA,NA,NA,NA,NA,NA,4.55410368714365,3.18883031241846,2.82013891654806,2.85503379662972,-8.09585473415178,1.54767338320751,1.32513996203206,1.28371572383672,73.17167387375,69.14033893,892.3590088,286.3748726875,18,2,2
"2013-05-15",1,0.418381333374711,0.0194103935198234,16.1917,8.72002,37.18843336,1.04436727381571,NA,3.19458313229916,NA,NA,NA,NA,NA,NA,NA,NA,NA,NA,NA,NA,0.0160159025616304,NA,NA,NA,NA,NA,NA,NA,NA,NA,5.41372040791291,-4.06439835566302,0.0146359344793006,0.0158877345258808,15.6645161290323,16.31,15.13,4.41064223495872,3.34674110998084,2.97218657870143,2.9919750713513,-9.94430954705638,1.94437818705767,1.58763999070878,1.56405741883063,67.5216759920833,68.63285453,904.40802,291.419875065833,19,3,3
"2013-05-23",1,1.10233867040892,0.418381333374711,18.9733,9.13621,37.14779677,0.970854671864522,NA,3.17805383034795,NA,NA,NA,NA,NA,3.47506723022861,NA,NA,NA,NA,NA,NA,0.0196656945769741,NA,NA,NA,NA,NA,NA,-0.453812323026989,NA,NA,5.21530792241054,-3.53708813426524,0.0171733183958222,0.0193887113723248,15.6815625,16.44,15.13,4.57382748772176,3.28428882628641,3.09331280945141,3.05635660807627,-2.45761213337973,2.03869582003198,1.47135452408399,1.41257857546434,77.57988613875,74.572061665,811.5830078,241.759540874583,20,4,4
"2013-05-30",1,0.554861647755602,1.10233867040892,20.1045,9.67412,37.04578603,0.0283930745012178,NA,3.55248682920838,NA,NA,NA,NA,NA,3.59731226058845,NA,NA,NA,NA,NA,NA,0.0131619857274519,NA,NA,NA,NA,NA,NA,-0.733110212735681,NA,NA,5.61203032943593,-4.16906793437254,0.0110930403721045,0.01302105268443,16.7998958333333,18.44,15.44,4.40396180388727,3.40485868025429,3.18190081251624,3.17471523531148,-9.94430954705638,1.45705765831131,1.26050625976937,1.25449376508814,66.0353484508333,68.60403696,919.4299927,319.717458724583,21,5,5
"2013-06-04",1,1.02284653289373,0.554861647755602,22.9911,8.45173,37.79902314,0.121863587756841,NA,3.41279651750551,NA,NA,NA,NA,NA,3.58444443588455,NA,NA,NA,NA,NA,NA,0.013281937065762,NA,NA,NA,NA,NA,NA,-0.73690584630064,NA,NA,5.6028605256677,-4.2242755085159,0.0114703647093252,0.0134188559116226,16.4354166666667,17.5,15.38,4.40978845960478,3.2737437895421,3.04917444403387,3.03974930490377,-9.94430954705638,1.47829297145302,1.24129673195397,1.21807192707732,69.4187838479167,73.215766925,913.2249756,323.2667072575,22,6,6
"2013-06-13",1,0.970134770346266,1.02284653289373,21.2973,10.3166,36.6453658,0.842127373571264,NA,3.45473814859019,NA,NA,NA,NA,NA,3.55820113047182,NA,NA,NA,NA,NA,NA,0.0218824913718019,NA,NA,NA,NA,NA,NA,-0.263867312182664,NA,NA,5.11559450095046,-3.21791248121207,0.0189384961013892,0.0212244267122472,17.817037037037,19.06,16.81,4.48232682229104,3.42523953494485,3.22210410853187,3.20030453891601,-1.96389243761383,2.30575355610914,1.99230337842021,2.10153632893964,72.9866698420833,72.765924375,831.4520264,256.9517553625,23,7,7
"2013-06-20",1,0.875593729542051,0.970134770346266,22.0662,9.76655,37.90884195,0.27322811548163,NA,3.62434093297637,NA,NA,NA,NA,NA,3.6163087612791,NA,NA,NA,NA,NA,NA,0.0136732990922902,NA,NA,NA,NA,NA,NA,-0.676001557950655,NA,NA,5.57157513411563,-4.2242755085159,0.0122375191991045,0.0138206296719582,17.1284375,17.94,16.56,4.58499710129304,3.33005922283382,3.14039172991822,3.14069822849274,-9.94430954705638,1.47445656810891,1.16165846045195,1.08255874464837,78.88486586375,78.7785067,812.4630127,283.539333505417,24,8,8
"2013-06-27",1,0.226099179139842,0.875593729542051,24.645,11.60754,38.95105865,0.490480049100561,NA,3.41114771251532,NA,1.6094379124341,2.23001440015921,1.38629436111989,NA,3.72328088083127,NA,0,NA,91,15,6.06666666666667,0.0127112243441406,1.15672141531679,0.190668365162109,NA,1.25276296849537,NA,NA,-0.641988988388188,-4.71053070164592,NA,5.64586123015107,-4.25266044696013,0.0110930403721039,0.0126272600237991,18.0690625,18.69,17.5,4.50166505958616,3.36418852731799,3.20518270809708,3.20862300447568,-4.54479029999938,1.92599213386221,1.47997288347786,1.33702209032448,74.94378134875,76.030082985,736.9609985,254.584375705833,25,9,9
"2013-07-03",1,1.58835726882286,0.226099179139842,23.3826,9.6647,38.02091503,0.8706236856907,NA,3.87120101090789,NA,3.2188758248682,2.58776403522771,1.38629436111989,NA,4.23265617801961,NA,2.56494935746154,NA,30,11,3.81818181818182,0.0816473345356487,2.44942003606946,0.898120679892136,NA,2.2512917986065,NA,NA,1.72731007291985,-0.0112955406702557,NA,3.90427414840536,-1.66235168849297,0.0483609319391689,0.0668457686987056,17.1885416666667,17.94,16.88,4.60517018598809,3.20274768358795,3.05696486001266,3.03302749953067,0.15674934978631,1.13140208084594,0.802189051718267,0.836641404299854,92.6448897233333,94.103428655,551.4790039,185.628751110833,26,10,10
"2013-07-11",1,2.1219381332794,1.58835726882286,22.9678,6.41619,35.21383782,2.32009096712371,NA,4.77744140692854,NA,1.09861228866811,1.45861502269952,3.09104245335832,NA,3.8877303128591,NA,2.484906649788,NA,31,10,4.2,0.0747558500953102,2.31743135295462,0.747558500953102,NA,-1.145132304303,NA,NA,1.29420250523006,-0.184747275213362,NA,3.97666561147418,-2.0764015835141,0.044134314983274,0.0676108175379501,17.1228125,17.56,16.75,4.56560174450432,3.42230662359298,3.25552928955993,3.24843557526464,-2.09510269991021,1.12627705628678,0.691943756381288,0.664919835513243,77.23770819625,77.142957475,676.9619751,243.949708784583,27,11,11
"2013-07-18",1,1.59241382142831,2.1219381332794,24.09,6.94825,37.83681264,1.65668402803097,NA,3.60141342833266,NA,1.50407739677627,1.56861591791385,2.63905732961526,NA,3.76738251567892,NA,3.09104245335832,NA,129,11,13.6363636363636,0.0250351390066214,3.22953293185415,0.275386529072835,NA,-0.441832752279039,NA,NA,0.0799076349546429,-0.62597852288015,NA,4.9669869471058,-3.60996530460566,0.0221628338211657,0.025057933003273,18.5863541666667,19.5,17.94,4.44603044530114,3.50885609683524,3.36208112334328,3.36591558858105,-9.94430954705638,1.23390141623771,0.773409681577156,0.721037996854979,69.9011176995833,72.57304833,835.1530151,272.598583383333,28,12,12
"2013-07-25",1,1.25592937869468,1.59241382142831,25.5099,6.23613,37.40681665,0.995951828281835,NA,4.25844557290253,NA,1.79175946922805,1.66770682055808,1.79175946922805,NA,4.09100566095659,NA,2.63905732961526,NA,58,12,5.91666666666667,0.0170936830420883,0.991433616441122,0.20512419650506,NA,0.606135803570314,NA,NA,0.0219593644899924,-1.46439481149257,NA,5.34880235150544,-3.96655859768252,0.0154666693585706,0.0171733183958222,17.8819791666667,18.56,17.19,4.52418793237947,3.36176297365109,3.16973850420692,3.12938975307298,-3.93586497991372,1.3388813754297,0.963795399019239,1.11852064223782,71.4287614375,72.246330965,884.1589966,283.410878019167,29,13,13
"2013-08-01",1,1.15246896145882,1.25592937869468,23.2441,7.09553,37.68313014,0.426835133844357,NA,3.93182563272433,NA,4.0943445622221,-1.20397280432594,1.38629436111989,NA,4.3732381286408,NA,2.07944154167984,NA,56,13,4.84615384615385,0.0148626738978324,0.832309738278617,0.193214760671822,NA,2.70805020110221,NA,NA,0.164335812050003,-2.18002488811516,NA,5.49138662014269,-4.03933365173772,0.0122375191991045,0.0150493911148339,17.3035416666667,18.44,16.5,4.5409945903451,3.34356831190461,3.1410405356986,3.12280538297788,-1.81307300961877,1.34372303271944,0.987247434444153,0.982931144925928,77.9518457216667,76.294312695,735.0050049,249.102454660833,30,14,14
"2013-08-12",1,0.072506690786748,1.15246896145882,27.0277,5.27356,38.28634641,0.633874769094874,NA,3.03013370027132,NA,1.09861228866811,0.832909122935104,1.38629436111989,NA,3.60004824040732,NA,2.07944154167984,NA,59.14285714,15.14285714,4.36792452893734,0.0139445474240279,0.824720376181239,0.21116028952401,NA,0.22314355131421,NA,NA,-0.672618472376416,-2.23856077933665,NA,5.56044174724944,-4.14220788091504,0.0110930403721039,0.014226335107487,19.0270833333333,19.94,18.38,4.58646235547915,3.44457645574604,3.23764861204469,3.24395874820425,-3.41752190458202,1.40611200325433,0.946789775736385,0.986753691877939,75.7985593745833,76.30922393,864.3889771,284.343541269292,31,15,15
"2013-08-12",1,0.072506690786748,0.976143291021012,27.0277,5.27356,38.28634641,0.633874769094874,NA,3.03013370027132,NA,1.09861228866811,0.832909122935104,1.38629436111989,NA,3.60004824040732,NA,2.07944154167984,NA,59.14285714,15.14285714,4.36792452893734,0.0139445474240279,0.824720376181239,0.21116028952401,NA,0.22314355131421,NA,NA,-0.672618472376416,-2.23856077933665,NA,5.56044174724944,-4.14220788091504,0.0110930403721039,0.014226335107487,19.0270833333333,19.94,18.38,4.58646235547915,3.44457645574604,3.23764861204469,3.24395874820425,-3.41752190458202,1.40611200325433,0.946789775736385,0.986753691877939,75.7985593745833,76.30922393,864.3889771,284.343541269292,31,15,15
"2013-08-18",1,0.445027642961956,0.072506690786748,25.93053333,6.239863333,38.6968366,0.400943791007633,NA,3.04452243772342,NA,1.79175946922805,1.08743898818234,1.4663370687165,NA,3.61899332664977,NA,2.07944154167984,NA,52.28571429,14.28571429,4.149999999055,0.019876396639082,1.03925159578576,0.283948523500641,NA,0.69314718067533,NA,NA,-0.299229023112095,-1.90963276776138,NA,5.25649211312476,-3.35321167711068,0.014226335107487,0.0173912603821465,16.0686458333333,16.38,15.81,4.60517018598809,3.0842009215416,2.95664524186494,2.9486420415433,-2.85510809431625,1.34189243477312,0.863505114948078,0.759905292130037,96.3179352791667,96.508595015,313.4570007,90.912541621375,32,16,16
"2013-08-23",1,0.715821497761748,0.445027642961956,24.83336667,7.206166667,39.10732679,0.0967334092599069,NA,2.77881927199042,NA,2.19722457733622,1.29015050047525,1.54044504101858,NA,3.63758615972639,NA,2.07944154167984,NA,45.42857143,13.42857143,3.90425531883997,0.0101779850331711,0.462371320092883,0.136675799031409,NA,0.971860582930511,NA,NA,-0.949942061598044,-2.52265966803475,NA,5.87064120211262,-4.28159289931014,0.00857307141360553,0.00998664707111392,18.065,18.88,17.38,4.48907876489468,3.2461016686539,3.14456560557929,3.15059698411491,-3.56520447675279,1.17090291785878,1.00424289218002,1.06896281202577,79.2641425454167,80.63503467,497.5960083,165.465293727083,33,17,17
"2013-08-28",1,0.928693498591198,0.715821497761748,23.7362,8.17247,39.51781699,-0.342631163936797,NA,2.83907846350861,NA,2.484906649788,1.45861502269952,1.6094379124341,NA,3.65583960003574,NA,2.07944154167984,NA,38.57142857,12.57142857,3.6250000002983,0.00949447180293456,0.366215340956769,0.119359074080471,NA,1.16315080980568,NA,NA,-1.00120596519901,-2.58413530219711,NA,5.94620894175109,-4.22427550851594,0.00789371076278085,0.00927087523964406,18.3145833333333,18.75,18,4.50318620319955,3.3357695763397,3.17370432969137,3.16505286346405,-3.22047708119511,1.60542989485182,1.40653426036412,1.42021826140001,81.87332128875,81.976878155,443.4899902,142.563081065,34,18,18
"2013-09-06",1,0.907034693412235,0.928693498591198,22.59956667,8.04832,40.09128862,-0.334773679985631,NA,3.11794990627824,NA,2.33537491549446,1.29015050047525,1.4663370687165,NA,3.67376581630389,NA,2.07944154167984,NA,31.71428571,11.71428571,3.30487804962374,0.00622312402143811,0.197361933224652,0.0728994527958902,NA,1.1486227090514,NA,NA,-1.40571742776411,-2.94576436224742,NA,6.36818225429962,-4.8847378222106,0.00479334413034044,0.00627949197825056,17.1275,17.94,16.19,4.38783345192966,3.24921154581276,3.04650503403623,3.01357192203592,-9.94430954705638,1.39700692961394,1.13243796047286,1.18580600681036,68.3904118916667,71.89384174,652.5369873,204.592458989625,35,19,19
"2013-09-13",1,0.884896379236246,0.907034693412235,21.46293333,7.92417,40.66476025,-0.326977455059423,NA,3.15912582046243,NA,2.15948424939183,1.08743898818234,1.29928298422117,NA,3.69137633431252,NA,2.07944154167984,NA,24.85714286,10.85714286,2.93421052580679,0.0211107228021231,0.524752252570234,0.22920213334051,NA,1.12846525178571,NA,NA,-0.166597843598153,-1.85294324229567,NA,5.13765279026417,-3.70634188630523,0.0189384961013892,0.0212244267122472,19.1359375,20.13,17.56,4.51352743432049,3.22803516574354,3.01217978755,2.98644058192788,-9.94430954705638,2.110672126539,1.62174491394172,1.41507075954785,67.5525143066667,65.439954255,795.9719849,236.597081820833,36,20,20
"2013-09-18",1,0.862256843381669,0.884896379236246,20.3263,7.80002,41.23823187,-0.319241541359547,NA,3.19867311755068,NA,1.94591014905531,0.832909122935104,1.09861228866811,NA,3.70868208141012,NA,2.07944154167984,NA,18,10,2.5,0.0197627379087984,0.355729282358371,0.197627379087984,NA,1.09861228866811,NA,NA,-0.215274956713021,-1.91501810245378,NA,5.20324530612527,-3.8093385452625,0.0176092023684709,0.0198424387431003,15.810625,16.63,14.81,4.4636871520642,3.07454384861776,2.76634593172023,2.85647301253838,-9.94430954705638,1.26786722416855,0.871488202557768,0.849428350851252,72.3809185479167,75.204335355,571.0159912,174.008082070417,37,21,21
"2013-09-25",1,1.18695888496668,0.862256843381669,19.4865,8.15221,40.98831984,0.323025084723777,NA,2.56494935746154,NA,2.07944154167984,1.45861502269952,1.38629436111989,NA,3.84374416467485,NA,2.11021320034659,NA,14.5,9.75,2.23076923076923,0.0199446608690428,0.28919758260112,0.194460443473167,NA,1.09861228866811,NA,NA,-0.0710496324014283,-1.87341132743651,NA,5.19452703994928,-3.76728748026326,0.0180487129788194,0.0198424387431003,16.4639583333333,17.06,15.75,4.44316402041619,3.16420873277806,2.96752574702328,2.96449975992865,-5.20155369811573,0.927030588989224,0.308535537895919,0.251923925999429,69.7730600983333,69.505007545,654.2999878,162.926374555417,38,22,22
"2013-10-04",1,1.41058038691871,1.18695888496668,18.8512,8.305343333,41.05095453,0.434095756123211,NA,2.64380793261082,NA,2.15948424939183,1.60274892435042,1.4663370687165,NA,NA,NA,2.14006616349627,NA,11,9.5,1.94736842105263,0.0179059326728252,0.196965259401077,0.170106360391839,NA,1.12393009677932,NA,NA,NA,-1.94285336047426,NA,5.30312709360313,-3.91993226416035,0.0158877345258808,0.0180487129788187,17.9701041666667,19.13,17.13,4.47093013684012,3.33363214918493,3.12533422789221,3.11551295991024,-9.94430954705638,1.21434449391979,0.890004328645215,0.927837916384534,68.5953100933333,67.94307202,608.8729858,173.269041379167,39,23,23
"2013-10-11",1,1.59322045081231,1.41058038691871,18.2159,8.458476667,41.11358923,0.53405374968979,NA,2.71689981615893,NA,2.23359222147138,1.72870133320175,1.54044504101858,NA,NA,NA,2.16905370036952,NA,7.5,9.25,1.64864864864865,0.019571843381382,0.146788825360365,0.181039551277784,NA,1.14513230418612,NA,NA,NA,-1.82832935301245,NA,5.21383027943086,-3.70634188630523,0.0171733183958222,0.0193887113723248,15.8492708333333,16.69,15.06,4.58673590571397,3.06572635259868,2.81023139745128,2.80548104434583,-9.94430954705638,1.31369476141564,1.06009595787487,1.04411800059742,86.8392380954167,91.0214364,354.2449951,88.0824995045833,40,24,24
"2013-10-16",1,1.74759857344229,1.59322045081231,17.5806,8.61161,41.17622393,0.624921871564379,NA,2.78501124223834,NA,2.30258509299405,1.84054963339749,1.6094379124341,NA,NA,NA,2.19722457733622,NA,4,9,1.33333333333333,0.0173979368802731,0.0695917475210926,0.156581431922458,NA,1.16315080980568,NA,NA,NA,-1.90930394180812,NA,5.33300186710897,-3.8971515735934,0.0150493911148346,0.0171733183958222,15.4340625,16.31,14.63,4.57721184501688,3.14630486966774,2.88696347246498,2.92073939313826,-8.04969269238862,1.08710872769733,0.395856743145771,0.301883141375601,75.3528904641667,74.20707344,540.5150146,142.5655037575,41,25,25
"2013-10-23",1,1.65725617588958,1.74759857344229,15.1606,8.43223,41.52722854,0.964471186398908,NA,2.77050321595753,NA,1.79175946922805,1.45861502269952,1.6094379124341,NA,NA,NA,2.30258509299405,NA,4,9,1.44444444444444,0.0179711984780757,0.0718847939123028,0.161740786302681,NA,0.693147180559945,NA,NA,NA,-1.76760874214713,NA,5.30705447629847,-3.59141139006554,0.014226335107487,0.0176092023684717,12.3072916666667,13.19,10.38,4.55901325921893,2.54631795659644,2.28365788656043,2.3321435986336,-4.28552443833092,2.25854204038991,1.6861988858111,1.74408051322558,74.05133928125,73.14887521,407.5079956,106.761916644167,42,26,26
"2013-10-30",1,1.76539838217463,1.65725617588958,13.2477,9.09212,42.43840547,0.710937981568494,NA,2.75578160371154,NA,3.13549421592915,1.98787434815435,1.6094379124341,NA,NA,NA,2.70805020110221,NA,8,16,1.375,0.0165826301949148,0.132661041559318,0.265322083118636,NA,1.79175946922805,NA,NA,NA,-1.42230784039876,NA,5.38117848977276,-3.94306427029993,0.013820629671959,0.0163125528597479,13.1554166666667,14.06,12.44,4.5766846242219,2.9396907536381,2.73517895099925,2.73696229589168,-4.36949745369714,1.3178293833975,1.06201186059858,1.09783572371959,87.2054713591667,87.132150545,327.0270081,73.571625035,43,27,27
"2014-05-06",1,0.251147747723807,1.76539838217463,14.8694,9.54354,32.75347619,0.323025084723777,NA,2.71026995761879,5.08450514266271,2.2512917986065,0.832909122935104,1.04145387471051,NA,NA,NA,2.66258782679289,0.693147180559945,13,1.833333333,14.3636363644298,0.0943125068448838,1.22606258898349,0.172906262517516,2.37423518504392,1.40089316065869,NA,NA,NA,0.236257262272255,-1.66799428931749,3.63916605270417,-2.32412013974359,0.0894660807348132,0.094784671619937,14.0163541666667,15.75,12.75,4.52415721547843,3.22644694506876,2.88335686294292,2.91506387428045,-7.62683584156859,1.3905047507266,0.583559026202899,0.278612419208221,74.87603519875,76.659817645,724.9790039,252.896497607958,17,1,28
"2014-05-08",1,-0.19686682823599,0.251147747723807,16.9945,9.52568,32.56526556,-0.00471107973011922,NA,2.7408400239252,5.06575459331733,2.14006616349627,0.832909122935104,0.916290731874155,NA,NA,NA,2.39789527279837,0.693147180559945,13,1.5,15.3333333333333,0.0963211472178552,1.25217491383212,0.144481720826783,2.32491456939213,1.43508452528932,NA,NA,NA,-0.0281819342156026,-1.64692020644824,3.61803703086531,-2.30054049550855,0.093254642533544,0.0955527929721967,14.9563541666667,16.5,14,4.42709587370818,3.38540644787229,3.11754444219351,3.08854007410825,-9.94430954705638,1.46159150091556,1.32401092934476,1.37675253824972,61.75509103375,59.918502015,923.1259766,319.130625688333,18,2,29
"2014-05-14",1,0.122836909959062,-0.19686682823599,18.1739,10.14673,31.2229531,0.260362261796818,NA,2.72129542785223,5.15521652271506,1.79175946922805,0.676340062413056,0.847297860244347,NA,NA,NA,2.07944154167984,0.676340062413056,13.33333333,2,10.166666665,0.0941190859508727,1.25492114569791,0.188238171901745,2.43392109486282,1.18958406706017,NA,NA,NA,-0.403716235793081,-1.68685436428627,3.64108643629447,-2.32412013974359,0.0894660807348132,0.0940186196053601,15.92125,16.81,15.31,4.48779178845466,3.37553813590744,3.1929257223954,3.17930337996056,-4.71400339112489,1.94280361118789,1.42393115284335,1.40997802171861,70.1409466925,70.252272625,879.2930298,270.103998657083,19,3,30
"2014-05-26",1,0.637898706329467,0.122836909959062,19.9368,9.10228,31.75742844,0.106879361627096,NA,2.57413778351594,5.02388052084628,1.79175946922805,1.45861502269952,1.38629436111989,NA,NA,NA,2.19722457733622,0.641853886172395,16,4,6,0.0954304705627502,1.526887529004,0.381721882251001,2.44974273733033,0.916290731874155,NA,NA,NA,-0.258196069621212,-1.70750346741977,3.62730882634434,-2.30835926397989,0.091732935868125,0.0951687322960668,17.61875,18.56,16.81,4.31315971284423,3.3826941172283,3.13806396330914,3.12807661012492,-9.94430954705638,1.69017922285867,1.20612608628695,1.23440660592542,61.0878390225,61.42097617,927.1270142,325.880960304167,20,4,31
"2014-06-02",1,1.34970817455185,0.637898706329467,19.962,9.39937,31.3201439,0.207258042083986,NA,2.54553127160444,5.18178355029209,2.56494935746154,1.45861502269952,1.79175946922805,NA,NA,NA,2.56494935746154,0.741937344729377,25,5,7.4,0.0994863108708914,2.48715777177229,0.497431554354457,2.63625227868765,1.04145387482816,NA,NA,NA,0.18468187775246,-1.56579787874012,3.58563637906265,-2.26966671235727,0.094784671619937,0.0994242467499543,18.2266666666667,19.13,17.38,4.38397339038972,3.3181783797993,3.01383837817362,3.02091200675015,-9.94430954705638,1.56143134200489,1.20872232626878,1.21949154002375,66.8620876958333,71.062819555,912.3759766,323.903457642083,21,5,32
"2014-06-04",1,0.575151622322238,1.34970817455185,21.3108,9.21243,31.60652213,-0.230797770251069,NA,2.66722820658195,5.21710731112249,2.46809953147162,1.3609765531356,2.484906649788,NA,NA,NA,2.62466859216316,0.703097511413113,34.6,7,6.77142857142857,0.102569440102488,3.54890262754608,0.717986080717415,2.54987910454054,0.249460859631581,NA,NA,NA,0.279061648114507,-1.57411773395147,3.55761797860333,-2.01070144041829,0.0963229781022364,0.100987122404191,19.0195833333333,19.5,18.69,4.50544446181022,3.3928289269496,3.19314796437943,3.18490540626952,-1.03246953811991,1.70381000054979,1.43675062266922,1.33618737936412,71.48061764875,74.336575625,844.7449951,267.8511230175,22,6,33
"2014-06-12",1,0.853861983599841,0.575151622322238,21.8129,8.8073,31.53301975,0.121863587756841,NA,2.91235066461494,5.10199830011023,2.60268968544438,1.19392246847243,3.51154543883102,NA,NA,NA,2.52572864430826,0.641853886172395,42.5,8,6.75,0.100151593014602,4.25644270312058,0.801212744116816,2.18964763549529,-0.708185057924485,NA,NA,NA,0.149060592715393,-1.65921642453783,3.57937106000798,-2.20243995272436,0.0924927460553685,0.10020466891002,20.2892708333333,20.94,19.63,4.59063386495042,3.23040915716269,3.1121999393981,3.10973048646307,-1.33595112929889,1.31930005794986,1.068450320938,1.12093858715894,85.8644509891667,86.712368935,601.9949951,198.843460400417,23,7,34
"2014-06-19",1,0.407928737546137,0.853861983599841,24.0161,9.41615,31.58967159,0.0283930745012178,NA,2.86410383088544,5.00193085346611,2.52572864430826,1.19392246847243,3.25809653802148,NA,NA,NA,2.2512917986065,0.615185639090233,32.5,5.5,7.45454545454545,0.0966575855743609,3.14137153116673,0.531616720658985,2.13782702258067,-0.517256514096281,NA,NA,NA,-0.185619616560571,-1.72139495232655,3.6144779391427,-2.29276227121842,0.093254642533544,0.0970952214947282,22.1715625,22.69,21.75,4.41638412165776,3.48706910877527,3.27829214003491,3.27733334841072,-9.94430954705638,1.98553541182341,1.6388336881513,1.54094467311021,62.9717380533333,62.02074779,874.0369873,286.98841556375,24,8,35
"2014-06-29",1,0.708675982177572,0.407928737546137,24.8403,8.32965,32.56135994,0.0445908833278752,NA,2.96010509591084,5.41610040220442,2.07944154167984,0.262364264467491,2.19722457733622,NA,NA,NA,2.07944154167984,0.741937344729377,26,6,5.5,0.0965437736993898,2.51013811618413,0.579262642196339,2.45599530629358,0,NA,NA,NA,-0.378619085191881,-1.59582141529412,3.61558108202846,-2.30054049550855,0.0924927460553671,0.0970952214947282,22.9189583333333,23.31,22.63,4.49711458941566,3.329700899112,3.18499154180204,3.17847119823785,-3.60051699025337,1.59198684811713,0.9464317164755,0.936716846330441,66.99690366625,68.005186675,471.8070068,166.35041499125,25,9,36
"2014-07-02",1,-0.000200020002667045,0.708675982177572,25.667,8.48141,32.71377433,-0.366436721140686,-1.186084294,2.64971462408925,5.3768204278819,1.79175946922805,0.262364264467491,2.03688192730452,NA,NA,NA,2.30258509299405,0.676340062413056,24,8,4.125,0.0976899377509092,2.34455850602182,0.781519502007274,2.72710580379265,-0.0909717782492049,NA,NA,NA,-0.118547708215983,-1.6496166541149,3.6039157743586,-2.29276227121842,0.094784671619937,0.0970952214947295,24.4198958333333,25.06,23.88,4.41318253260218,3.5865701058515,3.4007528367417,3.4011971783288,-4.36533472299353,1.67888043913099,1.22019198721569,1.19459025621014,58.9630524995833,57.17909791,880.4680176,310.57933790875,26,10,37
"2014-07-14",1,0.197210169287705,-0.000200020002667045,25.6012,8.22223,32.33788861,-0.523573196588493,NA,2.58776403522771,5.52545293913178,1.79175946922805,0.262364264467491,2.19722457733622,NA,NA,NA,2.63905732961526,0.741937344729377,30,9,4.77777777777778,0.0959833015022117,2.87949904506635,0.863849713519905,2.93768890390407,-0.251314428280906,NA,NA,NA,0.228555217421944,-1.6016437006,3.62151313856488,-2.30835926397989,0.091732935868125,0.0955527929721967,24.3572916666667,25.31,23.88,4.42882491612334,3.54385368206368,3.32920913331636,3.31455026286791,-2.19803039391921,1.85735643314239,1.47439174330519,1.41938161248888,62.5022818491667,63.798240205,822.440979,279.905372621667,27,11,38
"2014-07-21",1,1.07158361628019,0.197210169287705,23.9154,8.21994,32.87471397,-0.274042186747746,NA,2.61373952163097,5.12217666882916,2.484906649788,0.262364264467491,1.79175946922805,NA,NA,NA,3.2188758248682,0.832909122935104,52,5,15.2,0.0938932357852772,4.88244826083441,0.469466178926386,2.5084371471982,0.773189888233483,NA,NA,NA,0.816442842111395,-1.53268780879309,3.6433150077468,-2.33206311710252,0.0909752177161759,0.0940186196053601,23.081875,23.44,22.81,4.54484825723674,3.40186427357364,3.20181466459098,3.1770116207695,-3.96669040677045,1.55597927854806,1.16600139576959,1.10253260866199,76.022992325,78.84924648,681.3800049,236.856663552083,28,12,39
"2014-07-28",1,0.648306706086792,1.07158361628019,24.945,7.87533,32.39706111,-0.189467024954826,NA,2.71800053195538,5.11017892443252,2.484906649788,1.19392246847243,1.94591014905531,NA,NA,NA,2.19722457733622,0.741937344729377,34,7,6,0.0876440651887801,2.97989821641852,0.613508456321461,2.39217839247714,0.762140052046895,NA,NA,NA,-0.342275512988571,-1.69253403551704,3.71245339318712,-2.37242143581498,0.0842508679117992,0.0872182119157772,23.2076041666667,24.31,22.31,4.39179337330374,3.36141689285038,3.2112470682767,3.20943171088165,-7.94960923383164,2.34906425934007,1.98587047426231,1.94292595140633,57.2597162895833,54.85693072,914.7789917,322.18203893875,29,13,40
"2014-08-02",1,1.18086793061084,0.648306706086792,23.1282,7.96196,32.7545649,0.0445908833278752,NA,2.66722820658195,5.11419418800781,1.89711998493588,0.968250470678284,1.73460105544693,NA,NA,NA,2.56494935746154,0.741937344729377,33.33333333,8.333333333,5.4399999998176,0.0882326991159491,2.94108997023753,0.735272492603498,2.44696598142586,0.462623521889289,NA,NA,NA,0.0655933296858105,-1.6858403016704,3.70551095156902,-2.38887379443338,0.0857302603565371,0.0879653820324385,21.73625,22.06,21.38,4.60517018598809,3.26270088365776,3.07352260848172,3.05588760456484,-5.92343213671615,1.18399911292513,0.863371558935797,0.816280886039269,80.8920423054167,82.325776125,510.2550049,167.610414899583,30,14,41
"2014-08-11",1,1.3690719023243,1.18086793061084,22.2812,7.49403,32.8342019,0.597571965636916,NA,2.92852352386054,5.27145991237815,2.83321334405622,1.19392246847243,1.6094379124341,NA,NA,NA,2.39789527279837,0.832909122935104,42,8,6.5,0.0993047519999292,4.17079958399702,0.794438015999433,2.34293638851762,1.38629436111989,NA,NA,NA,0.00204542668713022,-1.47665273115674,3.59974572429849,-1.94160720174186,0.0887146736353482,0.0955527929721967,20.9296875,21.25,20.06,4.60517018598809,3.22684423658084,3.0658418833926,3.02432174716772,-0.718770270009675,1.5700245565664,1.07943770074141,0.994300701766192,88.6147058808333,90.339572545,481.5069885,145.00470852375,31,15,42
"2014-08-18",1,1.3204750200826,1.3690719023243,22.5314,8.70384,32.27990596,1.84043851611308,NA,2.8094026953625,5.14633100955016,0,1.84054963339749,2.89037175789616,NA,NA,NA,2.19722457733622,0.741937344729377,30,7,5.42857142857143,0.091525806299636,2.74577418898908,0.640680644097452,2.33692831418765,-0.944461608840851,NA,NA,NA,-0.299476081968368,-1.64919696567438,3.67011345076992,-2.25446489414701,0.0835143968885665,0.0909752177161759,22.0561458333333,22.19,21.81,4.57338004702131,3.2928709104219,3.14831072767117,3.13636332379764,-0.731247881161513,1.23047774848016,0.755500509614358,0.77071869642956,80.5085198979167,80.420121965,400.0589905,138.519083806375,32,16,43
"2014-08-25",1,1.24343387320685,1.3204750200826,23.0097,8.4338,31.5788827,0.106879361627096,NA,2.79116510781272,5.15848042136024,1.6094379124341,0.262364264467491,1.6094379124341,NA,NA,NA,2.70805020110221,0.741937344729377,33,8,5.875,0.0918937808754357,3.03249476888938,0.735150247003486,2.36731531354752,0.182321556793955,NA,NA,NA,0.258906703414125,-1.64518457991839,3.66540466061078,-2.34004837906411,0.0864731693262228,0.0924927460553671,21.603125,22.5,20.75,4.43081212097523,3.37073817417745,3.11464473707395,3.05329370104803,-9.94430954705638,1.57056091871453,1.28581925494972,1.39011499992541,60.55764960375,60.013279015,919.9180298,301.963165129167,33,17,44
"2014-08-30",1,1.04891421247126,1.24343387320685,24.41155,8.337765,32.18047228,-0.390970661957712,NA,2.90142159408275,5.12574810119676,1.79175946922805,0.832909122935104,1.79175946922805,NA,NA,NA,2.67414864942653,0.667829372575655,53.5,10,6.7,0.0503805377652543,2.6953587704411,0.503805377652543,2.22432650711401,0.287682072451778,NA,NA,NA,-0.37231481179929,-2.32032096135768,4.26661882625508,-2.907387673132,0.0465337621546402,0.0502114097238969,23.1355208333333,23.88,22.56,4.56819748062683,3.52312023761067,3.26880839873118,3.2451288856672,-3.60078070519417,1.63456012970677,1.15721332820005,1.21806821448536,71.58383872875,73.959786875,813.5629883,250.169414084583,34,18,45
"2014-09-08",1,1.43448910996956,1.04891421247126,24.0478,7.94143,33.00538255,-0.676290063493522,NA,2.9391619220656,5.22035582507832,1.6094379124341,0.262364264467491,1.38629436111989,NA,NA,NA,2.99573227355399,0.78845736036427,88,4,26.75,0.0458634708314704,4.03598543316939,0.183453883325882,2.28119390301273,0.405465108108164,NA,NA,NA,-0.127372175833852,-2.29362896085372,4.36000809515472,-3.04179148064836,0.0429505634092423,0.0459299368382844,21.4242708333333,22,21,4.60517018598809,3.04785028571833,2.93341379338973,2.93279208373744,-4.0360908051563,1.5722011221318,1.35163731577943,1.42078313885293,92.47877089125,91.49438584,323.946991,104.772332780417,35,19,46
"2014-09-15",1,1.54868953296,1.43448910996956,21.4982,7.23907,34.2461334,0.106879361627096,NA,2.59525470695687,5.14166355650266,1.38629436111989,0.832909122935104,1.6094379124341,NA,NA,NA,3.52636052461616,0.693147180559945,62,5,19,0.0415554157020126,2.57643577352478,0.207777078510063,2.54640884954579,0.182321556793955,NA,NA,NA,0.322321672373493,-2.48758024380913,4.45869168951765,-3.13404999987009,0.0394643720079464,0.0417775886246348,19.4267708333333,20.19,18.63,4.48403160156976,3.31998834142048,3.06171547325796,3.04879997836881,-9.94430954705638,1.19081366326244,0.733772747949653,0.715220241704749,70.2381009741667,76.00857098,767.2789917,226.113334022083,36,20,47
"2014-09-22",1,1.09707777857616,1.54868953296,21.1675,8.4199,34.64028915,0.234123055357218,NA,2.6264785474084,5.30330490805908,1.79175946922805,-1.20397280432594,1.79175946922805,NA,NA,NA,2.56494935746154,0.641853886172395,73,9,9.44444444444444,0.0284912771498036,2.07986323193566,0.256421494348232,2.67682636065068,0,NA,NA,NA,-1.04726731709257,-2.91630341730174,4.83693687302105,-3.48466365756759,0.0265493080186143,0.0285819985718644,18.0533333333333,19.38,17.25,4.31405785251234,3.15529621875796,2.85804960225924,2.82018817362536,-9.94430954705638,1.98138845797664,1.67035555915768,1.68843516879842,56.2236840491667,59.481683545,777.8309937,240.335876625833,37,21,48
"2014-09-29",1,1.87097106239082,1.09707777857616,19.8779,8.81753,35.0699591,0.448524597568611,NA,2.65675690671466,5.34233425196481,1.79175946922805,0.262364264467491,1.38629436111989,NA,NA,NA,2.19722457733622,0.53062825106217,84,13,7.07692307692308,0.0237231089974947,1.99274115578956,0.308400416967431,2.68557734525015,0.559615787935423,NA,NA,NA,-1.61553208433545,-3.21067739165877,5.01933612949118,-3.7063418863052,0.0221628338211657,0.0235955790054464,18.13625,18.69,17.75,4.53016626773296,3.21124645348761,2.99126433753057,2.95828962977803,-4.2675557447881,1.21645564606066,0.857312671693287,0.872580258253491,72.5850187741667,70.05174937,486.3340149,130.337834239125,38,22,49
"2014-10-04",1,1.63428661040349,1.87097106239082,20.2138,8.97227,35.20729816,0.694346461135428,-0.69372737,2.68614536571416,5.36753243541399,1.79175946922805,0.262364264467491,1.6094379124341,NA,NA,NA,2.15948424939183,0.803495237579557,57.33333333,10.33333333,6.29032258238398,0.0229127835266602,1.31366625545214,0.236765429699113,2.68138706969983,0.336472236621213,NA,NA,NA,-1.68921367313431,-2.972565053991,5.05603706482421,-3.66704510877946,0.0202996512356173,0.0231146773464087,16.0615053763441,18.75,13.88,4.52434374905399,2.93119342708303,2.63320741661053,2.6858050914731,-9.94430954705638,2.12541910765301,1.97211760945651,2.03789242062756,58.3237380508333,53.17675094,715.526001,196.920751892083,39,23,50
"2014-10-10",1,2.22009439142697,1.63428661040349,18.91265,8.686445,35.16082778,0.838502148419316,NA,2.71469474382088,5.39211124598614,1.79175946922805,0.262364264467491,1.79175946922805,NA,NA,NA,2.12026353616009,1.01764322625492,30.66666667,7.666666667,4.95652173930624,0.0247277746955109,0.758318424078094,0.18957960600716,2.67741650216526,0.154150679827261,NA,NA,NA,-1.65895901794218,-2.68218495924953,4.97800283438125,-3.62875159496287,0.0231146773464087,0.0245672288112431,16.2240625,16.5,15.88,4.46779087928586,3.23671598268216,2.99128522045059,3.00221193711793,-1.63377158432639,1.58511374518941,0.958797595612768,0.913646683857916,67.58926997,66.784057475,465.4289856,131.160998980833,40,24,51
"2014-10-15",1,2.58705701843293,2.22009439142697,17.6115,8.40062,35.11435741,0.964471186398908,NA,2.79116510781272,5.41610040220442,1.79175946922805,0.262364264467491,1.94591014905531,NA,NA,NA,2.07944154167984,1.19392246847243,4,5,2.2,0.0540536618122633,0.216214647249053,0.270268309061316,2.6249352943917,0,NA,NA,NA,-0.94836042961104,-1.7238555201113,4.2132052839848,-2.60181256845636,0.041195173649817,0.0520849055434737,16.5773958333333,17.69,16,4.60517018598809,3.10099393767617,2.93944871656222,2.91262196884123,-0.50784608367408,1.99449664228114,1.42958521657338,1.42347974875367,86.588239365,86.82495616,562.3150024,137.9584585825,41,25,52
"2014-10-23",1,2.20534705606679,2.58705701843293,14.2266,8.802,38.35227126,1.43936108205658,NA,2.91777073208428,5.32787616878958,1.38629436111989,0.832909122935104,1.79175946922805,NA,NA,NA,1.38629436111989,0.53062825106217,0,7,0.428571428571429,0.0269925834834281,0,0.188948084383997,2.4101054367053,0,NA,NA,NA,-2.40819285643415,-3.08156488544765,4.9062276304394,-3.33756151204962,0.0193887113723248,0.0270527854571274,12.18375,13.13,11.56,4.50095153126997,2.94864124201578,2.48125474974902,2.42036758598362,-9.94430954705638,2.06133073511755,1.82496127456707,1.80891425413057,67.1420892904167,68.964087285,640.2999878,180.820038792917,42,26,53
"2014-10-30",1,2.37486854457906,2.20534705606679,12.29015,9.494975,37.90356404,1.1999647829284,NA,2.87732404269131,5.37063802812766,1.38629436111989,0.262364264467491,1.50407739677627,NA,NA,NA,1.79175946922805,0.916290731874155,0.5,7.5,0.733333333333333,0.00586089470378328,0.00293044735189164,0.0439567102783746,2.49331398543636,0.105360515657825,NA,NA,NA,-3.26218858755589,-4.22316227534694,6.42380553245672,-4.97472925822008,0.00479334413033993,0.00597167368493185,11.4784375,12.38,10.44,4.3998554060063,2.73437068019378,2.27302865664741,2.21102057497183,-6.19716118481847,1.34473942671064,1.07916291516796,1.17929338222232,61.7884129095833,60.779322925,621.25,170.475711342083,43,27,54
"2015-05-05",1,-0.241307521941881,2.37486854457906,18.0908,9.26843,30.9376549,1.79112593525445,NA,NA,4.90527477843843,NA,NA,NA,NA,3.11794990627824,5.0998664278242,2.70805020110221,0.693147180559945,28,8,5.25,0.0793713170318312,2.22239687689127,0.63497053625465,NA,NA,1.98191652154596,2.56624820537944,0.58433168383349,0.113505846796587,-1.84047104188481,3.81210896565584,-2.473956408179,0.0713300175093225,0.0791411245074759,17.6367708333333,19.25,16.31,4.28597773630918,3.28728235921312,3.05362820751304,3.05329298072701,-9.94430954705638,1.38074174157108,1.00644286892452,0.999288092719362,60.4509768954167,60.606015995,906.7919922,309.247709573667,17,1,55
"2015-05-07",1,0.976143291021012,-0.241307521941881,18.3285,9.47735,31.18264593,1.90721386979111,NA,NA,NA,NA,NA,NA,NA,3.09331260189286,5.1149953094205,2.69124308278583,0.641853886172395,37.25,7.75,6.58064516129032,0.0724430588985965,2.69850394397272,0.561433706464123,NA,NA,2.02168270752764,2.49004088921303,0.468358181685382,0.00507913916231582,-1.98310053403508,3.90299524191237,-2.58286652412312,0.067869943172817,0.0727300251484147,19.0932291666667,20.19,18.13,4.4139769885882,3.28616111954201,3.07857914438443,3.05823759351318,-9.94430954705638,1.24789441257241,0.84681314857627,1.0533866580189,70.67153089375,72.5151827,895.7269897,290.262040969167,18,2,56
"2015-05-18",1,0.072506690786748,1.15246896145882,23.1876,8.51929,32.64750029,1.37457596816569,-0.877117754,NA,NA,NA,NA,NA,NA,3.01553490085017,5.15905529921453,2.63905732961526,0.470003629245736,65,7,11.1428571428571,0.0505759818408548,3.28743881965556,0.354031872885984,NA,NA,2.14352039836436,2.1747768166589,0.031256418294547,-0.4057334982249,-2.51427485330989,4.28671073928964,-2.29276227121842,0.044730201578801,0.0465337621546413,20.8859375,22.06,20.25,4.4406866891675,3.34709338023402,3.17122515860936,3.15785169403366,-1.92673833636711,1.40593473530277,1.08845054789999,1.18090438057898,74.837934265,77.31391051,828.8040161,246.210750421667,19,3,57
"2015-05-18",1,0.072506690786748,0.976143291021012,23.1876,8.51929,32.64750029,1.37457596816569,-0.877117754,NA,NA,NA,NA,NA,NA,3.01553490085017,5.15905529921453,2.63905732961526,0.470003629245736,65,7,11.1428571428571,0.0505759818408548,3.28743881965556,0.354031872885984,NA,NA,2.14352039836436,2.1747768166589,0.031256418294547,-0.4057334982249,-2.51427485330989,4.28671073928964,-2.29276227121842,0.044730201578801,0.0465337621546413,20.8859375,22.06,20.25,4.4406866891675,3.34709338023402,3.17122515860936,3.15785169403366,-1.92673833636711,1.40593473530277,1.08845054789999,1.18090438057898,74.837934265,77.31391051,828.8040161,246.210750421667,19,3,57
"2015-05-25",1,0.36200073669408,0.072506690786748,20.1069,9.6345,32.77501636,0.725130226412996,-0.839805523,NA,NA,NA,NA,NA,NA,3.01553490085017,5.14166355650266,1.94591014905531,0.336472236621213,43,6,8.16666666666667,0.0387801435365657,1.66754617207232,0.232680861219394,NA,NA,2.12612865565249,1.89181662863209,-0.234312027020399,-1.42013717844022,-2.91337469124936,4.52834939051564,-3.18943417391052,0.0360779664545534,0.0388929629640163,19.1726041666667,20.31,18,4.43977064102801,3.31853975008099,3.05862896094017,3.05517973219741,-9.94430954705638,1.74354375195741,1.43244032572687,1.37970038003296,71.1811661108333,75.79416728,925.5419922,328.627624753333,20,4,58
"2015-05-28",1,-0.545934800879559,0.36200073669408,23.6969,8.50384,27.46671688,0.215998083153339,-1.234068106,NA,NA,NA,NA,NA,NA,2.87919845729804,5.15617759938691,2.39789527279837,0.405465108108164,59.5,7,9.92857142857143,0.035355644655063,2.10366085697625,0.247489512585441,NA,NA,2.27697914208888,1.81388037906827,-0.463098763020602,-1.01457510218724,-2.93683211221048,4.62070587845831,-3.27654432188776,0.0333343660077466,0.0355234757597263,21.1655208333333,22.06,20.25,4.39382438930028,3.35305666460629,3.17468036230956,3.18345582907747,-3.85073982403909,1.15257088330188,0.609697728694615,0.590115106421389,71.1502867279167,75.245295785,914.7319946,295.8560408725,21,5,59
"2015-06-08",1,0.77481932920397,-0.545934800879559,22.6485,9.17435,33.79240003,0.725130226412996,-0.931404092,NA,NA,NA,NA,NA,NA,2.72129542785223,5.17048399503815,2.70805020110221,0.470003629245736,76,8,11.25,0.0604514128532949,4.59430737685041,0.483611302826359,NA,NA,2.44918856718593,2.36456866510663,-0.0846199020792893,-0.156279868337395,-2.33591170068578,4.18574379662634,-1.68805075753851,0.0447302015787999,0.0471402106178069,21.1401219512195,22.38,19.75,4.57161024795582,3.39517935024873,3.1944811621072,3.17722035331077,-1.02109137651124,2.04207723615514,1.69698582569157,1.55601565372519,81.0888792920833,87.20988145,908.2579956,307.14816761375,22,6,60
"2015-06-11",1,-0.646836277696695,0.77481932920397,24.5333,7.42471,27.71979139,0.415877378455474,-0.94519359,NA,NA,NA,NA,NA,NA,2.92316158071916,5.13873529672357,2.60268968544438,0.494696241836107,73,8.5,10.0588235294118,0.0562733752392978,4.10795639246874,0.478323689534031,NA,NA,2.21557371600442,2.26120153231464,0.0456278163102233,-0.339091597465817,-2.38283752257283,4.1570717301363,-2.80572773797434,0.0508333647798162,0.0571913333907661,22.9148958333333,24.06,21.81,4.4126438404437,3.43527677392326,3.24449500799444,3.238875061659,-3.90453109004305,1.42542548203875,1.09141425477025,1.05730326254638,71.00407357625,75.35103021,906.2670288,317.29742018375,23,7,61
"2015-06-19",1,0.421010319443627,-0.646836277696695,26.8839,7.25724,27.9282645,0.797281945291953,-0.876689951,NA,NA,NA,NA,NA,NA,3.10906095886099,5.1494305856469,2.23359222147138,0.56531380905006,68,8.333333333,9.1600000003264,0.0519985358736661,3.5359004394093,0.433321132263218,NA,NA,2.0403696267859,2.19289086857414,0.152521241788237,-0.815719117127516,-2.3912259080227,4.23625035190544,-2.86135290622326,0.0477492709302511,0.0527144706847627,24.0015625,24.81,23.25,4.44641071556586,3.39215680115396,3.25208494017903,3.25597895984225,-3.33711896635704,1.4522825429446,1.09135656664584,1.27652236221843,71.8782432475,72.087811815,649.71698,240.466417309583,24,8,62
"2015-06-25",1,0.944256032155857,0.421010319443627,27.7069,7.32066,28.68532819,6.24466114743571,-0.85796645,NA,NA,NA,NA,NA,NA,2.90142159408275,5.18552187258926,1.89711998493588,0.631271776841858,71.66666667,10,7.7333333337,0.0292065250770401,2.09313429728523,0.292065250770401,NA,NA,2.28410027850651,1.65215873946002,-0.631941539046495,-1.74580966584994,-2.90209135628739,4.81220507312782,-3.46758823474303,0.0270527854571265,0.0290979331161037,23.83375,25.19,22.56,4.26042455783248,3.46760888080583,3.26593434738905,3.25173018535053,-9.35652288215426,1.4094140001626,0.858482472836428,1.05064185045653,62.0599579304167,63.16005044,903.9569702,317.634623688333,25,9,63
"2015-07-06",1,1.02997649627797,0.944256032155857,23.8343,10.14091,36.23707169,1.71994118143758,-1.238009621,NA,NA,NA,NA,NA,NA,3.22286784613774,5.29831736654804,1.94591014905531,0.693147180559945,46,11,4.72727272727273,0.0450028877222503,2.07013283522351,0.495031764944753,NA,NA,2.0754495204103,2.19728874688287,0.121839226472572,-1.27648139753522,-2.40788143910522,4.38722024542874,-2.79484602145898,0.0388929629640152,0.0447302015787999,21.9238541666667,22.63,21.5,4.55967778143717,3.18965266470855,3.08166172702053,3.08030356760699,-0.385653063209272,1.23787411064159,0.803531539159458,1.03275417903426,89.9989833916667,91.47123522,509.6239929,163.561124643333,26,10,64
"2015-07-13",1,1.23191865597633,1.02997649627797,24.9101,11.17495,37.85281569,2.74677078921381,NA,NA,NA,NA,NA,NA,NA,3.24649099190117,5.40717177146012,2.07944154167984,1.16315080980568,31,12,3.16666666666667,0.0733470650836086,2.27375901759186,0.880164781003303,NA,NA,2.16068077955894,2.79461898377304,0.633938204214099,-0.64926531749223,-1.4494019778814,3.9166359413943,-2.1806843088104,0.0459299368382844,0.0730817241384313,22.8191666666667,24.63,21.19,4.52714048879043,3.41772748394091,3.24368257164421,3.221073481451,-0.227079289932645,1.22289231090343,0.858298981541078,0.865252075800359,79.63446424125,80.67996939,688.8610229,235.817502335,27,11,65
"2015-07-20",1,1.34145388664674,1.23191865597633,26.2839,9.62625,35.29115208,1.0489667587777,-1.133891576,NA,NA,NA,NA,NA,NA,2.94968833505258,5.25749537202778,1.79175946922805,0.53062825106217,68,8,9.125,0.0384393815491728,2.61387794534375,0.307515052393383,NA,NA,2.3078070369752,1.99882258828711,-0.308984448688082,-1.603471209931,-2.7280445326785,4.53856944401023,-3.17539524054051,0.034423119894442,0.0388929629640163,25.028125,25.75,24.38,4.45831751634961,3.49802193573787,3.31503445870934,3.31345920025053,-9.94430954705638,1.47467924930684,1.25959700670471,1.25532013544098,69.6285476804167,71.49679114,874.4390259,304.909207974583,28,12,66
"2015-07-27",1,0.747019646024435,1.34145388664674,27.2539,8.18468,35.59661872,0.460205786765625,NA,NA,NA,NA,NA,NA,NA,3.03013370027132,5.72031177660741,1.79175946922805,0.470003629245736,105,10,11,0.0206104876115763,2.16410119921551,0.206104876115763,NA,NA,2.69017807633609,1.8383565512277,-0.851821525108389,-2.18878832031167,-3.41195159613398,5.16072723366019,-3.8093385452625,0.019388711372324,0.0202996512356182,23.6628125,24.38,22.81,4.45825359486444,3.45820775161822,3.28905470883533,3.28746873043278,-4.44223534299433,1.20077156100988,0.936848398157951,0.881191970242338,73.2690817783333,75.12690309,779.4639893,233.7368740175,29,13,67
"2015-08-03",1,1.00268858736462,0.747019646024435,26.0258,8.16165,36.0151344,0.907048150507222,-0.963636392,NA,NA,NA,NA,NA,NA,3.10794426416092,5.3890717298165,2.07944154167984,0.405465108108164,109,11,10.5454545454545,0.0163686299524753,1.78418066481981,0.180054929477229,NA,NA,2.28112746565558,1.27668314613559,-1.00444431951999,-2.09086324435782,-3.70692347557274,5.39498428762816,-3.9904267773816,0.0142263351074863,0.016741091490136,21.6954444444444,23.44,20.38,4.22736034819436,3.458836930775,3.21995862261441,3.21003658059966,-9.94430954705638,1.42962683343207,0.862049842329973,1.05610671852803,57.6077326595833,57.98858739,954.973999,328.630580579167,30,14,68
"2015-08-08",1,1.90168952860025,1.00268858736462,25.6128,8.12084,36.18031424,1.11848027330558,NA,NA,NA,NA,NA,NA,NA,3.14469092667882,5.37789842937229,1.87180217690159,0.405465108108164,107.25,10.75,10.4883720930233,0.0129245922176786,1.38616251534603,0.138939366340045,NA,NA,2.23320750269347,1.02927502039747,-1.203932482296,-2.52466349681391,-3.94315830086666,5.62916372474399,-4.2242755085159,0.0114703647093252,0.01302105268443,21.2711458333333,22.13,20.56,4.60517018598809,3.35515301698265,3.12707149696373,3.10211814220772,-3.90739373704448,1.38870106443471,1.03139999360296,0.998431161420643,81.5903016191667,82.54257773,888.5739746,265.925830723333,31,15,69
"2015-08-15",1,1.98353618479276,1.90168952860025,25.2139,8.53985,36.44012894,1.18972173865751,NA,NA,NA,NA,NA,NA,NA,3.18013499655177,5.36659887380878,1.6094379124341,0.405465108108164,105.5,10.5,10.4285714285714,0.0191952170274786,2.025095396399,0.201549778788526,NA,NA,2.18646387725701,1.41350472967439,-0.772959147582621,-2.45595927975442,-3.54762903602622,5.2333361389608,-3.83081457539705,0.0176092023684709,0.0189384961013892,22.1501041666667,23.44,20.88,4.34750446351411,3.41180760101164,3.2263149336899,3.21647279329919,-3.92522978225071,1.13640301385013,0.614368434819314,0.673547017951407,66.7172591208333,70.220792235,870.1220093,295.790915806375,32,16,70
"2015-08-22",1,2.05918781265257,1.98353618479276,24.815,8.95886,36.69994364,1.25622364002944,NA,NA,NA,NA,NA,NA,NA,3.21436566939031,5.35517017814082,1.25276296849537,0.405465108108164,103.75,10.25,10.3658536585366,0.0129347070727672,1.3419758587996,0.132580747495864,NA,NA,2.1408045087505,1.00732906844572,-1.13347544030479,-3.18600291641825,-3.94237600158694,5.62741356359068,-4.25266044696013,0.0114703647093252,0.01302105268443,20.7739583333333,21.81,19.88,4.33305596616452,3.34215674024863,3.1369243786826,3.14350580725464,-9.94430954705638,1.17443366427409,0.758469890313112,0.775694761724504,63.0193496816667,64.16246319,838.8640137,269.799626506667,33,17,71
"2015-08-31",1,2.12951659431214,2.05918781265257,24.4161,9.37787,36.95975834,1.31857746094948,-0.595076502,NA,NA,NA,NA,NA,NA,3.24746328172011,5.34360935589903,0.693147180559945,0.405465108108164,102,10,10.3,0.00963021298010886,0.982281723971104,0.0963021298010886,NA,NA,2.09614607417892,0.700759418796886,-1.39538665538203,-3.98297066232938,-4.23738482899398,5.92499839207561,-4.50143736081057,0.00823105450091129,0.00962654343645429,20.2428125,21.38,19.25,4.32838674128049,3.34603727129498,3.2001179836709,3.18490540626952,-6.59090282923058,0.746328401342418,0.300056137850507,0.233969595648079,64.5248809820833,67.252484365,574.539978,174.256792425333,34,18,72
"2015-09-04",1,0.168476149971902,2.12951659431214,26.594,6.79477,31.02198428,0.434182132205659,-0.857889398,NA,NA,NA,NA,NA,NA,3.27950044668464,5.33191331581539,1.09861228866811,0.405465108108164,101.3333333,11.66666667,8.8571428517551,0.0138614433157938,1.40462625553839,0.161716838730466,NA,NA,2.05241286913076,1.05326916051196,-0.999143708618794,-3.30435510434827,-3.87317904719527,5.94123233742108,-2.18068430881039,0.00659242470965407,0.0082310545009119,20.7429166666667,22.38,19.06,4.46444752814358,3.44648964291499,3.24293437397874,3.22047403425094,-0.817502949128383,1.29464836421552,1.16291373016806,1.20257626026207,69.3061670833333,75.70611686,748.8129883,210.618123434417,35,19,73
"2015-09-14",1,1.80922276110436,0.168476149971902,22.7473,6.60744,37.84382185,1.51973199934961,-0.560677915,NA,NA,NA,NA,NA,NA,2.59525470695687,5.19960139360888,1.6094379124341,0.405465108108164,100,15,6.93333333333333,0.00730477828984668,0.730477828984668,0.1095716743477,NA,NA,2.60434668665201,0.280374808902932,-2.32397187774908,-3.26441954401361,-4.51376147659779,6.21100668640005,-4.71949313344034,0.00597167368493185,0.00723330828613375,15.3682291666667,17.13,13.69,4.34877988516329,3.18965266470855,2.80126242561531,2.84229013885767,-9.94430954705638,1.38347704370553,1.04442176157145,1.10662446214408,52.83914042,47.13625589,818.3740234,258.4996687475,36,20,74
"2015-09-21",1,1.92414645727138,1.80922276110436,21.7603,7.31811,37.79878225,1.43838858467802,-0.822866031,NA,NA,NA,NA,NA,NA,4.30541553230204,6.13361493921266,2.30258509299405,NA,62,15,4.73333333333333,0.0170496585076351,1.05707882747337,0.255744877614526,NA,NA,1.82819940691062,2.06198983488176,0.233790427971142,-1.81740393629059,NA,6.02507913491055,-3.14770551284412,0.00295183099968175,0.0176092023684709,16.820625,18.06,15.88,4.60249997935735,2.99523440813957,2.84853679862917,2.84024762012945,-0.163746985603033,1.63029674606167,1.43779012036578,1.46475250869475,94.6017902008333,94.570793505,380.7980042,110.571249325833,37,21,75
"2015-09-28",1,2.09527798070614,1.92414645727138,19.803,7.06046,37.8559298,1.31563045136872,-0.716756427,2.86789890204411,NA,NA,NA,NA,NA,2.34180580614733,5.00058495824275,1.09861228866811,NA,10,4,3,0.0666404865134865,0.666404865134865,0.266561946053946,NA,NA,2.65877915209543,2.2921419777151,-0.366637174380325,-1.94995149310763,NA,3.98634322559563,-2.66013027176439,0.0631232161942424,0.0665020510423933,18.6292708333333,18.94,18.25,4.60517018598809,3.20030453871226,3.02081119385533,2.98845611061693,-2.06327847071743,1.68668866771015,1.50197388675506,1.55447626026307,92.86164434875,96.579958065,519.190979,124.582457113625,38,22,76
"2015-10-02",1,1.30413483122492,2.09527798070614,18.8855,7.7912,29.89287013,1.44246200653308,NA,2.64617479738412,NA,NA,NA,NA,NA,2.51365606307399,5.10138965736472,1.09861228866811,NA,9.5,4.5,2.55555555555556,0.0867986522809385,0.824587196668916,0.390593935264223,NA,NA,2.58773359429073,2.65722547321104,0.0694918789203141,-1.70047207236572,NA,3.72759870582408,-2.29276227121842,0.0748469712069483,0.0864731693262228,16.8729166666667,17.69,15.94,4.59472063156857,2.52011182507151,2.40810888730994,2.42833678286739,-0.431098051896372,2.18941891649777,2.07283310559084,2.07955542444495,97.50973314125,97.580778435,252.529007,59.4131250425,39,23,77
"2015-10-12",1,0.399782324972666,1.30413483122492,15.7932,6.730095,37.54318332,1.48063816504251,NA,NA,NA,NA,NA,NA,NA,2.48906465993666,5.11198778835654,1.16315080980568,NA,8.6,5.214285714,2.07123287682582,0.0758408041214781,0.652230915444712,0.395455621468896,NA,NA,2.62292312841988,2.53286897013256,-0.0900541582873258,-1.73812523330013,NA,3.85686047139218,-2.5456775724695,0.0734334231284466,0.0759132908363289,16.8934375,17.69,16.19,4.47810407835144,3.11307141737163,2.78465159133199,2.74373951440157,-9.94430954705638,1.37403592076266,1.04243118238693,1.04270936254999,76.0265186529167,79.366654165,686.0349731,200.820750231667,40,24,78
"2015-10-19",1,-0.394080163241601,0.399782324972666,14.7874,6.62646,38.38185496,1.37901795214911,-0.991926672,2.75366071235426,NA,NA,NA,NA,NA,2.28238238567653,5.02388052084628,1.22377543162212,NA,8.2,5.428571429,1.95263157879321,0.0777279827708578,0.637369458721034,0.421951906503683,NA,NA,2.74149813516975,2.46934057302447,-0.272157562145279,-1.63195370792934,NA,3.83305834943805,-2.49156777320798,0.0741390742050073,0.077342472236194,13.2733333333333,14.19,12.5,4.24057459408701,2.56495123515208,1.77537713598139,1.73871496789863,-9.94430954705638,1.29625231000063,0.928115496182414,0.947842180098715,60.9360848579167,63.792172575,671.1380005,192.169166563333,41,25,79
"2015-10-23",1,0.195649017004817,-0.394080163241601,15.5354,9.1218,30.57399145,1.14857636670556,-1.055956773,3.06805293513362,NA,NA,NA,NA,NA,2.37335416357169,5.04771696921492,1.28093384546206,NA,7.8,5.642857143,1.84303797463689,0.0528813282967034,0.412474360714287,0.298401781110381,NA,NA,2.67436280564323,2.10801200453606,-0.566350801107161,-1.9207881896231,NA,4.22135528272042,-2.85006162614785,0.0465337621546413,0.0533465521606578,15.36375,16.31,14.56,4.49342609280759,3.19212068616242,2.89300728937628,2.8225687270775,-9.94430954705638,1.37509488369039,1.19491054363758,1.30531447212702,69.6479083758333,72.71363252,629.1030273,176.994416869167,42,26,80
"2015-10-30",1,0.588702911686472,0.195649017004817,11.84995,9.651025,32.27847377,1.44902265102713,NA,NA,NA,NA,NA,NA,NA,2.45673577310702,5.07099844361414,1.33500106673234,NA,7.4,5.857142857,1.74146341467662,0.0767961709509018,0.568291665036673,0.449806144130025,NA,NA,2.61426267050713,2.50439794613257,-0.109864724374547,-1.49597852735384,NA,3.84579686902311,-2.45654941935994,0.0699391100599022,0.0762694746415,12.8684375,13.5,12.31,4.38801657796558,2.61958357520589,2.27027749772996,2.18773552512325,-9.94430954705638,1.71759000944042,1.34884646928569,1.44005406865214,66.8079466091667,67.367505285,618.0219727,169.684498632917,43,27,81
"2016-05-12",1,0.525674826616196,0.588702911686472,18.7971,9.23511,32.13599108,0.672944473242426,-1.475012526,NA,NA,NA,NA,NA,NA,2.68444033546308,5.11948969900834,1.51634748946565,NA,11.55555556,6.285714286,2.40404040470891,0.085739735865699,0.99077028149581,0.538935482608891,NA,NA,2.43504936354526,2.66305080054864,0.228001437003373,-1.15883248567589,NA,3.73522299775309,-2.34807637824481,0.0798645477784424,0.0857302603565371,18.4710416666667,19.5,17.81,4.5936308838915,3.25540008161754,3.04412600609923,3.04499868929764,-1.15030311048027,1.33271397807465,0.929423207399574,0.980159936569442,87.79687669875,89.6533614,876.9329834,268.179542545417,18,2,83
"2016-05-16",1,-0.253473901122044,0.525674826616196,17.2801,7.56796,32.31900523,0.478405732509879,-1.444077541,NA,NA,NA,NA,NA,NA,2.81540871942271,5.14458326660599,1.63141681913114,NA,16.11111111,6.5,3.11111111092308,0.077838367694619,1.25406259054904,0.505949390015023,NA,NA,2.32917454718328,2.59146245527427,0.262287908090986,-1.11169090729202,NA,3.83265812519377,-2.46522766363951,0.0706334225427261,0.0777008774046282,15.396875,16.13,14.63,4.33509631366096,2.80759390506551,2.45398281086436,2.53884609078946,-9.94430954705638,1.50726716892852,1.0412709663073,1.03847146374058,64.5157057383333,65.16438261,933.6099854,286.80391288,19,3,84
"2016-05-26",1,-0.0203047533403643,-0.253473901122044,18.5767,10.02061,31.96595631,0.438190412720868,-1.11796292,NA,NA,NA,NA,NA,NA,3.15700042115011,5.24350912987699,1.91364928686988,NA,29.77777778,7.142857143,4.97777777802045,0.079717851962685,2.37382048084377,0.569413228316281,NA,NA,2.08650870872687,2.71424740110328,0.627738692376411,-0.75589097487983,NA,3.80772973999234,-2.43081192789552,0.0748469712069483,0.0798645477784424,19.6797916666667,20.56,18.81,4.37153295194557,3.31382394531877,3.1508293241811,3.13571153057548,-3.392372436293,1.26677300486559,0.675042434481078,0.537401242192461,68.51268425375,67.34796318,755.9349976,250.920168802917,20,4,85
"2016-05-30",1,0.859847356450943,-0.0203047533403643,20.0494,10.27419,32.0119154,0.668444567919574,-1.120517688,2.76631910922619,NA,NA,NA,NA,NA,3.47815842279828,5.40267738187228,2.19722457733622,0.470003629245736,48,8,7,0.0777985144013953,3.73432869126697,0.622388115211162,NA,NA,1.924518959074,2.84904443879443,0.924525479720433,-0.459834525950885,-2.08362931383212,3.83343538642701,-2.3561475745675,0.0713300175093212,0.0769840670677599,20.866875,22.19,19.63,4.56306925981662,3.2846637938706,3.12129998427339,3.119717956736,-3.71264769406836,1.25847712555937,0.651582971560756,0.617353474662844,85.3132454054167,87.08391729,870.1550293,254.161919279167,21,5,86
"2016-06-08",1,0.963632228183205,0.859847356450943,23.567,8.16947,32.41170201,0.712998826262546,-1.122399582,NA,NA,NA,NA,NA,NA,3.15912582046243,5.24965219456676,1.79175946922805,0.354171813720614,53,10.75,5.3953488372093,0.0475332042434239,2.51925982490147,0.510981945616807,NA,NA,2.09052637410433,2.20332541911652,0.112799045012189,-1.39971999814281,-2.69215496172962,4.32631639097715,-2.93094593011457,0.041195173649817,0.0477492709302511,19.9370833333333,20.75,19.13,4.39709979109894,3.03783391793302,2.82578434711907,2.81271003183768,-9.94430954705638,2.29096405524402,1.79972438057717,1.64771872555816,65.8497224979167,66.2846057,950.75,335.96453762,22,6,87
"2016-06-13",1,0.467312511434244,0.963632228183205,23.3888,6.52242,33.61316794,0.39662615944096,-1.25691578,3.02529107579554,NA,NA,NA,NA,NA,2.96527306606928,5.17048399503815,1.79175946922805,0.371563556432483,50,11.5,4.78260869565217,0.0376381013561509,1.88190506780754,0.432838165595735,NA,NA,2.20521092896887,1.89074558731579,-0.314465341653079,-1.6235849780294,-2.90817485128988,4.55988269523746,-3.16148648418116,0.0322573390763716,0.0377585128825374,20.6175824175824,21.81,19.25,4.28659290324987,3.25886598922566,3.02715039994272,3.00494008697763,-9.94430954705638,1.4728769641366,1.18414434125602,1.15185383073806,61.18467360125,62.532500715,944.5349731,337.2503329875,23,7,88
"2016-06-20",1,0.499016165806493,0.467312511434244,24.245,9.23437,33.62636601,0.665827369904982,-1.105319328,NA,NA,NA,NA,NA,NA,3.44998754583159,5.53733426701854,1.79175946922805,0.380147300123874,48.5,11.875,4.50526315789474,0.0471249191788537,2.2855585801744,0.559608415248887,NA,NA,2.08734672118695,2.48238091876551,0.395034197578566,-1.40803050520689,-2.67480604812915,4.33478160865464,-2.94286527507802,0.041195173649817,0.0471402106178069,22.0353513513514,23.56,20.5,4.38130201457514,3.37929254627411,3.12999014490601,3.14845322945577,-9.94430954705638,1.37856620469723,1.12997265941057,1.11410269131421,65.67852608375,62.50928334,916.4949951,327.631748047917,24,8,89
"2016-06-27",1,1.37944596429105,0.499016165806493,23.7451,6.01448,32.80119336,0.331962081143327,NA,NA,NA,NA,NA,NA,NA,3.29583686600433,5.25227342804663,1.79175946922805,0.405465108108164,44,13,3.76923076923077,0.0588118722118933,2.5877223773233,0.764554338754613,NA,NA,1.9564365620423,2.41886189195385,0.462425329911555,-1.19382658157349,-2.42794642798461,4.11235487167508,-2.75209179508574,0.0533465521606578,0.0591469119580127,22.7982080924855,23.88,21.81,4.50265370755299,3.37485323931364,3.19253211059975,3.21887680126772,-1.71634629208222,1.25512474045788,1.009252488563,1.01770171659252,81.3440541545833,86.08684832,797.6719971,257.241456826667,25,9,90
"2016-07-07",1,1.30372763746293,1.37944596429105,24.7528,6.93425,33.94276143,0.357674444271816,-0.841681326,NA,NA,NA,NA,NA,NA,2.92046978905344,5.08450514266271,2.30258509299405,0.384738977433979,52.92307692,12.07692308,5.12738853347073,0.0514782110228858,2.72438532166818,0.6216983948194,NA,NA,2.16403535360927,2.11790849488948,-0.0461268587197889,-0.750132646331862,-2.58185767033925,4.24699836925102,-2.86135290622326,0.0417775886246348,0.051457866834927,23.2465363128492,23.63,22.69,4.49888955571016,3.38235416954002,3.23741961789364,3.23080427518011,-3.14302653575866,1.55777878524315,1.39715793865646,1.38588951305497,77.6948158066667,78.867090495,670.9829712,244.989416911667,26,10,91
"2016-07-14",1,0.662069224989084,1.30372763746293,25.4231,8.29214,33.60651966,0.129623767793506,-0.843339312,NA,NA,NA,NA,NA,NA,3.03974915897077,5.74460446917646,2.484906649788,0.37421256470988,57.38461538,11.61538462,5.88741721580632,0.049123883010353,2.81895513252123,0.570592795193134,NA,NA,2.70485531020569,2.7311945224225,0.0263392122168123,-0.598996376000748,-2.63919738204407,4.29612567036113,-2.86135290622326,0.040038552312828,0.0495920121405451,24.026797752809,24.94,23.25,4.44930289532717,3.45568514301937,3.2879044107485,3.28128802542508,-4.01951907754207,1.49955581247031,1.28274493849348,1.26004624393582,75.4435785670833,79.423984425,853.973999,299.051458040833,27,11,92
"2016-07-21",1,0.0498372348471716,0.662069224989084,26.8642,6.98554,34.37273291,0.339894943898715,-0.847677786,NA,NA,NA,NA,NA,NA,3.26065735901103,5.99645208861902,2.63905732961526,0.363574166078149,61.84615385,11.15384615,6.71034483024495,0.0294718849435903,1.82272273047079,0.328724870411308,NA,NA,2.73579472960799,2.47213356577946,-0.263661163828523,-0.936150374915683,-3.16074435676141,4.80515383753829,-3.40116640190963,0.0255518614760858,0.0296169352202114,24.1844943820225,25.38,22.94,4.36914393071786,3.43172615249061,3.23003012969665,3.22266903673502,-9.94430954705638,1.20492091802406,0.592812064250991,0.573938572820863,69.9887801241667,70.679072315,910.5020142,323.508124197917,28,12,93
"2016-07-28",1,0.904703862622235,0.0498372348471716,26.836,6.26562,36.4932986,0.778498847659449,-0.814012565,NA,NA,NA,NA,NA,NA,3.27083556367233,5.4234805096491,2.89037175789616,0.341951702604418,70.76923077,10.23076923,8.57894736914127,0.0338073763473779,2.39252201845583,0.345875465681784,NA,NA,2.15264494597677,2.03640424447564,-0.116240701501133,-0.538324615802912,-3.04512456256904,4.75250185474152,-2.08989412859379,0.0240797702267548,0.0296169352202114,25.3590607734807,26.63,23.31,4.46538082943217,3.46729756433385,3.31433771175533,3.31727272185564,-0.482883674853174,1.48055486452483,1.05755774501839,1.04873016390165,75.90800381875,78.935496185,860.4260254,278.48316788125,29,13,94
"2016-08-01",1,0.194661768878559,0.904703862622235,28.542,6.0004,36.2959801,0.140718006938879,-0.881871503,NA,NA,NA,NA,NA,NA,3.23474917402449,5.38449506278909,2.94443897916644,0.336472236621213,73,10,9.1,0.0391017090079595,2.85442475758104,0.391017090079595,NA,NA,2.1497458887646,2.14290595848654,-0.00683993027805678,-0.338511246990111,-2.90511686768134,4.52302735019118,-3.06757716200681,0.0333343660077476,0.0394643720079474,25.2309289617486,26.31,24.5,4.47018145733652,3.43752962495643,3.27312760585365,3.26956882302402,-3.27913551328093,1.1119928046214,0.782634526698964,0.735504430452338,73.65013482625,73.46029384,919.6710205,315.970999479167,30,14,95
"2016-08-11",1,0.583164889823715,0.194661768878559,26.0168,6.10832,36.28986685,-0.387428745622066,-0.761519808,NA,NA,NA,NA,NA,NA,3.23474917402449,5.41387570718231,2.75153531325471,0.427444014609548,91.66666667,12,8.86111111166667,0.0403609650560129,3.69975513026905,0.484331580672155,NA,NA,2.17912653315782,2.20398353459924,0.024857001441423,-0.509225536328847,-2.78244815797352,4.48907286012905,-3.12051768157126,0.0360779664545534,0.0406154905672518,24.1633333333333,25.19,23.31,4.50770386909992,3.46103738201817,3.29856485108075,3.28335193574579,-9.94430954705638,1.36025279923764,1.16745401579259,1.15116065590546,79.2185132633333,82.670465335,869.289978,300.168332454583,31,15,96
"2016-08-18",1,1.01218256066972,0.583164889823715,26.8328,6.75812,36.18598214,0.520340216134576,-0.975088619,NA,NA,NA,NA,NA,NA,3.06339092202781,5.29798397748008,2.484906649788,0.454255272277596,96.25,12.5,8.58,0.0278299824475904,2.67863581058058,0.347874780594881,NA,NA,2.23459305545227,1.71634264333451,-0.518250412117756,-1.15477063956899,-3.12738606186796,4.86304311880584,-3.43400969337047,0.0235955790054456,0.0280691499357305,24.1444632768362,24.75,23.75,4.47575849822851,3.41805461868924,3.24361737352948,3.21426535938706,-5.09227928313677,1.21173720619206,1.01430191288532,1.02753821029318,73.7874869508333,73.713167225,862.4400024,262.484581308292,32,16,97
"2016-08-23",1,1.43136332448747,1.01218256066972,25.8082,6.37563,36.62340541,0.662017645363025,-0.9733532,NA,NA,NA,NA,NA,NA,2.91777073208428,5.15252058462928,2.30258509299405,0.438254930931155,91.5,12,8.375,0.0202594106874681,1.85373607790333,0.243112928249617,NA,NA,2.234749852545,1.2533847165554,-0.981365135989607,-1.65373104842636,-3.46088093714273,5.17905431216299,-3.74669591477681,0.0180487129788194,0.0202996512356173,21.7201657458564,23,20.5,4.35092721495169,3.31345864493783,3.12613914957363,3.13397155705489,-9.94430954705638,0.955222913790918,0.558746656826567,0.583401586706939,65.4299341929167,66.578661185,842.197998,277.48596071625,33,17,98
"2016-08-26",1,1.48894119808003,1.43136332448747,28.4339,4.99914,36.60321688,0.380967476507764,-0.920353483,NA,NA,NA,NA,NA,NA,2.74727091425549,4.98223581957456,2.07944154167984,0.421994410059375,86.75,11.5,8.15217391304348,0.0188374681018877,1.63415035783876,0.216630883171709,NA,NA,2.23496490531907,1.01032841121315,-1.22463649410591,-1.95997262684495,-3.54991299830203,5.25303064895169,-3.8093385452625,0.0158877345258808,0.0189384961013892,24.0792777777778,25.31,23.25,4.48067679654579,3.51094839137993,3.34006073723417,3.34321533631912,-9.94430954705638,1.22533444514052,0.624859130650221,0.511187294055406,72.3382236854167,71.22340939,888.4509888,291.586292190833,34,18,99
"2016-09-06",1,1.1105079209145,1.48894119808003,25.3522,6.30572,37.53799218,0.673913391444646,-0.902378623,NA,NA,NA,NA,NA,NA,3.57374914686031,5.72194977861165,1.70474809223843,0.371563556432483,93,11.5,8.47826086956522,0.0116145639113867,1.08015444375896,0.133567484980947,NA,NA,2.14820063175135,1.26645431985102,-0.881746311900326,-2.79253778660511,-4.08393190232815,5.74272193874352,-4.22427550851594,0.00857307141360614,0.0118518727806183,21.3053038674033,22.69,20.19,4.38450237861419,3.43881385325907,3.18328333859221,3.17387794805867,-9.94430954705638,1.41901263299608,1.225182325747,1.2882080465544,68.49278818875,72.83781579,810.8330078,261.327878464,35,19,100
"2016-09-09",1,1.00974464442541,1.1105079209145,25.2095,8.94954,36.99230215,-0.447225042356396,-0.709436179,NA,NA,NA,NA,NA,NA,3.59731226058845,5.8406416573734,1.6094379124341,0.336472236621213,104,12,9,0.00927052967880495,0.964135086595715,0.111246356145659,NA,NA,2.24332939678495,1.15972689536631,-1.08360250141864,-3.07733028458858,-4.34444252538587,5.96761368844529,-4.46798855154382,0.0075611058562179,0.00927087523964406,22.5028488372093,23.81,21.44,4.40143416579259,3.43656487910299,3.25408233595275,3.24141983701526,-9.94430954705638,1.58039023507597,1.32919404641936,1.35707712626881,70.1626762858333,71.8021686,787.0130005,244.186875347083,36,20,101
"2016-09-22",1,1.76016559763688,1.00974464442541,23.2798,7.107995,37.56307307,1.0058937476649,NA,NA,NA,NA,NA,NA,NA,3.48431228837266,5.75890177387728,1.91692261218206,0.908258560176891,51.8,11.4,5.05263157894737,0.0232695189533891,1.20536108178556,0.265272516068636,NA,NA,2.27458948550462,1.99829079960156,-0.276298685903059,-1.938197498648,-2.85235241409883,5.04201336356604,-3.62875159496284,0.0202996512356173,0.0235955790054456,21.4167415730337,22,20.88,4.58072232800037,3.30064008170217,3.08783691728714,3.04333197988578,-9.94430954705638,1.58172596570852,1.33555738869999,1.3221049940876,83.7724148520833,87.681136815,627.2800293,178.261125092083,37,21,102
"2016-09-27",1,1.45072350127558,1.76016559763688,22.4724,6.02319,37.34483665,1.17291547986059,-1.138440873,NA,NA,NA,NA,NA,NA,3.44361809754611,5.73009978297357,2.00148000021012,1.04380405217311,34.4,11.2,3.64285714285714,0.0305796107284162,1.05193860905752,0.342491640158262,NA,NA,2.28648168542747,2.24267797479774,-0.0438037106297316,-1.58616333569924,-2.44361775600272,4.78730810323274,-3.0546289135629,0.0221628338211649,0.0301389868594027,20.7094578313253,21.44,19.88,4.60517018598809,3.26078527474249,3.06471428073748,3.01577960987706,-1.30366056276149,1.23284495330226,0.968348858338072,0.98466560753435,81.64854078,83.01075037,739.7919922,211.7448756325,38,22,103
"2016-09-30",1,1.56928236245701,1.45072350127558,21.6621,5.82399,36.31387798,1.52244108079323,-0.684252945,NA,NA,NA,NA,NA,NA,3.40119738166216,5.70044357339069,2.07944154167984,1.16315080980568,17,11,2.18181818181818,0.137902409464855,2.34434096090254,1.51692650411341,NA,NA,2.29924619172853,3.71923455160669,1.41998835987816,-0.0260187035501214,-0.818058211978318,3.32502393743688,-1.44454183393291,0.091732935868125,0.125380572940542,19.1700540540541,19.5,18.44,4.60517018598809,2.8875904547671,2.71201463594654,2.69158192571106,-0.393853567234671,1.63307047224505,1.43971078834729,1.48488604679871,95.6929551104167,96.027385315,546.2979736,136.128955583917,39,23,104
"2016-10-11",1,0.996764116024032,1.56928236245701,17.1992,6.58525,33.84011548,1.73520675426844,NA,NA,NA,NA,NA,NA,NA,3.27714473299218,5.32739061403374,1.70474809223843,0.936093359170335,10.5,6.5,2.30769230769231,0.0816145345081562,0.85695261233564,0.530494474303015,NA,NA,2.05024588104157,2.82164270013287,0.771396819091303,-0.97746051947365,-1.56965455473054,3.78487632502464,-2.38887379443337,0.0741390742050073,0.0813179604810465,16.0081111111111,16.81,15.31,4.40188016802727,2.9269183496264,2.50943038829948,2.40649549149002,-9.94430954705638,1.27614632968621,0.777940900070561,0.626214862976474,67.8704983633333,68.36775141,688.1430054,201.243541080833,40,24,105
"2016-10-14",1,0.810530136194989,0.996764116024032,16.5207,7.03041,34.39096382,1.38968859418791,NA,NA,NA,NA,NA,NA,NA,3.04927304048202,5.20839265902005,1.79175946922805,0.832909122935104,14,4,4.75,0.0777680628502791,1.08875287990391,0.311072251401116,NA,NA,2.15911961853803,2.65436822373297,0.495248605194942,-0.921704574682051,-1.72111531235198,3.83282821817928,-2.45654941935992,0.0727300251484147,0.0777008774046282,15.7965178571429,16.13,15.5,4.49799338042949,2.90853966141499,2.65836369522605,2.64475504710769,-9.94430954705638,1.3144061066076,1.11615690428987,1.13974374585985,79.39633897875,83.685386315,657.1929932,184.0643323275,41,25,106
"2016-10-27",1,0.71898547806606,0.810530136194989,16.2635,7.279595,34.05550997,1.06985266699669,NA,NA,NA,NA,NA,NA,NA,2.98736402371541,5.18664064950977,1.89711998493588,0.832909122935104,19.66666667,4.666666667,5.42857142896939,0.0728151092335637,1.43203048183614,0.339803843114236,NA,NA,2.19927662579437,2.56680884861299,0.367532222818631,-0.863653329378738,-1.78692267796167,3.89961894097364,-2.53652263403463,0.065821594224593,0.0730817241384306,14.5343333333333,14.94,13.81,4.55142795951795,2.98618642961496,2.63182968777567,2.77321566192202,-9.94430954705638,2.11618875558625,1.54277988074679,1.32274223253719,82.9310446533333,86.153417085,428.6820068,108.72470728125,42,26,107
"2016-10-31",1,0.669865759270576,0.71898547806606,16.1349,7.4041875,33.88778304,0.861042257643677,NA,NA,NA,NA,NA,NA,NA,2.95491027903374,5.17558460116574,1.94591014905531,0.832909122935104,22.5,5,5.7,0.0718651702449236,1.61696633051078,0.359325851224618,NA,NA,2.220674322132,2.54262105013861,0.321946728006603,-0.8205465065777,-1.80005442809203,3.91202082867176,-2.56415679973752,0.0671848366638063,0.0713300175093225,15.2366666666667,15.31,15.13,4.49825932661271,2.99222546036597,2.78727221260958,2.76851741162818,-9.94430954705638,1.44967953944451,1.17264680588698,1.25975597050451,77.8504948283333,79.349406305,596.7180176,160.927333677083,43,27,108
